#
# A fatal error has been detected by the Java Runtime Environment:
#
#  EXCEPTION_ACCESS_VIOLATION (0xc0000005) at pc=0x00007ff89d9be0a9, pid=2220, tid=12148
#
# JRE version: OpenJDK Runtime Environment Microsoft-8035246 (17.0.8+7) (build 17.0.8+7-LTS)
# Java VM: OpenJDK 64-Bit Server VM Microsoft-8035246 (17.0.8+7-LTS, mixed mode, sharing, tiered, compressed oops, compressed class ptrs, g1 gc, windows-amd64)
# Problematic frame:
# V  [jvm.dll+0x2be0a9]
#
# No core dump will be written. Minidumps are not enabled by default on client versions of Windows
#
# If you would like to submit a bug report, please visit:
#   https://github.com/microsoft/openjdk/issues
#

---------------  S U M M A R Y ------------

Command Line: -XX:MaxMetaspaceSize=512m --add-opens=java.base/java.util=ALL-UNNAMED --add-opens=java.base/java.lang=ALL-UNNAMED --add-opens=java.base/java.lang.invoke=ALL-UNNAMED --add-opens=java.prefs/java.util.prefs=ALL-UNNAMED --add-opens=java.base/java.nio.charset=ALL-UNNAMED --add-opens=java.base/java.net=ALL-UNNAMED --add-opens=java.base/java.util.concurrent.atomic=ALL-UNNAMED -Xmx2048m -Dfile.encoding=windows-1252 -Duser.country=US -Duser.language=en -Duser.variant -javaagent:C:\Users\Danis\.gradle\wrapper\dists\gradle-8.6-all\3mbtmo166bl6vumsh5k2lkq5h\gradle-8.6\lib\agents\gradle-instrumentation-agent-8.6.jar org.gradle.launcher.daemon.bootstrap.GradleDaemon 8.6

Host: 11th Gen Intel(R) Core(TM) i5-1155G7 @ 2.50GHz, 8 cores, 11G,  Windows 11 , 64 bit Build 22621 (10.0.22621.3646)
Time: Thu Jul 11 10:35:50 2024 India Standard Time elapsed time: 76.029860 seconds (0d 0h 1m 16s)

---------------  T H R E A D  ---------------

Current thread (0x000001bff98ad640):  JavaThread "C2 CompilerThread1" daemon [_thread_in_native, id=12148, stack(0x0000003ac2700000,0x0000003ac2800000)]


Current CompileTask:
C2:  76029 17677   !   4       java.util.concurrent.FutureTask::run (123 bytes)

Stack: [0x0000003ac2700000,0x0000003ac2800000],  sp=0x0000003ac27fb3e0,  free space=1004k
Native frames: (J=compiled Java code, j=interpreted, Vv=VM code, C=native code)
V  [jvm.dll+0x2be0a9]
V  [jvm.dll+0x21ba8b]
V  [jvm.dll+0x21944b]
V  [jvm.dll+0x1a56b6]
V  [jvm.dll+0x2291ea]
V  [jvm.dll+0x22724c]
V  [jvm.dll+0x7efd0c]
V  [jvm.dll+0x7ea13a]
V  [jvm.dll+0x67ad85]
C  [ucrtbase.dll+0x29333]
C  [KERNEL32.DLL+0x1257d]
C  [ntdll.dll+0x5af28]


siginfo: EXCEPTION_ACCESS_VIOLATION (0xc0000005), reading address 0x0000000000000028


Register to memory mapping:

RIP=0x00007ff89d9be0a9 jvm.dll
RAX=0x000001bffac7d950 points into unknown readable memory: 0x0000000000000000 | 00 00 00 00 00 00 00 00
RBX=0x0000000000001acd is an unknown value
RCX=0x0 is NULL
RDX=0x0 is NULL
RSP=0x0000003ac27fb3e0 is pointing into the stack for thread: 0x000001bff98ad640
RBP=0x0000003ac27fb450 is pointing into the stack for thread: 0x000001bff98ad640
RSI=0x0 is NULL
RDI=0x0000000000000048 is an unknown value
R8 =0x000000000000ffe0 is an unknown value
R9 =0x0 is NULL
R10=0x00007ff90dd10000 VCRUNTIME140.dll
R11=0x000001bffac7d970 points into unknown readable memory: 0x0000000000000000 | 00 00 00 00 00 00 00 00
R12=0x0000000000000050 is an unknown value
R13=0x0 is NULL
R14=0x0 is NULL
R15=0x0000003ac27fe600 is pointing into the stack for thread: 0x000001bff98ad640


Registers:
RAX=0x000001bffac7d950, RBX=0x0000000000001acd, RCX=0x0000000000000000, RDX=0x0000000000000000
RSP=0x0000003ac27fb3e0, RBP=0x0000003ac27fb450, RSI=0x0000000000000000, RDI=0x0000000000000048
R8 =0x000000000000ffe0, R9 =0x0000000000000000, R10=0x00007ff90dd10000, R11=0x000001bffac7d970
R12=0x0000000000000050, R13=0x0000000000000000, R14=0x0000000000000000, R15=0x0000003ac27fe600
RIP=0x00007ff89d9be0a9, EFLAGS=0x0000000000010202

Top of Stack: (sp=0x0000003ac27fb3e0)
0x0000003ac27fb3e0:   0000000000001acd 0000000000000000
0x0000003ac27fb3f0:   0000003ac27fe600 00007ff89d9238d1
0x0000003ac27fb400:   000001bff5d2e260 00007ff800002000
0x0000003ac27fb410:   000001bffac7d950 000001bf00000000
0x0000003ac27fb420:   0000000000000002 000001bf9f8df320
0x0000003ac27fb430:   0000000000000002 000001bff5d2e260
0x0000003ac27fb440:   0000000000000000 0000000000000000
0x0000003ac27fb450:   000001bff8594860 000001bfd17ffed0
0x0000003ac27fb460:   0000000000000048 00007ff89e044c08
0x0000003ac27fb470:   0000003ac27fb580 00007ff89d91ba8b
0x0000003ac27fb480:   0000003ac27fe600 00007ff89e044c08
0x0000003ac27fb490:   0000003ac27fe600 0000003ac27fb580
0x0000003ac27fb4a0:   0000b51f00000000 00007ff89dc641b6
0x0000003ac27fb4b0:   0000003a0000000f 0000003ac27fe600
0x0000003ac27fb4c0:   0000003ac27fb630 000001bf00000000
0x0000003ac27fb4d0:   0000000000000100 00007ff89e044c08 

Instructions: (pc=0x00007ff89d9be0a9)
0x00007ff89d9bdfa9:   3b d0 75 0b ff c1 41 3b c9 7c dc 48 8b c2 c3 33
0x00007ff89d9bdfb9:   c0 c3 cc cc cc cc cc 48 89 5c 24 18 55 56 57 41
0x00007ff89d9bdfc9:   55 41 57 48 8b ec 48 83 ec 70 65 48 8b 04 25 58
0x00007ff89d9bdfd9:   00 00 00 48 8b f2 44 8b 05 d2 8b 90 00 4c 8b f9
0x00007ff89d9bdfe9:   4a 8b 1c c0 b8 50 00 00 00 80 3c 18 00 75 05 e8
0x00007ff89d9bdff9:   8b 6f 5d 00 b8 20 00 00 00 48 8b 04 18 48 8b 98
0x00007ff89d9be009:   38 02 00 00 48 89 5d b0 c7 45 b8 04 00 00 00 48
0x00007ff89d9be019:   8b 43 18 48 83 f8 df 76 18 4c 8d 05 37 a9 65 00
0x00007ff89d9be029:   ba 20 00 00 00 48 8b cb e8 5a eb de ff 48 8b 43
0x00007ff89d9be039:   18 48 8d 48 20 48 3b 4b 20 76 11 45 33 c0 48 8b
0x00007ff89d9be049:   cb 41 8d 50 20 e8 fd e8 de ff eb 04 48 89 4b 18
0x00007ff89d9be059:   44 8b 45 b8 33 d2 49 c1 e0 03 48 8b c8 48 89 45
0x00007ff89d9be069:   c0 e8 e3 80 5d 00 45 33 ed 48 8d 4d d0 44 89 6d
0x00007ff89d9be079:   c8 e8 01 59 56 00 41 8b 9f 40 02 00 00 41 2b 9f
0x00007ff89d9be089:   68 02 00 00 44 89 6d f0 3b 5d b8 72 0b 8b d3 48
0x00007ff89d9be099:   8d 4d b0 e8 6f b3 39 00 48 8b 45 c0 4c 89 2c d8
0x00007ff89d9be0a9:   8b 7e 28 8b df c1 eb 05 3b 5d d0 72 0b 8b d3 48
0x00007ff89d9be0b9:   8d 4d d0 e8 1f 59 56 00 48 8b 45 d8 83 e7 1f 48
0x00007ff89d9be0c9:   8d 14 98 40 0f b6 cf 41 b8 01 00 00 00 41 d3 e0
0x00007ff89d9be0d9:   8b 0a 8b c1 41 0b c0 89 02 41 85 c8 75 21 8b 5d
0x00007ff89d9be0e9:   c8 8d 43 01 89 45 c8 3b 5d b8 72 0b 8b d3 48 8d
0x00007ff89d9be0f9:   4d b0 e8 10 b3 39 00 48 8b 45 c0 48 89 34 d8 44
0x00007ff89d9be109:   39 6d c8 0f 86 77 01 00 00 4c 89 a4 24 a0 00 00
0x00007ff89d9be119:   00 4c 89 b4 24 a8 00 00 00 48 8b 45 c0 41 8b cd
0x00007ff89d9be129:   48 8b 34 c8 8b 46 2c 25 ff 1f 00 00 3d 04 10 00
0x00007ff89d9be139:   00 0f 85 a7 00 00 00 bb 01 00 00 00 39 5e 18 76
0x00007ff89d9be149:   39 66 0f 1f 44 00 00 48 8b 46 08 8b cb 48 8b 14
0x00007ff89d9be159:   c8 48 85 d2 74 1d 48 83 7a 10 00 74 16 80 7a 2c
0x00007ff89d9be169:   84 74 10 e8 7f 7e ee ff 48 8b d0 49 8b cf e8 a4
0x00007ff89d9be179:   61 f6 ff ff c3 3b 5e 18 72 cd 48 8b 5e 10 8b 46
0x00007ff89d9be189:   20 4c 8d 34 c3 49 3b de 73 54 48 8b 3b 8b 47 2c
0x00007ff89d9be199:   83 e0 03 3c 03 75 2e 48 8b 07 48 8b cf ff 90 88 


Stack slot to memory mapping:
stack at sp + 0 slots: 0x0000000000001acd is an unknown value
stack at sp + 1 slots: 0x0 is NULL
stack at sp + 2 slots: 0x0000003ac27fe600 is pointing into the stack for thread: 0x000001bff98ad640
stack at sp + 3 slots: 0x00007ff89d9238d1 jvm.dll
stack at sp + 4 slots: 0x000001bff5d2e260 points into unknown readable memory: 0x0000000000000006 | 06 00 00 00 00 00 00 00
stack at sp + 5 slots: 0x00007ff800002000 is an unknown value
stack at sp + 6 slots: 0x000001bffac7d950 points into unknown readable memory: 0x0000000000000000 | 00 00 00 00 00 00 00 00
stack at sp + 7 slots: 0x000001bf00000000 is an unknown value


---------------  P R O C E S S  ---------------

Threads class SMR info:
_java_thread_list=0x000001bfa1597870, length=147, elements={
0x000001bfd17e8e20, 0x000001bfefc42f00, 0x000001bfefc438d0, 0x000001bfefc58850,
0x000001bfefc5d140, 0x000001bfefc5fa20, 0x000001bfefc60a90, 0x000001bfefc61690,
0x000001bfefc663d0, 0x000001bfefc6d450, 0x000001bfefc6eda0, 0x000001bfefc6d960,
0x000001bfefc6de70, 0x000001bfefc6f7c0, 0x000001bfefc6e380, 0x000001bfefc6e890,
0x000001bfefc6f2b0, 0x000001bfefc6cf40, 0x000001bfefc6c010, 0x000001bfefc6c520,
0x000001bfefc6ca30, 0x000001bff62df8c0, 0x000001bff62de480, 0x000001bff62e2650,
0x000001bff62e2b60, 0x000001bff62dd550, 0x000001bff62ddf70, 0x000001bff62e02e0,
0x000001bff62e3580, 0x000001bff62e3a90, 0x000001bff62de990, 0x000001bff62dfdd0,
0x000001bff62e1210, 0x000001bff62e1720, 0x000001bff62df3b0, 0x000001bff62dda60,
0x000001bff62e1c30, 0x000001bff62e2140, 0x000001bff62e3070, 0x000001bff62e3fa0,
0x000001bff62dcb30, 0x000001bff6dcaa80, 0x000001bff6dcb4a0, 0x000001bff6dca060,
0x000001bff6dcc3d0, 0x000001bff6dca570, 0x000001bff6dcb9b0, 0x000001bff6dcbec0,
0x000001bff6dcc8e0, 0x000001bff6dc8200, 0x000001bff6dccdf0, 0x000001bff6dcd300,
0x000001bff6dc9640, 0x000001bff6dcd810, 0x000001bff6dc9130, 0x000001bff6dc68b0,
0x000001bff6dc6dc0, 0x000001bff6dc72d0, 0x000001bff6dc9b50, 0x000001bff6dc7cf0,
0x000001bff6dc77e0, 0x000001bff926ab90, 0x000001bff9267e00, 0x000001bff926bac0,
0x000001bff9265a90, 0x000001bff9268310, 0x000001bff9269c60, 0x000001bff926a170,
0x000001bff9268820, 0x000001bff9265070, 0x000001bff926b5b0, 0x000001bff926b0a0,
0x000001bff926c9f0, 0x000001bff9268d30, 0x000001bff926a680, 0x000001bff9269750,
0x000001bff9265fa0, 0x000001bff9269240, 0x000001bff926bfd0, 0x000001bff926c4e0,
0x000001bff92673e0, 0x000001bff9265580, 0x000001bff92664b0, 0x000001bff92669c0,
0x000001bff9266ed0, 0x000001bff92678f0, 0x000001bff55d80a0, 0x000001bff55d1650,
0x000001bff55d43e0, 0x000001bff55d48f0, 0x000001bff55d39c0, 0x000001bff55d7170,
0x000001bff55d7680, 0x000001bff55d5d30, 0x000001bff55d6240, 0x000001bff55d5310,
0x000001bff55d4e00, 0x000001bff55d8fd0, 0x000001bff55d1b60, 0x000001bff55d2fa0,
0x000001bff55d2070, 0x000001bf9f77c810, 0x000001bf9f77aec0, 0x000001bf9f7804d0,
0x000001bf9f77f090, 0x000001bf9f77c300, 0x000001bf9f77cd20, 0x000001bf9f779060,
0x000001bf9f77a9b0, 0x000001bf9f77d740, 0x000001bf9f7809e0, 0x000001bf9f77b3d0,
0x000001bf9f77e160, 0x000001bf9f77dc50, 0x000001bf9f779570, 0x000001bf9f77b8e0,
0x000001bf9f77a4a0, 0x000001bf9f779a80, 0x000001bf9f779f90, 0x000001bf9f77bdf0,
0x000001bf9f794ba0, 0x000001bf9f791e10, 0x000001bf9f796a00, 0x000001bf9f796f10,
0x000001bf9f78ffb0, 0x000001bf9f790ee0, 0x000001bf9f7913f0, 0x000001bf9f793250,
0x000001bf9f797420, 0x000001bf9f792d40, 0x000001bff98ad640, 0x000001bff98ad0f0,
0x000001bf9f792830, 0x000001bf9f7964f0, 0x000001bf9f7950b0, 0x000001bf9f793c70,
0x000001bf9f793760, 0x000001bf9f7955c0, 0x000001bf9f794180, 0x000001bf9f795ad0,
0x000001bff62dd040, 0x000001bff6dc5e90, 0x000001bfa320d7e0, 0x000001bfa320a030,
0x000001bfa3209610, 0x000001bfa32086e0, 0x000001bfa320dcf0
}

Java Threads: ( => current thread )
  0x000001bfd17e8e20 JavaThread "main" [_thread_blocked, id=24984, stack(0x0000003ac2a00000,0x0000003ac2b00000)]
  0x000001bfefc42f00 JavaThread "Reference Handler" daemon [_thread_blocked, id=1884, stack(0x0000003ac3100000,0x0000003ac3200000)]
  0x000001bfefc438d0 JavaThread "Finalizer" daemon [_thread_blocked, id=22632, stack(0x0000003ac3200000,0x0000003ac3300000)]
  0x000001bfefc58850 JavaThread "Signal Dispatcher" daemon [_thread_blocked, id=4188, stack(0x0000003ac3300000,0x0000003ac3400000)]
  0x000001bfefc5d140 JavaThread "Attach Listener" daemon [_thread_blocked, id=2276, stack(0x0000003ac3400000,0x0000003ac3500000)]
  0x000001bfefc5fa20 JavaThread "Service Thread" daemon [_thread_blocked, id=23728, stack(0x0000003ac3500000,0x0000003ac3600000)]
  0x000001bfefc60a90 JavaThread "Monitor Deflation Thread" daemon [_thread_blocked, id=23148, stack(0x0000003ac3600000,0x0000003ac3700000)]
  0x000001bfefc61690 JavaThread "C2 CompilerThread0" daemon [_thread_in_native, id=3180, stack(0x0000003ac3700000,0x0000003ac3800000)]
  0x000001bfefc663d0 JavaThread "C1 CompilerThread0" daemon [_thread_blocked, id=3240, stack(0x0000003ac3800000,0x0000003ac3900000)]
  0x000001bfefc6d450 JavaThread "Sweeper thread" daemon [_thread_blocked, id=16936, stack(0x0000003ac3900000,0x0000003ac3a00000)]
  0x000001bfefc6eda0 JavaThread "Common-Cleaner" daemon [_thread_blocked, id=19244, stack(0x0000003ac3a00000,0x0000003ac3b00000)]
  0x000001bfefc6d960 JavaThread "Notification Thread" daemon [_thread_blocked, id=21468, stack(0x0000003ac3c00000,0x0000003ac3d00000)]
  0x000001bfefc6de70 JavaThread "Daemon health stats" [_thread_blocked, id=22928, stack(0x0000003ac4200000,0x0000003ac4300000)]
  0x000001bfefc6f7c0 JavaThread "Incoming local TCP Connector on port 61940" [_thread_in_native, id=24096, stack(0x0000003ac3b00000,0x0000003ac3c00000)]
  0x000001bfefc6e380 JavaThread "Daemon periodic checks" [_thread_blocked, id=22820, stack(0x0000003ac4300000,0x0000003ac4400000)]
  0x000001bfefc6e890 JavaThread "Daemon" [_thread_blocked, id=7724, stack(0x0000003ac4500000,0x0000003ac4600000)]
  0x000001bfefc6f2b0 JavaThread "Handler for socket connection from /127.0.0.1:61940 to /127.0.0.1:61941" [_thread_in_native, id=17832, stack(0x0000003ac4600000,0x0000003ac4700000)]
  0x000001bfefc6cf40 JavaThread "Cancel handler" [_thread_blocked, id=26136, stack(0x0000003ac4700000,0x0000003ac4800000)]
  0x000001bfefc6c010 JavaThread "Daemon worker" [_thread_blocked, id=2752, stack(0x0000003ac4800000,0x0000003ac4900000)]
  0x000001bfefc6c520 JavaThread "Asynchronous log dispatcher for DefaultDaemonConnection: socket connection from /127.0.0.1:61940 to /127.0.0.1:61941" [_thread_blocked, id=12484, stack(0x0000003ac4900000,0x0000003ac4a00000)]
  0x000001bfefc6ca30 JavaThread "Stdin handler" [_thread_blocked, id=21576, stack(0x0000003ac4a00000,0x0000003ac4b00000)]
  0x000001bff62df8c0 JavaThread "Daemon client event forwarder" [_thread_blocked, id=21848, stack(0x0000003ac4b00000,0x0000003ac4c00000)]
  0x000001bff62de480 JavaThread "Cache worker for journal cache (C:\Users\Danis\.gradle\caches\journal-1)" [_thread_blocked, id=18380, stack(0x0000003ac4400000,0x0000003ac4500000)]
  0x000001bff62e2650 JavaThread "File lock request listener" [_thread_in_native, id=23632, stack(0x0000003ac4c00000,0x0000003ac4d00000)]
  0x000001bff62e2b60 JavaThread "Cache worker for file hash cache (C:\Users\Danis\.gradle\caches\8.6\fileHashes)" [_thread_blocked, id=26444, stack(0x0000003ac4e00000,0x0000003ac4f00000)]
  0x000001bff62dd550 JavaThread "File watcher server" daemon [_thread_in_native, id=25728, stack(0x0000003ac4f00000,0x0000003ac5000000)]
  0x000001bff62ddf70 JavaThread "File watcher consumer" daemon [_thread_blocked, id=21844, stack(0x0000003ac5000000,0x0000003ac5100000)]
  0x000001bff62e02e0 JavaThread "Cache worker for checksums cache (D:\Photon-Pos\#2 Retailer\omniretailer\android\.gradle\8.6\checksums)" [_thread_blocked, id=20388, stack(0x0000003ac5400000,0x0000003ac5500000)]
  0x000001bff62e3580 JavaThread "Cache worker for file hash cache (D:\Photon-Pos\#2 Retailer\omniretailer\android\.gradle\8.6\fileHashes)" [_thread_blocked, id=20408, stack(0x0000003ac5600000,0x0000003ac5700000)]
  0x000001bff62e3a90 JavaThread "Cache worker for cache directory md-supplier (C:\Users\Danis\.gradle\caches\8.6\md-supplier)" [_thread_blocked, id=2392, stack(0x0000003ac5700000,0x0000003ac5800000)]
  0x000001bff62de990 JavaThread "Cache worker for cache directory md-rule (C:\Users\Danis\.gradle\caches\8.6\md-rule)" [_thread_blocked, id=21940, stack(0x0000003ac5800000,0x0000003ac5900000)]
  0x000001bff62dfdd0 JavaThread "Cache worker for file content cache (C:\Users\Danis\.gradle\caches\8.6\fileContent)" [_thread_blocked, id=10604, stack(0x0000003ac4d00000,0x0000003ac4e00000)]
  0x000001bff62e1210 JavaThread "jar transforms" [_thread_blocked, id=12384, stack(0x0000003ac5b00000,0x0000003ac5c00000)]
  0x000001bff62e1720 JavaThread "jar transforms Thread 2" [_thread_blocked, id=22648, stack(0x0000003ac5c00000,0x0000003ac5d00000)]
  0x000001bff62df3b0 JavaThread "jar transforms Thread 3" [_thread_blocked, id=3432, stack(0x0000003ac5d00000,0x0000003ac5e00000)]
  0x000001bff62dda60 JavaThread "jar transforms Thread 4" [_thread_blocked, id=18160, stack(0x0000003ac5e00000,0x0000003ac5f00000)]
  0x000001bff62e1c30 JavaThread "Exec process" [_thread_blocked, id=19492, stack(0x0000003ac5f00000,0x0000003ac6000000)]
  0x000001bff62e2140 JavaThread "Exec process Thread 2" [_thread_blocked, id=22984, stack(0x0000003ac6000000,0x0000003ac6100000)]
  0x000001bff62e3070 JavaThread "Exec process Thread 3" [_thread_blocked, id=24408, stack(0x0000003ac6100000,0x0000003ac6200000)]
  0x000001bff62e3fa0 JavaThread "jar transforms Thread 5" [_thread_blocked, id=3236, stack(0x0000003ac6300000,0x0000003ac6400000)]
  0x000001bff62dcb30 JavaThread "jar transforms Thread 6" [_thread_blocked, id=3080, stack(0x0000003ac6400000,0x0000003ac6500000)]
  0x000001bff6dcaa80 JavaThread "Unconstrained build operations" [_thread_blocked, id=22880, stack(0x0000003ac6500000,0x0000003ac6600000)]
  0x000001bff6dcb4a0 JavaThread "Unconstrained build operations Thread 2" [_thread_blocked, id=14972, stack(0x0000003ac6600000,0x0000003ac6700000)]
  0x000001bff6dca060 JavaThread "jar transforms Thread 7" [_thread_blocked, id=12124, stack(0x0000003ac6700000,0x0000003ac6800000)]
  0x000001bff6dcc3d0 JavaThread "jar transforms Thread 8" [_thread_blocked, id=8944, stack(0x0000003ac6800000,0x0000003ac6900000)]
  0x000001bff6dca570 JavaThread "Cache worker for Build Output Cleanup Cache (D:\Photon-Pos\#2 Retailer\omniretailer\node_modules\@react-native\gradle-plugin\.gradle\buildOutputCleanup)" [_thread_blocked, id=11008, stack(0x0000003ac6900000,0x0000003ac6a00000)]
  0x000001bff6dcb9b0 JavaThread "Unconstrained build operations Thread 3" [_thread_blocked, id=7760, stack(0x0000003ac6a00000,0x0000003ac6b00000)]
  0x000001bff6dcbec0 JavaThread "Unconstrained build operations Thread 4" [_thread_blocked, id=12556, stack(0x0000003ac6b00000,0x0000003ac6c00000)]
  0x000001bff6dcc8e0 JavaThread "Unconstrained build operations Thread 5" [_thread_blocked, id=5152, stack(0x0000003ac6c00000,0x0000003ac6d00000)]
  0x000001bff6dc8200 JavaThread "Unconstrained build operations Thread 6" [_thread_blocked, id=20152, stack(0x0000003ac6d00000,0x0000003ac6e00000)]
  0x000001bff6dccdf0 JavaThread "Unconstrained build operations Thread 7" [_thread_blocked, id=9748, stack(0x0000003ac6e00000,0x0000003ac6f00000)]
  0x000001bff6dcd300 JavaThread "Unconstrained build operations Thread 8" [_thread_blocked, id=23024, stack(0x0000003ac6f00000,0x0000003ac7000000)]
  0x000001bff6dc9640 JavaThread "Unconstrained build operations Thread 9" [_thread_blocked, id=9652, stack(0x0000003ac7000000,0x0000003ac7100000)]
  0x000001bff6dcd810 JavaThread "build event listener" [_thread_blocked, id=24372, stack(0x0000003ac6200000,0x0000003ac6300000)]
  0x000001bff6dc9130 JavaThread "Memory manager" [_thread_blocked, id=24832, stack(0x0000003ac7100000,0x0000003ac7200000)]
  0x000001bff6dc68b0 JavaThread "Cache worker for Build Output Cleanup Cache (D:\Photon-Pos\#2 Retailer\omniretailer\android\.gradle\buildOutputCleanup)" [_thread_blocked, id=2264, stack(0x0000003ac7200000,0x0000003ac7300000)]
  0x000001bff6dc6dc0 JavaThread "ForkJoinPool.commonPool-worker-1" daemon [_thread_blocked, id=24032, stack(0x0000003ac7400000,0x0000003ac7500000)]
  0x000001bff6dc72d0 JavaThread "ForkJoinPool.commonPool-worker-2" daemon [_thread_blocked, id=23428, stack(0x0000003ac7500000,0x0000003ac7600000)]
  0x000001bff6dc9b50 JavaThread "ForkJoinPool.commonPool-worker-3" daemon [_thread_blocked, id=11156, stack(0x0000003ac7600000,0x0000003ac7700000)]
  0x000001bff6dc7cf0 JavaThread "ForkJoinPool.commonPool-worker-4" daemon [_thread_blocked, id=20952, stack(0x0000003ac7700000,0x0000003ac7800000)]
  0x000001bff6dc77e0 JavaThread "ForkJoinPool.commonPool-worker-5" daemon [_thread_blocked, id=23836, stack(0x0000003ac7800000,0x0000003ac7900000)]
  0x000001bff926ab90 JavaThread "ForkJoinPool.commonPool-worker-6" daemon [_thread_blocked, id=22896, stack(0x0000003ac7900000,0x0000003ac7a00000)]
  0x000001bff9267e00 JavaThread "ForkJoinPool.commonPool-worker-7" daemon [_thread_blocked, id=13900, stack(0x0000003ac7a00000,0x0000003ac7b00000)]
  0x000001bff926bac0 JavaThread "included builds" [_thread_blocked, id=13844, stack(0x0000003ac7300000,0x0000003ac7400000)]
  0x000001bff9265a90 JavaThread "Execution worker" [_thread_blocked, id=22988, stack(0x0000003ac7b00000,0x0000003ac7c00000)]
  0x000001bff9268310 JavaThread "Execution worker Thread 2" [_thread_blocked, id=21956, stack(0x0000003ac7c00000,0x0000003ac7d00000)]
  0x000001bff9269c60 JavaThread "Execution worker Thread 3" [_thread_blocked, id=20208, stack(0x0000003ac7d00000,0x0000003ac7e00000)]
  0x000001bff926a170 JavaThread "Execution worker Thread 4" [_thread_blocked, id=18316, stack(0x0000003ac7e00000,0x0000003ac7f00000)]
  0x000001bff9268820 JavaThread "Execution worker Thread 5" [_thread_blocked, id=22364, stack(0x0000003ac7f00000,0x0000003ac8000000)]
  0x000001bff9265070 JavaThread "Execution worker Thread 6" [_thread_blocked, id=13776, stack(0x0000003ac8000000,0x0000003ac8100000)]
  0x000001bff926b5b0 JavaThread "Execution worker Thread 7" [_thread_blocked, id=1828, stack(0x0000003ac8100000,0x0000003ac8200000)]
  0x000001bff926b0a0 JavaThread "Cache worker for execution history cache (D:\Photon-Pos\#2 Retailer\omniretailer\node_modules\@react-native\gradle-plugin\.gradle\8.6\executionHistory)" [_thread_blocked, id=12192, stack(0x0000003ac8200000,0x0000003ac8300000)]
  0x000001bff926c9f0 JavaThread "Unconstrained build operations Thread 10" [_thread_blocked, id=10136, stack(0x0000003ac8300000,0x0000003ac8400000)]
  0x000001bff9268d30 JavaThread "Unconstrained build operations Thread 11" [_thread_blocked, id=22020, stack(0x0000003ac8400000,0x0000003ac8500000)]
  0x000001bff926a680 JavaThread "Unconstrained build operations Thread 12" [_thread_blocked, id=1624, stack(0x0000003ac8500000,0x0000003ac8600000)]
  0x000001bff9269750 JavaThread "Unconstrained build operations Thread 13" [_thread_blocked, id=21780, stack(0x0000003ac8600000,0x0000003ac8700000)]
  0x000001bff9265fa0 JavaThread "Unconstrained build operations Thread 14" [_thread_blocked, id=3972, stack(0x0000003ac8700000,0x0000003ac8800000)]
  0x000001bff9269240 JavaThread "Unconstrained build operations Thread 15" [_thread_blocked, id=8176, stack(0x0000003ac8800000,0x0000003ac8900000)]
  0x000001bff926bfd0 JavaThread "Unconstrained build operations Thread 16" [_thread_blocked, id=24608, stack(0x0000003ac8900000,0x0000003ac8a00000)]
  0x000001bff926c4e0 JavaThread "Unconstrained build operations Thread 17" [_thread_blocked, id=22584, stack(0x0000003ac8a00000,0x0000003ac8b00000)]
  0x000001bff92673e0 JavaThread "Unconstrained build operations Thread 18" [_thread_blocked, id=19908, stack(0x0000003ac8b00000,0x0000003ac8c00000)]
  0x000001bff9265580 JavaThread "Unconstrained build operations Thread 19" [_thread_blocked, id=24604, stack(0x0000003ac8c00000,0x0000003ac8d00000)]
  0x000001bff92664b0 JavaThread "Unconstrained build operations Thread 20" [_thread_blocked, id=10400, stack(0x0000003ac8d00000,0x0000003ac8e00000)]
  0x000001bff92669c0 JavaThread "Unconstrained build operations Thread 21" [_thread_blocked, id=24676, stack(0x0000003ac8e00000,0x0000003ac8f00000)]
  0x000001bff9266ed0 JavaThread "Unconstrained build operations Thread 22" [_thread_blocked, id=17372, stack(0x0000003ac8f00000,0x0000003ac9000000)]
  0x000001bff92678f0 JavaThread "Unconstrained build operations Thread 23" [_thread_blocked, id=23216, stack(0x0000003ac9000000,0x0000003ac9100000)]
  0x000001bff55d80a0 JavaThread "Unconstrained build operations Thread 24" [_thread_blocked, id=25460, stack(0x0000003ac9100000,0x0000003ac9200000)]
  0x000001bff55d1650 JavaThread "Unconstrained build operations Thread 25" [_thread_blocked, id=5336, stack(0x0000003ac9200000,0x0000003ac9300000)]
  0x000001bff55d43e0 JavaThread "Unconstrained build operations Thread 26" [_thread_blocked, id=21448, stack(0x0000003ac9300000,0x0000003ac9400000)]
  0x000001bff55d48f0 JavaThread "Unconstrained build operations Thread 27" [_thread_blocked, id=25344, stack(0x0000003ac9400000,0x0000003ac9500000)]
  0x000001bff55d39c0 JavaThread "Unconstrained build operations Thread 28" [_thread_blocked, id=22064, stack(0x0000003ac9500000,0x0000003ac9600000)]
  0x000001bff55d7170 JavaThread "Unconstrained build operations Thread 29" [_thread_blocked, id=2004, stack(0x0000003ac9600000,0x0000003ac9700000)]
  0x000001bff55d7680 JavaThread "Unconstrained build operations Thread 30" [_thread_blocked, id=20960, stack(0x0000003ac9700000,0x0000003ac9800000)]
  0x000001bff55d5d30 JavaThread "Unconstrained build operations Thread 31" [_thread_blocked, id=26384, stack(0x0000003ac9800000,0x0000003ac9900000)]
  0x000001bff55d6240 JavaThread "Unconstrained build operations Thread 32" [_thread_blocked, id=22600, stack(0x0000003ac9900000,0x0000003ac9a00000)]
  0x000001bff55d5310 JavaThread "build event listener" [_thread_blocked, id=11920, stack(0x0000003ac9b00000,0x0000003ac9c00000)]
  0x000001bff55d4e00 JavaThread "Unconstrained build operations Thread 33" [_thread_blocked, id=4992, stack(0x0000003ac9c00000,0x0000003ac9d00000)]
  0x000001bff55d8fd0 JavaThread "Unconstrained build operations Thread 34" [_thread_blocked, id=13300, stack(0x0000003ac9d00000,0x0000003ac9e00000)]
  0x000001bff55d1b60 JavaThread "Unconstrained build operations Thread 35" [_thread_blocked, id=9348, stack(0x0000003ac9e00000,0x0000003ac9f00000)]
  0x000001bff55d2fa0 JavaThread "Unconstrained build operations Thread 36" [_thread_blocked, id=3980, stack(0x0000003ac9f00000,0x0000003aca000000)]
  0x000001bff55d2070 JavaThread "Unconstrained build operations Thread 37" [_thread_blocked, id=16636, stack(0x0000003aca000000,0x0000003aca100000)]
  0x000001bf9f77c810 JavaThread "Unconstrained build operations Thread 38" [_thread_blocked, id=25124, stack(0x0000003aca400000,0x0000003aca500000)]
  0x000001bf9f77aec0 JavaThread "Unconstrained build operations Thread 39" [_thread_in_native, id=9944, stack(0x0000003aca500000,0x0000003aca600000)]
  0x000001bf9f7804d0 JavaThread "Unconstrained build operations Thread 40" [_thread_blocked, id=9388, stack(0x0000003aca600000,0x0000003aca700000)]
  0x000001bf9f77f090 JavaThread "Unconstrained build operations Thread 41" [_thread_blocked, id=25984, stack(0x0000003aca700000,0x0000003aca800000)]
  0x000001bf9f77c300 JavaThread "Unconstrained build operations Thread 42" [_thread_blocked, id=10988, stack(0x0000003aca800000,0x0000003aca900000)]
  0x000001bf9f77cd20 JavaThread "Unconstrained build operations Thread 43" [_thread_blocked, id=10800, stack(0x0000003aca900000,0x0000003acaa00000)]
  0x000001bf9f779060 JavaThread "Unconstrained build operations Thread 44" [_thread_blocked, id=120, stack(0x0000003acaa00000,0x0000003acab00000)]
  0x000001bf9f77a9b0 JavaThread "Unconstrained build operations Thread 45" [_thread_blocked, id=15192, stack(0x0000003acab00000,0x0000003acac00000)]
  0x000001bf9f77d740 JavaThread "Unconstrained build operations Thread 46" [_thread_blocked, id=5532, stack(0x0000003acac00000,0x0000003acad00000)]
  0x000001bf9f7809e0 JavaThread "Unconstrained build operations Thread 47" [_thread_blocked, id=10716, stack(0x0000003acad00000,0x0000003acae00000)]
  0x000001bf9f77b3d0 JavaThread "Unconstrained build operations Thread 48" [_thread_blocked, id=23740, stack(0x0000003acae00000,0x0000003acaf00000)]
  0x000001bf9f77e160 JavaThread "Unconstrained build operations Thread 49" [_thread_blocked, id=9640, stack(0x0000003acaf00000,0x0000003acb000000)]
  0x000001bf9f77dc50 JavaThread "Unconstrained build operations Thread 50" [_thread_blocked, id=24848, stack(0x0000003acb000000,0x0000003acb100000)]
  0x000001bf9f779570 JavaThread "Unconstrained build operations Thread 51" [_thread_blocked, id=10292, stack(0x0000003acb100000,0x0000003acb200000)]
  0x000001bf9f77b8e0 JavaThread "Unconstrained build operations Thread 52" [_thread_blocked, id=5836, stack(0x0000003acb200000,0x0000003acb300000)]
  0x000001bf9f77a4a0 JavaThread "Unconstrained build operations Thread 53" [_thread_blocked, id=26368, stack(0x0000003acb300000,0x0000003acb400000)]
  0x000001bf9f779a80 JavaThread "Unconstrained build operations Thread 54" [_thread_blocked, id=21308, stack(0x0000003acb400000,0x0000003acb500000)]
  0x000001bf9f779f90 JavaThread "Unconstrained build operations Thread 55" [_thread_blocked, id=11440, stack(0x0000003acb500000,0x0000003acb600000)]
  0x000001bf9f77bdf0 JavaThread "Unconstrained build operations Thread 56" [_thread_blocked, id=8908, stack(0x0000003acb600000,0x0000003acb700000)]
  0x000001bf9f794ba0 JavaThread "Unconstrained build operations Thread 57" [_thread_blocked, id=18756, stack(0x0000003acb700000,0x0000003acb800000)]
  0x000001bf9f791e10 JavaThread "Unconstrained build operations Thread 58" [_thread_blocked, id=14956, stack(0x0000003acb800000,0x0000003acb900000)]
  0x000001bf9f796a00 JavaThread "Unconstrained build operations Thread 59" [_thread_blocked, id=14644, stack(0x0000003acb900000,0x0000003acba00000)]
  0x000001bf9f796f10 JavaThread "Unconstrained build operations Thread 60" [_thread_blocked, id=14608, stack(0x0000003acba00000,0x0000003acbb00000)]
  0x000001bf9f78ffb0 JavaThread "Unconstrained build operations Thread 61" [_thread_blocked, id=24880, stack(0x0000003acbb00000,0x0000003acbc00000)]
  0x000001bf9f790ee0 JavaThread "Unconstrained build operations Thread 62" [_thread_blocked, id=23948, stack(0x0000003acbc00000,0x0000003acbd00000)]
  0x000001bf9f7913f0 JavaThread "Unconstrained build operations Thread 63" [_thread_blocked, id=23832, stack(0x0000003acbd00000,0x0000003acbe00000)]
  0x000001bf9f793250 JavaThread "Unconstrained build operations Thread 64" [_thread_blocked, id=23916, stack(0x0000003acbe00000,0x0000003acbf00000)]
  0x000001bf9f797420 JavaThread "Unconstrained build operations Thread 65" [_thread_blocked, id=19652, stack(0x0000003acbf00000,0x0000003acc000000)]
  0x000001bf9f792d40 JavaThread "Unconstrained build operations Thread 66" [_thread_blocked, id=19532, stack(0x0000003acc000000,0x0000003acc100000)]
=>0x000001bff98ad640 JavaThread "C2 CompilerThread1" daemon [_thread_in_native, id=12148, stack(0x0000003ac2700000,0x0000003ac2800000)]
  0x000001bff98ad0f0 JavaThread "C2 CompilerThread2" daemon [_thread_in_native, id=1836, stack(0x0000003ac2900000,0x0000003ac2a00000)]
  0x000001bf9f792830 JavaThread "Unconstrained build operations Thread 67" [_thread_blocked, id=14216, stack(0x0000003acc100000,0x0000003acc200000)]
  0x000001bf9f7964f0 JavaThread "Unconstrained build operations Thread 68" [_thread_blocked, id=24068, stack(0x0000003acc200000,0x0000003acc300000)]
  0x000001bf9f7950b0 JavaThread "Unconstrained build operations Thread 69" [_thread_blocked, id=15388, stack(0x0000003acc300000,0x0000003acc400000)]
  0x000001bf9f793c70 JavaThread "Unconstrained build operations Thread 70" [_thread_blocked, id=19560, stack(0x0000003acc400000,0x0000003acc500000)]
  0x000001bf9f793760 JavaThread "Unconstrained build operations Thread 71" [_thread_blocked, id=15748, stack(0x0000003acc500000,0x0000003acc600000)]
  0x000001bf9f7955c0 JavaThread "Unconstrained build operations Thread 72" [_thread_blocked, id=20976, stack(0x0000003acc600000,0x0000003acc700000)]
  0x000001bf9f794180 JavaThread "Unconstrained build operations Thread 73" [_thread_blocked, id=3968, stack(0x0000003acc700000,0x0000003acc800000)]
  0x000001bf9f795ad0 JavaThread "Unconstrained build operations Thread 74" [_thread_blocked, id=1348, stack(0x0000003acc800000,0x0000003acc900000)]
  0x000001bff62dd040 JavaThread "Unconstrained build operations Thread 75" [_thread_blocked, id=7616, stack(0x0000003acc900000,0x0000003acca00000)]
  0x000001bff6dc5e90 JavaThread "Unconstrained build operations Thread 76" [_thread_blocked, id=17976, stack(0x0000003acca00000,0x0000003accb00000)]
  0x000001bfa320d7e0 JavaThread "Unconstrained build operations Thread 77" [_thread_blocked, id=24584, stack(0x0000003accb00000,0x0000003accc00000)]
  0x000001bfa320a030 JavaThread "Unconstrained build operations Thread 78" [_thread_blocked, id=1856, stack(0x0000003accc00000,0x0000003accd00000)]
  0x000001bfa3209610 JavaThread "Unconstrained build operations Thread 79" [_thread_blocked, id=18480, stack(0x0000003accd00000,0x0000003acce00000)]
  0x000001bfa32086e0 JavaThread "Unconstrained build operations Thread 80" [_thread_blocked, id=3844, stack(0x0000003acce00000,0x0000003accf00000)]
  0x000001bfa320dcf0 JavaThread "Cache worker for execution history cache (D:\Photon-Pos\#2 Retailer\omniretailer\android\.gradle\8.6\executionHistory)" [_thread_blocked, id=24344, stack(0x0000003accf00000,0x0000003acd000000)]

Other Threads:
  0x000001bfefc3be00 VMThread "VM Thread" [stack: 0x0000003ac3000000,0x0000003ac3100000] [id=23604]
  0x000001bfd1857330 WatcherThread [stack: 0x0000003ac3d00000,0x0000003ac3e00000] [id=23780]
  0x000001bfcf67e870 GCTaskThread "GC Thread#0" [stack: 0x0000003ac2b00000,0x0000003ac2c00000] [id=11368]
  0x000001bff546e1d0 GCTaskThread "GC Thread#1" [stack: 0x0000003ac3f00000,0x0000003ac4000000] [id=18712]
  0x000001bff4821fd0 GCTaskThread "GC Thread#2" [stack: 0x0000003ac4000000,0x0000003ac4100000] [id=2308]
  0x000001bff573ac70 GCTaskThread "GC Thread#3" [stack: 0x0000003ac4100000,0x0000003ac4200000] [id=5316]
  0x000001bff4b87e10 GCTaskThread "GC Thread#4" [stack: 0x0000003ac3e00000,0x0000003ac3f00000] [id=8224]
  0x000001bff5734800 GCTaskThread "GC Thread#5" [stack: 0x0000003ac5100000,0x0000003ac5200000] [id=10872]
  0x000001bff5733d00 GCTaskThread "GC Thread#6" [stack: 0x0000003ac5200000,0x0000003ac5300000] [id=14428]
  0x000001bff5734280 GCTaskThread "GC Thread#7" [stack: 0x0000003ac5300000,0x0000003ac5400000] [id=23800]
  0x000001bfd184ed10 ConcurrentGCThread "G1 Main Marker" [stack: 0x0000003ac2c00000,0x0000003ac2d00000] [id=25236]
  0x000001bfd184f630 ConcurrentGCThread "G1 Conc#0" [stack: 0x0000003ac2d00000,0x0000003ac2e00000] [id=14436]
  0x000001bff5734d80 ConcurrentGCThread "G1 Conc#1" [stack: 0x0000003ac5500000,0x0000003ac5600000] [id=14588]
  0x000001bfd188df00 ConcurrentGCThread "G1 Refine#0" [stack: 0x0000003ac2e00000,0x0000003ac2f00000] [id=21284]
  0x000001bff99dc530 ConcurrentGCThread "G1 Refine#1" [stack: 0x0000003ac2800000,0x0000003ac2900000] [id=12456]
  0x000001bff99dbc60 ConcurrentGCThread "G1 Refine#2" [stack: 0x0000003ac9a00000,0x0000003ac9b00000] [id=4640]
  0x000001bff99dcb10 ConcurrentGCThread "G1 Refine#3" [stack: 0x0000003aca100000,0x0000003aca200000] [id=25948]
  0x000001bff99dd3e0 ConcurrentGCThread "G1 Refine#4" [stack: 0x0000003aca200000,0x0000003aca300000] [id=9136]
  0x000001bff99ddfa0 ConcurrentGCThread "G1 Refine#5" [stack: 0x0000003aca300000,0x0000003aca400000] [id=9176]
  0x000001bfd188e840 ConcurrentGCThread "G1 Service" [stack: 0x0000003ac2f00000,0x0000003ac3000000] [id=2836]

Threads with active compile tasks:
C2 CompilerThread0    76127 17687   !   4       org.gradle.cache.internal.btree.BTreePersistentIndexedCache::get (57 bytes)
C2 CompilerThread1    76127 17677   !   4       java.util.concurrent.FutureTask::run (123 bytes)
C2 CompilerThread2    76127 17674   !   4       org.gradle.cache.internal.DefaultMultiProcessSafeIndexedCache::getIfPresent (25 bytes)

VM state: not at safepoint (normal execution)

VM Mutex/Monitor currently owned by a thread: None

Heap address: 0x0000000080000000, size: 2048 MB, Compressed Oops mode: 32-bit

CDS archive(s) mapped at: [0x000001bf80000000-0x000001bf80bd0000-0x000001bf80bd0000), size 12386304, SharedBaseAddress: 0x000001bf80000000, ArchiveRelocationMode: 1.
Compressed class space mapped at: 0x000001bf81000000-0x000001bf9b000000, reserved size: 436207616
Narrow klass base: 0x000001bf80000000, Narrow klass shift: 0, Narrow klass range: 0x100000000

GC Precious Log:
 CPUs: 8 total, 8 available
 Memory: 12037M
 Large Page Support: Disabled
 NUMA Support: Disabled
 Compressed Oops: Enabled (32-bit)
 Heap Region Size: 1M
 Heap Min Capacity: 8M
 Heap Initial Capacity: 190M
 Heap Max Capacity: 2G
 Pre-touch: Disabled
 Parallel Workers: 8
 Concurrent Workers: 2
 Concurrent Refinement Workers: 8
 Periodic GC: Disabled

Heap:
 garbage-first heap   total 393216K, used 261982K [0x0000000080000000, 0x0000000100000000)
  region size 1024K, 33 young (33792K), 7 survivors (7168K)
 Metaspace       used 109106K, committed 110848K, reserved 557056K
  class space    used 15263K, committed 16064K, reserved 425984K

Heap Regions: E=young(eden), S=young(survivor), O=old, HS=humongous(starts), HC=humongous(continues), CS=collection set, F=free, OA=open archive, CA=closed archive, TAMS=top-at-mark-start (previous, next)
|   0|0x0000000080000000, 0x0000000080100000, 0x0000000080100000|100%|HS|  |TAMS 0x0000000080100000, 0x0000000080000000| Complete 
|   1|0x0000000080100000, 0x0000000080200000, 0x0000000080200000|100%|HC|  |TAMS 0x0000000080200000, 0x0000000080100000| Complete 
|   2|0x0000000080200000, 0x0000000080300000, 0x0000000080300000|100%|HC|  |TAMS 0x0000000080300000, 0x0000000080200000| Complete 
|   3|0x0000000080300000, 0x0000000080400000, 0x0000000080400000|100%|HC|  |TAMS 0x0000000080400000, 0x0000000080300000| Complete 
|   4|0x0000000080400000, 0x0000000080500000, 0x0000000080500000|100%| O|  |TAMS 0x0000000080500000, 0x0000000080400000| Untracked 
|   5|0x0000000080500000, 0x0000000080600000, 0x0000000080600000|100%| O|  |TAMS 0x0000000080600000, 0x0000000080500000| Untracked 
|   6|0x0000000080600000, 0x0000000080700000, 0x0000000080700000|100%| O|  |TAMS 0x0000000080700000, 0x0000000080600000| Untracked 
|   7|0x0000000080700000, 0x0000000080800000, 0x0000000080800000|100%| O|  |TAMS 0x0000000080800000, 0x0000000080700000| Untracked 
|   8|0x0000000080800000, 0x0000000080900000, 0x0000000080900000|100%| O|  |TAMS 0x0000000080900000, 0x0000000080800000| Untracked 
|   9|0x0000000080900000, 0x0000000080a00000, 0x0000000080a00000|100%| O|  |TAMS 0x0000000080a00000, 0x0000000080900000| Untracked 
|  10|0x0000000080a00000, 0x0000000080b00000, 0x0000000080b00000|100%| O|  |TAMS 0x0000000080b00000, 0x0000000080a00000| Untracked 
|  11|0x0000000080b00000, 0x0000000080c00000, 0x0000000080c00000|100%| O|  |TAMS 0x0000000080c00000, 0x0000000080b00000| Untracked 
|  12|0x0000000080c00000, 0x0000000080d00000, 0x0000000080d00000|100%| O|  |TAMS 0x0000000080d00000, 0x0000000080c00000| Untracked 
|  13|0x0000000080d00000, 0x0000000080e00000, 0x0000000080e00000|100%| O|  |TAMS 0x0000000080e00000, 0x0000000080d00000| Untracked 
|  14|0x0000000080e00000, 0x0000000080f00000, 0x0000000080f00000|100%| O|  |TAMS 0x0000000080f00000, 0x0000000080e00000| Untracked 
|  15|0x0000000080f00000, 0x0000000081000000, 0x0000000081000000|100%| O|  |TAMS 0x0000000081000000, 0x0000000080f00000| Untracked 
|  16|0x0000000081000000, 0x0000000081100000, 0x0000000081100000|100%| O|  |TAMS 0x0000000081100000, 0x0000000081000000| Untracked 
|  17|0x0000000081100000, 0x0000000081200000, 0x0000000081200000|100%| O|  |TAMS 0x0000000081200000, 0x0000000081100000| Untracked 
|  18|0x0000000081200000, 0x0000000081300000, 0x0000000081300000|100%| O|  |TAMS 0x0000000081300000, 0x0000000081200000| Untracked 
|  19|0x0000000081300000, 0x0000000081400000, 0x0000000081400000|100%| O|  |TAMS 0x0000000081400000, 0x0000000081300000| Untracked 
|  20|0x0000000081400000, 0x0000000081500000, 0x0000000081500000|100%| O|  |TAMS 0x0000000081500000, 0x0000000081400000| Untracked 
|  21|0x0000000081500000, 0x0000000081600000, 0x0000000081600000|100%| O|  |TAMS 0x0000000081600000, 0x0000000081500000| Untracked 
|  22|0x0000000081600000, 0x0000000081700000, 0x0000000081700000|100%| O|  |TAMS 0x0000000081700000, 0x0000000081600000| Untracked 
|  23|0x0000000081700000, 0x0000000081800000, 0x0000000081800000|100%| O|  |TAMS 0x0000000081800000, 0x0000000081700000| Untracked 
|  24|0x0000000081800000, 0x0000000081900000, 0x0000000081900000|100%| O|  |TAMS 0x0000000081900000, 0x0000000081800000| Untracked 
|  25|0x0000000081900000, 0x0000000081a00000, 0x0000000081a00000|100%| O|  |TAMS 0x0000000081a00000, 0x0000000081900000| Untracked 
|  26|0x0000000081a00000, 0x0000000081b00000, 0x0000000081b00000|100%| O|  |TAMS 0x0000000081b00000, 0x0000000081a00000| Untracked 
|  27|0x0000000081b00000, 0x0000000081c00000, 0x0000000081c00000|100%| O|  |TAMS 0x0000000081c00000, 0x0000000081b00000| Untracked 
|  28|0x0000000081c00000, 0x0000000081d00000, 0x0000000081d00000|100%| O|  |TAMS 0x0000000081d00000, 0x0000000081c00000| Untracked 
|  29|0x0000000081d00000, 0x0000000081e00000, 0x0000000081e00000|100%| O|  |TAMS 0x0000000081e00000, 0x0000000081d00000| Untracked 
|  30|0x0000000081e00000, 0x0000000081f00000, 0x0000000081f00000|100%| O|  |TAMS 0x0000000081f00000, 0x0000000081e00000| Untracked 
|  31|0x0000000081f00000, 0x0000000082000000, 0x0000000082000000|100%| O|  |TAMS 0x0000000082000000, 0x0000000081f00000| Untracked 
|  32|0x0000000082000000, 0x0000000082100000, 0x0000000082100000|100%| O|  |TAMS 0x0000000082100000, 0x0000000082000000| Untracked 
|  33|0x0000000082100000, 0x0000000082200000, 0x0000000082200000|100%| O|  |TAMS 0x0000000082200000, 0x0000000082100000| Untracked 
|  34|0x0000000082200000, 0x0000000082300000, 0x0000000082300000|100%| O|  |TAMS 0x0000000082300000, 0x0000000082200000| Untracked 
|  35|0x0000000082300000, 0x0000000082400000, 0x0000000082400000|100%| O|  |TAMS 0x0000000082400000, 0x0000000082300000| Untracked 
|  36|0x0000000082400000, 0x0000000082500000, 0x0000000082500000|100%| O|  |TAMS 0x0000000082500000, 0x0000000082400000| Untracked 
|  37|0x0000000082500000, 0x0000000082600000, 0x0000000082600000|100%| O|  |TAMS 0x0000000082600000, 0x0000000082500000| Untracked 
|  38|0x0000000082600000, 0x0000000082700000, 0x0000000082700000|100%| O|  |TAMS 0x0000000082700000, 0x0000000082600000| Untracked 
|  39|0x0000000082700000, 0x0000000082800000, 0x0000000082800000|100%| O|  |TAMS 0x0000000082800000, 0x0000000082700000| Untracked 
|  40|0x0000000082800000, 0x0000000082900000, 0x0000000082900000|100%| O|  |TAMS 0x0000000082900000, 0x0000000082800000| Untracked 
|  41|0x0000000082900000, 0x0000000082a00000, 0x0000000082a00000|100%| O|  |TAMS 0x0000000082900000, 0x0000000082900000| Untracked 
|  42|0x0000000082a00000, 0x0000000082b00000, 0x0000000082b00000|100%| O|  |TAMS 0x0000000082b00000, 0x0000000082a00000| Untracked 
|  43|0x0000000082b00000, 0x0000000082c00000, 0x0000000082c00000|100%|HS|  |TAMS 0x0000000082c00000, 0x0000000082b00000| Complete 
|  44|0x0000000082c00000, 0x0000000082d00000, 0x0000000082d00000|100%|HC|  |TAMS 0x0000000082d00000, 0x0000000082c00000| Complete 
|  45|0x0000000082d00000, 0x0000000082e00000, 0x0000000082e00000|100%|HS|  |TAMS 0x0000000082e00000, 0x0000000082d00000| Complete 
|  46|0x0000000082e00000, 0x0000000082f00000, 0x0000000082f00000|100%|HC|  |TAMS 0x0000000082f00000, 0x0000000082e00000| Complete 
|  47|0x0000000082f00000, 0x0000000083000000, 0x0000000083000000|100%| O|  |TAMS 0x0000000083000000, 0x0000000082f00000| Untracked 
|  48|0x0000000083000000, 0x0000000083100000, 0x0000000083100000|100%| O|  |TAMS 0x0000000083100000, 0x0000000083000000| Untracked 
|  49|0x0000000083100000, 0x0000000083200000, 0x0000000083200000|100%| O|  |TAMS 0x0000000083200000, 0x0000000083100000| Untracked 
|  50|0x0000000083200000, 0x0000000083300000, 0x0000000083300000|100%| O|  |TAMS 0x0000000083300000, 0x0000000083200000| Untracked 
|  51|0x0000000083300000, 0x0000000083400000, 0x0000000083400000|100%|HS|  |TAMS 0x0000000083400000, 0x0000000083300000| Complete 
|  52|0x0000000083400000, 0x0000000083500000, 0x0000000083500000|100%|HC|  |TAMS 0x0000000083500000, 0x0000000083400000| Complete 
|  53|0x0000000083500000, 0x0000000083600000, 0x0000000083600000|100%|HC|  |TAMS 0x0000000083600000, 0x0000000083500000| Complete 
|  54|0x0000000083600000, 0x0000000083700000, 0x0000000083700000|100%|HC|  |TAMS 0x0000000083700000, 0x0000000083600000| Complete 
|  55|0x0000000083700000, 0x0000000083800000, 0x0000000083800000|100%|HS|  |TAMS 0x0000000083800000, 0x0000000083700000| Complete 
|  56|0x0000000083800000, 0x0000000083900000, 0x0000000083900000|100%|HC|  |TAMS 0x0000000083900000, 0x0000000083800000| Complete 
|  57|0x0000000083900000, 0x0000000083a00000, 0x0000000083a00000|100%|HC|  |TAMS 0x0000000083a00000, 0x0000000083900000| Complete 
|  58|0x0000000083a00000, 0x0000000083b00000, 0x0000000083b00000|100%|HC|  |TAMS 0x0000000083b00000, 0x0000000083a00000| Complete 
|  59|0x0000000083b00000, 0x0000000083c00000, 0x0000000083c00000|100%| O|  |TAMS 0x0000000083c00000, 0x0000000083b00000| Untracked 
|  60|0x0000000083c00000, 0x0000000083d00000, 0x0000000083d00000|100%| O|  |TAMS 0x0000000083d00000, 0x0000000083c00000| Untracked 
|  61|0x0000000083d00000, 0x0000000083e00000, 0x0000000083e00000|100%| O|  |TAMS 0x0000000083e00000, 0x0000000083d00000| Untracked 
|  62|0x0000000083e00000, 0x0000000083f00000, 0x0000000083f00000|100%| O|  |TAMS 0x0000000083f00000, 0x0000000083e00000| Untracked 
|  63|0x0000000083f00000, 0x0000000084000000, 0x0000000084000000|100%| O|  |TAMS 0x0000000084000000, 0x0000000083f00000| Untracked 
|  64|0x0000000084000000, 0x0000000084100000, 0x0000000084100000|100%| O|  |TAMS 0x0000000084100000, 0x0000000084000000| Untracked 
|  65|0x0000000084100000, 0x0000000084200000, 0x0000000084200000|100%| O|  |TAMS 0x0000000084100000, 0x0000000084100000| Untracked 
|  66|0x0000000084200000, 0x0000000084300000, 0x0000000084300000|100%| O|  |TAMS 0x0000000084200000, 0x0000000084200000| Untracked 
|  67|0x0000000084300000, 0x0000000084400000, 0x0000000084400000|100%| O|  |TAMS 0x0000000084400000, 0x0000000084300000| Untracked 
|  68|0x0000000084400000, 0x0000000084500000, 0x0000000084500000|100%| O|  |TAMS 0x0000000084500000, 0x0000000084400000| Untracked 
|  69|0x0000000084500000, 0x0000000084600000, 0x0000000084600000|100%| O|  |TAMS 0x0000000084600000, 0x0000000084500000| Untracked 
|  70|0x0000000084600000, 0x0000000084700000, 0x0000000084700000|100%| O|  |TAMS 0x0000000084700000, 0x0000000084600000| Untracked 
|  71|0x0000000084700000, 0x0000000084800000, 0x0000000084800000|100%| O|  |TAMS 0x0000000084800000, 0x0000000084700000| Untracked 
|  72|0x0000000084800000, 0x0000000084900000, 0x0000000084900000|100%| O|  |TAMS 0x0000000084900000, 0x0000000084800000| Untracked 
|  73|0x0000000084900000, 0x0000000084a00000, 0x0000000084a00000|100%| O|  |TAMS 0x0000000084a00000, 0x0000000084900000| Untracked 
|  74|0x0000000084a00000, 0x0000000084b00000, 0x0000000084b00000|100%| O|  |TAMS 0x0000000084b00000, 0x0000000084a00000| Untracked 
|  75|0x0000000084b00000, 0x0000000084c00000, 0x0000000084c00000|100%| O|  |TAMS 0x0000000084c00000, 0x0000000084b00000| Untracked 
|  76|0x0000000084c00000, 0x0000000084d00000, 0x0000000084d00000|100%|HS|  |TAMS 0x0000000084d00000, 0x0000000084c00000| Complete 
|  77|0x0000000084d00000, 0x0000000084e00000, 0x0000000084e00000|100%|HS|  |TAMS 0x0000000084e00000, 0x0000000084d00000| Complete 
|  78|0x0000000084e00000, 0x0000000084f00000, 0x0000000084f00000|100%|HS|  |TAMS 0x0000000084f00000, 0x0000000084e00000| Complete 
|  79|0x0000000084f00000, 0x0000000085000000, 0x0000000085000000|100%| O|  |TAMS 0x0000000085000000, 0x0000000084f00000| Untracked 
|  80|0x0000000085000000, 0x0000000085100000, 0x0000000085100000|100%|HS|  |TAMS 0x0000000085100000, 0x0000000085000000| Complete 
|  81|0x0000000085100000, 0x0000000085200000, 0x0000000085200000|100%|HS|  |TAMS 0x0000000085200000, 0x0000000085100000| Complete 
|  82|0x0000000085200000, 0x0000000085300000, 0x0000000085300000|100%| O|  |TAMS 0x0000000085300000, 0x0000000085200000| Untracked 
|  83|0x0000000085300000, 0x0000000085400000, 0x0000000085400000|100%| O|  |TAMS 0x0000000085400000, 0x0000000085300000| Untracked 
|  84|0x0000000085400000, 0x0000000085500000, 0x0000000085500000|100%| O|  |TAMS 0x0000000085500000, 0x0000000085400000| Untracked 
|  85|0x0000000085500000, 0x0000000085600000, 0x0000000085600000|100%| O|  |TAMS 0x0000000085600000, 0x0000000085500000| Untracked 
|  86|0x0000000085600000, 0x0000000085700000, 0x0000000085700000|100%| O|  |TAMS 0x0000000085700000, 0x0000000085600000| Untracked 
|  87|0x0000000085700000, 0x0000000085800000, 0x0000000085800000|100%| O|  |TAMS 0x0000000085800000, 0x0000000085700000| Untracked 
|  88|0x0000000085800000, 0x0000000085900000, 0x0000000085900000|100%| O|  |TAMS 0x0000000085900000, 0x0000000085800000| Untracked 
|  89|0x0000000085900000, 0x0000000085a00000, 0x0000000085a00000|100%| O|  |TAMS 0x0000000085a00000, 0x0000000085900000| Untracked 
|  90|0x0000000085a00000, 0x0000000085b00000, 0x0000000085b00000|100%| O|  |TAMS 0x0000000085b00000, 0x0000000085a00000| Untracked 
|  91|0x0000000085b00000, 0x0000000085c00000, 0x0000000085c00000|100%| O|  |TAMS 0x0000000085c00000, 0x0000000085b00000| Untracked 
|  92|0x0000000085c00000, 0x0000000085d00000, 0x0000000085d00000|100%| O|  |TAMS 0x0000000085d00000, 0x0000000085c00000| Untracked 
|  93|0x0000000085d00000, 0x0000000085e00000, 0x0000000085e00000|100%| O|  |TAMS 0x0000000085e00000, 0x0000000085d00000| Untracked 
|  94|0x0000000085e00000, 0x0000000085f00000, 0x0000000085f00000|100%| O|  |TAMS 0x0000000085f00000, 0x0000000085e00000| Untracked 
|  95|0x0000000085f00000, 0x0000000086000000, 0x0000000086000000|100%| O|  |TAMS 0x0000000086000000, 0x0000000085f00000| Untracked 
|  96|0x0000000086000000, 0x0000000086100000, 0x0000000086100000|100%| O|  |TAMS 0x0000000086100000, 0x0000000086000000| Untracked 
|  97|0x0000000086100000, 0x0000000086200000, 0x0000000086200000|100%| O|  |TAMS 0x0000000086200000, 0x0000000086100000| Untracked 
|  98|0x0000000086200000, 0x0000000086300000, 0x0000000086300000|100%| O|  |TAMS 0x0000000086300000, 0x0000000086200000| Untracked 
|  99|0x0000000086300000, 0x0000000086400000, 0x0000000086400000|100%| O|  |TAMS 0x0000000086400000, 0x0000000086300000| Untracked 
| 100|0x0000000086400000, 0x0000000086500000, 0x0000000086500000|100%| O|  |TAMS 0x0000000086500000, 0x0000000086400000| Untracked 
| 101|0x0000000086500000, 0x0000000086600000, 0x0000000086600000|100%| O|  |TAMS 0x0000000086600000, 0x0000000086500000| Untracked 
| 102|0x0000000086600000, 0x0000000086700000, 0x0000000086700000|100%| O|  |TAMS 0x0000000086700000, 0x0000000086600000| Untracked 
| 103|0x0000000086700000, 0x0000000086800000, 0x0000000086800000|100%| O|  |TAMS 0x0000000086800000, 0x0000000086700000| Untracked 
| 104|0x0000000086800000, 0x0000000086900000, 0x0000000086900000|100%| O|  |TAMS 0x0000000086900000, 0x0000000086800000| Untracked 
| 105|0x0000000086900000, 0x0000000086a00000, 0x0000000086a00000|100%| O|  |TAMS 0x0000000086a00000, 0x0000000086900000| Untracked 
| 106|0x0000000086a00000, 0x0000000086b00000, 0x0000000086b00000|100%| O|  |TAMS 0x0000000086b00000, 0x0000000086a00000| Untracked 
| 107|0x0000000086b00000, 0x0000000086c00000, 0x0000000086c00000|100%| O|  |TAMS 0x0000000086c00000, 0x0000000086b00000| Untracked 
| 108|0x0000000086c00000, 0x0000000086d00000, 0x0000000086d00000|100%| O|  |TAMS 0x0000000086d00000, 0x0000000086c00000| Untracked 
| 109|0x0000000086d00000, 0x0000000086e00000, 0x0000000086e00000|100%| O|  |TAMS 0x0000000086e00000, 0x0000000086d00000| Untracked 
| 110|0x0000000086e00000, 0x0000000086f00000, 0x0000000086f00000|100%| O|  |TAMS 0x0000000086f00000, 0x0000000086e00000| Untracked 
| 111|0x0000000086f00000, 0x0000000087000000, 0x0000000087000000|100%| O|  |TAMS 0x0000000087000000, 0x0000000086f00000| Untracked 
| 112|0x0000000087000000, 0x0000000087100000, 0x0000000087100000|100%| O|  |TAMS 0x0000000087100000, 0x0000000087000000| Untracked 
| 113|0x0000000087100000, 0x0000000087200000, 0x0000000087200000|100%| O|  |TAMS 0x0000000087200000, 0x0000000087100000| Untracked 
| 114|0x0000000087200000, 0x0000000087300000, 0x0000000087300000|100%| O|  |TAMS 0x0000000087300000, 0x0000000087200000| Untracked 
| 115|0x0000000087300000, 0x0000000087400000, 0x0000000087400000|100%| O|  |TAMS 0x0000000087400000, 0x0000000087300000| Untracked 
| 116|0x0000000087400000, 0x0000000087500000, 0x0000000087500000|100%| O|  |TAMS 0x0000000087500000, 0x0000000087400000| Untracked 
| 117|0x0000000087500000, 0x0000000087600000, 0x0000000087600000|100%| O|  |TAMS 0x0000000087600000, 0x0000000087500000| Untracked 
| 118|0x0000000087600000, 0x0000000087700000, 0x0000000087700000|100%| O|  |TAMS 0x0000000087700000, 0x0000000087600000| Untracked 
| 119|0x0000000087700000, 0x0000000087800000, 0x0000000087800000|100%| O|  |TAMS 0x0000000087800000, 0x0000000087700000| Untracked 
| 120|0x0000000087800000, 0x0000000087900000, 0x0000000087900000|100%| O|  |TAMS 0x0000000087900000, 0x0000000087800000| Untracked 
| 121|0x0000000087900000, 0x0000000087a00000, 0x0000000087a00000|100%| O|  |TAMS 0x0000000087a00000, 0x0000000087900000| Untracked 
| 122|0x0000000087a00000, 0x0000000087b00000, 0x0000000087b00000|100%| O|  |TAMS 0x0000000087b00000, 0x0000000087a00000| Untracked 
| 123|0x0000000087b00000, 0x0000000087c00000, 0x0000000087c00000|100%| O|  |TAMS 0x0000000087c00000, 0x0000000087b00000| Untracked 
| 124|0x0000000087c00000, 0x0000000087d00000, 0x0000000087d00000|100%| O|  |TAMS 0x0000000087d00000, 0x0000000087c00000| Untracked 
| 125|0x0000000087d00000, 0x0000000087e00000, 0x0000000087e00000|100%| O|  |TAMS 0x0000000087e00000, 0x0000000087d00000| Untracked 
| 126|0x0000000087e00000, 0x0000000087f00000, 0x0000000087f00000|100%| O|  |TAMS 0x0000000087f00000, 0x0000000087e00000| Untracked 
| 127|0x0000000087f00000, 0x0000000088000000, 0x0000000088000000|100%| O|  |TAMS 0x0000000087f00000, 0x0000000087f00000| Untracked 
| 128|0x0000000088000000, 0x0000000088100000, 0x0000000088100000|100%|HS|  |TAMS 0x0000000088100000, 0x0000000088000000| Complete 
| 129|0x0000000088100000, 0x0000000088200000, 0x0000000088200000|100%|HS|  |TAMS 0x0000000088200000, 0x0000000088100000| Complete 
| 130|0x0000000088200000, 0x0000000088300000, 0x0000000088300000|100%|HS|  |TAMS 0x0000000088300000, 0x0000000088200000| Complete 
| 131|0x0000000088300000, 0x0000000088400000, 0x0000000088400000|100%|HS|  |TAMS 0x0000000088400000, 0x0000000088300000| Complete 
| 132|0x0000000088400000, 0x0000000088500000, 0x0000000088500000|100%|HS|  |TAMS 0x0000000088500000, 0x0000000088400000| Complete 
| 133|0x0000000088500000, 0x0000000088600000, 0x0000000088600000|100%| O|  |TAMS 0x0000000088600000, 0x0000000088500000| Untracked 
| 134|0x0000000088600000, 0x0000000088700000, 0x0000000088700000|100%|HS|  |TAMS 0x0000000088700000, 0x0000000088600000| Complete 
| 135|0x0000000088700000, 0x0000000088800000, 0x0000000088800000|100%|HC|  |TAMS 0x0000000088800000, 0x0000000088700000| Complete 
| 136|0x0000000088800000, 0x0000000088900000, 0x0000000088900000|100%| O|  |TAMS 0x0000000088900000, 0x0000000088800000| Untracked 
| 137|0x0000000088900000, 0x0000000088a00000, 0x0000000088a00000|100%| O|  |TAMS 0x0000000088a00000, 0x0000000088900000| Untracked 
| 138|0x0000000088a00000, 0x0000000088b00000, 0x0000000088b00000|100%| O|  |TAMS 0x0000000088b00000, 0x0000000088a00000| Untracked 
| 139|0x0000000088b00000, 0x0000000088c00000, 0x0000000088c00000|100%| O|  |TAMS 0x0000000088c00000, 0x0000000088b00000| Untracked 
| 140|0x0000000088c00000, 0x0000000088d00000, 0x0000000088d00000|100%| O|  |TAMS 0x0000000088d00000, 0x0000000088c00000| Untracked 
| 141|0x0000000088d00000, 0x0000000088e00000, 0x0000000088e00000|100%| O|  |TAMS 0x0000000088e00000, 0x0000000088d00000| Untracked 
| 142|0x0000000088e00000, 0x0000000088f00000, 0x0000000088f00000|100%| O|  |TAMS 0x0000000088f00000, 0x0000000088e00000| Untracked 
| 143|0x0000000088f00000, 0x0000000089000000, 0x0000000089000000|100%| O|  |TAMS 0x0000000089000000, 0x0000000088f00000| Untracked 
| 144|0x0000000089000000, 0x0000000089100000, 0x0000000089100000|100%| O|  |TAMS 0x0000000089100000, 0x0000000089000000| Untracked 
| 145|0x0000000089100000, 0x0000000089200000, 0x0000000089200000|100%| O|  |TAMS 0x0000000089200000, 0x0000000089100000| Untracked 
| 146|0x0000000089200000, 0x0000000089300000, 0x0000000089300000|100%| O|  |TAMS 0x0000000089300000, 0x0000000089200000| Untracked 
| 147|0x0000000089300000, 0x0000000089400000, 0x0000000089400000|100%| O|  |TAMS 0x0000000089400000, 0x0000000089300000| Untracked 
| 148|0x0000000089400000, 0x0000000089500000, 0x0000000089500000|100%| O|  |TAMS 0x0000000089500000, 0x0000000089400000| Untracked 
| 149|0x0000000089500000, 0x0000000089600000, 0x0000000089600000|100%| O|  |TAMS 0x0000000089600000, 0x0000000089500000| Untracked 
| 150|0x0000000089600000, 0x0000000089700000, 0x0000000089700000|100%| O|  |TAMS 0x0000000089600000, 0x0000000089600000| Untracked 
| 151|0x0000000089700000, 0x0000000089800000, 0x0000000089800000|100%| O|  |TAMS 0x0000000089700000, 0x0000000089700000| Untracked 
| 152|0x0000000089800000, 0x0000000089900000, 0x0000000089900000|100%| O|  |TAMS 0x0000000089800000, 0x0000000089800000| Untracked 
| 153|0x0000000089900000, 0x0000000089a00000, 0x0000000089a00000|100%| O|  |TAMS 0x0000000089900000, 0x0000000089900000| Untracked 
| 154|0x0000000089a00000, 0x0000000089b00000, 0x0000000089b00000|100%| O|  |TAMS 0x0000000089b00000, 0x0000000089a00000| Untracked 
| 155|0x0000000089b00000, 0x0000000089c00000, 0x0000000089c00000|100%| O|  |TAMS 0x0000000089c00000, 0x0000000089b00000| Untracked 
| 156|0x0000000089c00000, 0x0000000089d00000, 0x0000000089d00000|100%| O|  |TAMS 0x0000000089d00000, 0x0000000089c00000| Untracked 
| 157|0x0000000089d00000, 0x0000000089e00000, 0x0000000089e00000|100%| O|  |TAMS 0x0000000089e00000, 0x0000000089d00000| Untracked 
| 158|0x0000000089e00000, 0x0000000089f00000, 0x0000000089f00000|100%| O|  |TAMS 0x0000000089f00000, 0x0000000089e00000| Untracked 
| 159|0x0000000089f00000, 0x000000008a000000, 0x000000008a000000|100%| O|  |TAMS 0x000000008a000000, 0x0000000089f00000| Untracked 
| 160|0x000000008a000000, 0x000000008a100000, 0x000000008a100000|100%| O|  |TAMS 0x000000008a100000, 0x000000008a000000| Untracked 
| 161|0x000000008a100000, 0x000000008a200000, 0x000000008a200000|100%| O|  |TAMS 0x000000008a200000, 0x000000008a100000| Untracked 
| 162|0x000000008a200000, 0x000000008a300000, 0x000000008a300000|100%| O|  |TAMS 0x000000008a300000, 0x000000008a200000| Untracked 
| 163|0x000000008a300000, 0x000000008a400000, 0x000000008a400000|100%| O|  |TAMS 0x000000008a400000, 0x000000008a300000| Untracked 
| 164|0x000000008a400000, 0x000000008a500000, 0x000000008a500000|100%| O|  |TAMS 0x000000008a400000, 0x000000008a400000| Untracked 
| 165|0x000000008a500000, 0x000000008a600000, 0x000000008a600000|100%| O|  |TAMS 0x000000008a500000, 0x000000008a500000| Untracked 
| 166|0x000000008a600000, 0x000000008a700000, 0x000000008a700000|100%| O|  |TAMS 0x000000008a700000, 0x000000008a600000| Untracked 
| 167|0x000000008a700000, 0x000000008a800000, 0x000000008a800000|100%| O|  |TAMS 0x000000008a800000, 0x000000008a700000| Untracked 
| 168|0x000000008a800000, 0x000000008a900000, 0x000000008a900000|100%| O|  |TAMS 0x000000008a900000, 0x000000008a800000| Untracked 
| 169|0x000000008a900000, 0x000000008aa00000, 0x000000008aa00000|100%| O|  |TAMS 0x000000008aa00000, 0x000000008a900000| Untracked 
| 170|0x000000008aa00000, 0x000000008ab00000, 0x000000008ab00000|100%| O|  |TAMS 0x000000008ab00000, 0x000000008aa00000| Untracked 
| 171|0x000000008ab00000, 0x000000008ac00000, 0x000000008ac00000|100%| O|  |TAMS 0x000000008ac00000, 0x000000008ab00000| Untracked 
| 172|0x000000008ac00000, 0x000000008ad00000, 0x000000008ad00000|100%| O|  |TAMS 0x000000008ad00000, 0x000000008ac00000| Untracked 
| 173|0x000000008ad00000, 0x000000008ae00000, 0x000000008ae00000|100%| O|  |TAMS 0x000000008ae00000, 0x000000008ad00000| Untracked 
| 174|0x000000008ae00000, 0x000000008af00000, 0x000000008af00000|100%|HS|  |TAMS 0x000000008af00000, 0x000000008ae00000| Complete 
| 175|0x000000008af00000, 0x000000008b000000, 0x000000008b000000|100%|HS|  |TAMS 0x000000008b000000, 0x000000008af00000| Complete 
| 176|0x000000008b000000, 0x000000008b100000, 0x000000008b100000|100%| O|  |TAMS 0x000000008b100000, 0x000000008b000000| Untracked 
| 177|0x000000008b100000, 0x000000008b200000, 0x000000008b200000|100%| O|  |TAMS 0x000000008b200000, 0x000000008b100000| Untracked 
| 178|0x000000008b200000, 0x000000008b300000, 0x000000008b300000|100%| O|  |TAMS 0x000000008b300000, 0x000000008b200000| Untracked 
| 179|0x000000008b300000, 0x000000008b400000, 0x000000008b400000|100%| O|  |TAMS 0x000000008b400000, 0x000000008b300000| Untracked 
| 180|0x000000008b400000, 0x000000008b500000, 0x000000008b500000|100%| O|  |TAMS 0x000000008b500000, 0x000000008b400000| Untracked 
| 181|0x000000008b500000, 0x000000008b600000, 0x000000008b600000|100%| O|  |TAMS 0x000000008b600000, 0x000000008b500000| Untracked 
| 182|0x000000008b600000, 0x000000008b700000, 0x000000008b700000|100%| O|  |TAMS 0x000000008b700000, 0x000000008b600000| Untracked 
| 183|0x000000008b700000, 0x000000008b800000, 0x000000008b800000|100%| O|  |TAMS 0x000000008b800000, 0x000000008b700000| Untracked 
| 184|0x000000008b800000, 0x000000008b900000, 0x000000008b900000|100%| O|  |TAMS 0x000000008b900000, 0x000000008b800000| Untracked 
| 185|0x000000008b900000, 0x000000008ba00000, 0x000000008ba00000|100%| O|  |TAMS 0x000000008ba00000, 0x000000008b900000| Untracked 
| 186|0x000000008ba00000, 0x000000008bb00000, 0x000000008bb00000|100%| O|  |TAMS 0x000000008bb00000, 0x000000008ba00000| Untracked 
| 187|0x000000008bb00000, 0x000000008bc00000, 0x000000008bc00000|100%| O|  |TAMS 0x000000008bc00000, 0x000000008bb00000| Untracked 
| 188|0x000000008bc00000, 0x000000008bd00000, 0x000000008bd00000|100%| O|  |TAMS 0x000000008bd00000, 0x000000008bc00000| Untracked 
| 189|0x000000008bd00000, 0x000000008be00000, 0x000000008be00000|100%| O|  |TAMS 0x000000008bd00000, 0x000000008bd00000| Untracked 
| 190|0x000000008be00000, 0x000000008bf00000, 0x000000008bf00000|100%| O|  |TAMS 0x000000008bf00000, 0x000000008be00000| Untracked 
| 191|0x000000008bf00000, 0x000000008c000000, 0x000000008c000000|100%| O|  |TAMS 0x000000008c000000, 0x000000008bf00000| Untracked 
| 192|0x000000008c000000, 0x000000008c100000, 0x000000008c100000|100%| O|  |TAMS 0x000000008c100000, 0x000000008c000000| Untracked 
| 193|0x000000008c100000, 0x000000008c200000, 0x000000008c200000|100%| O|  |TAMS 0x000000008c200000, 0x000000008c100000| Untracked 
| 194|0x000000008c200000, 0x000000008c300000, 0x000000008c300000|100%| O|  |TAMS 0x000000008c200000, 0x000000008c200000| Untracked 
| 195|0x000000008c300000, 0x000000008c400000, 0x000000008c400000|100%| O|  |TAMS 0x000000008c400000, 0x000000008c300000| Untracked 
| 196|0x000000008c400000, 0x000000008c500000, 0x000000008c500000|100%| O|  |TAMS 0x000000008c500000, 0x000000008c400000| Untracked 
| 197|0x000000008c500000, 0x000000008c600000, 0x000000008c600000|100%| O|  |TAMS 0x000000008c600000, 0x000000008c500000| Untracked 
| 198|0x000000008c600000, 0x000000008c700000, 0x000000008c700000|100%| O|  |TAMS 0x000000008c700000, 0x000000008c600000| Untracked 
| 199|0x000000008c700000, 0x000000008c800000, 0x000000008c800000|100%| O|  |TAMS 0x000000008c800000, 0x000000008c700000| Untracked 
| 200|0x000000008c800000, 0x000000008c900000, 0x000000008c900000|100%| O|  |TAMS 0x000000008c900000, 0x000000008c800000| Untracked 
| 201|0x000000008c900000, 0x000000008ca00000, 0x000000008ca00000|100%| O|  |TAMS 0x000000008ca00000, 0x000000008c900000| Untracked 
| 202|0x000000008ca00000, 0x000000008cb00000, 0x000000008cb00000|100%| O|  |TAMS 0x000000008ca99000, 0x000000008ca00000| Untracked 
| 203|0x000000008cb00000, 0x000000008cc00000, 0x000000008cc00000|100%| O|  |TAMS 0x000000008cb00000, 0x000000008cb00000| Untracked 
| 204|0x000000008cc00000, 0x000000008cd00000, 0x000000008cd00000|100%| O|  |TAMS 0x000000008cc00000, 0x000000008cc00000| Untracked 
| 205|0x000000008cd00000, 0x000000008ce00000, 0x000000008ce00000|100%| O|  |TAMS 0x000000008cd00000, 0x000000008cd00000| Untracked 
| 206|0x000000008ce00000, 0x000000008cf00000, 0x000000008cf00000|100%| O|  |TAMS 0x000000008ce00000, 0x000000008ce00000| Untracked 
| 207|0x000000008cf00000, 0x000000008d000000, 0x000000008d000000|100%| O|  |TAMS 0x000000008cf00000, 0x000000008cf00000| Untracked 
| 208|0x000000008d000000, 0x000000008d100000, 0x000000008d100000|100%| O|  |TAMS 0x000000008d000000, 0x000000008d000000| Untracked 
| 209|0x000000008d100000, 0x000000008d200000, 0x000000008d200000|100%| O|  |TAMS 0x000000008d100000, 0x000000008d100000| Untracked 
| 210|0x000000008d200000, 0x000000008d300000, 0x000000008d300000|100%| O|  |TAMS 0x000000008d200000, 0x000000008d200000| Untracked 
| 211|0x000000008d300000, 0x000000008d400000, 0x000000008d400000|100%| O|  |TAMS 0x000000008d300000, 0x000000008d300000| Untracked 
| 212|0x000000008d400000, 0x000000008d500000, 0x000000008d500000|100%| O|  |TAMS 0x000000008d400000, 0x000000008d400000| Untracked 
| 213|0x000000008d500000, 0x000000008d600000, 0x000000008d600000|100%| O|  |TAMS 0x000000008d500000, 0x000000008d500000| Untracked 
| 214|0x000000008d600000, 0x000000008d700000, 0x000000008d700000|100%| O|  |TAMS 0x000000008d600000, 0x000000008d600000| Untracked 
| 215|0x000000008d700000, 0x000000008d800000, 0x000000008d800000|100%| O|  |TAMS 0x000000008d700000, 0x000000008d700000| Untracked 
| 216|0x000000008d800000, 0x000000008d900000, 0x000000008d900000|100%| O|  |TAMS 0x000000008d800000, 0x000000008d800000| Untracked 
| 217|0x000000008d900000, 0x000000008da00000, 0x000000008da00000|100%| O|  |TAMS 0x000000008d900000, 0x000000008d900000| Untracked 
| 218|0x000000008da00000, 0x000000008db00000, 0x000000008db00000|100%| O|  |TAMS 0x000000008da00000, 0x000000008da00000| Untracked 
| 219|0x000000008db00000, 0x000000008dc00000, 0x000000008dc00000|100%| O|  |TAMS 0x000000008db00000, 0x000000008db00000| Untracked 
| 220|0x000000008dc00000, 0x000000008dd00000, 0x000000008dd00000|100%| O|  |TAMS 0x000000008dc00000, 0x000000008dc00000| Untracked 
| 221|0x000000008dd00000, 0x000000008de00000, 0x000000008de00000|100%| O|  |TAMS 0x000000008dd00000, 0x000000008dd00000| Untracked 
| 222|0x000000008de00000, 0x000000008df00000, 0x000000008df00000|100%| O|  |TAMS 0x000000008de00000, 0x000000008de00000| Untracked 
| 223|0x000000008df00000, 0x000000008dfd7800, 0x000000008e000000| 84%| O|  |TAMS 0x000000008df00000, 0x000000008df00000| Untracked 
| 224|0x000000008e000000, 0x000000008e000000, 0x000000008e100000|  0%| F|  |TAMS 0x000000008e000000, 0x000000008e000000| Untracked 
| 225|0x000000008e100000, 0x000000008e100000, 0x000000008e200000|  0%| F|  |TAMS 0x000000008e100000, 0x000000008e100000| Untracked 
| 226|0x000000008e200000, 0x000000008e200000, 0x000000008e300000|  0%| F|  |TAMS 0x000000008e200000, 0x000000008e200000| Untracked 
| 227|0x000000008e300000, 0x000000008e300000, 0x000000008e400000|  0%| F|  |TAMS 0x000000008e300000, 0x000000008e300000| Untracked 
| 228|0x000000008e400000, 0x000000008e400000, 0x000000008e500000|  0%| F|  |TAMS 0x000000008e400000, 0x000000008e400000| Untracked 
| 229|0x000000008e500000, 0x000000008e500000, 0x000000008e600000|  0%| F|  |TAMS 0x000000008e500000, 0x000000008e500000| Untracked 
| 230|0x000000008e600000, 0x000000008e600000, 0x000000008e700000|  0%| F|  |TAMS 0x000000008e600000, 0x000000008e600000| Untracked 
| 231|0x000000008e700000, 0x000000008e700000, 0x000000008e800000|  0%| F|  |TAMS 0x000000008e700000, 0x000000008e700000| Untracked 
| 232|0x000000008e800000, 0x000000008e800000, 0x000000008e900000|  0%| F|  |TAMS 0x000000008e800000, 0x000000008e800000| Untracked 
| 233|0x000000008e900000, 0x000000008e900000, 0x000000008ea00000|  0%| F|  |TAMS 0x000000008e900000, 0x000000008e900000| Untracked 
| 234|0x000000008ea00000, 0x000000008ea00000, 0x000000008eb00000|  0%| F|  |TAMS 0x000000008ea00000, 0x000000008ea00000| Untracked 
| 235|0x000000008eb00000, 0x000000008eb00000, 0x000000008ec00000|  0%| F|  |TAMS 0x000000008eb00000, 0x000000008eb00000| Untracked 
| 236|0x000000008ec00000, 0x000000008ec00000, 0x000000008ed00000|  0%| F|  |TAMS 0x000000008ec00000, 0x000000008ec00000| Untracked 
| 237|0x000000008ed00000, 0x000000008ed00000, 0x000000008ee00000|  0%| F|  |TAMS 0x000000008ed00000, 0x000000008ed00000| Untracked 
| 238|0x000000008ee00000, 0x000000008ee00000, 0x000000008ef00000|  0%| F|  |TAMS 0x000000008ee00000, 0x000000008ee00000| Untracked 
| 239|0x000000008ef00000, 0x000000008ef00000, 0x000000008f000000|  0%| F|  |TAMS 0x000000008ef00000, 0x000000008ef00000| Untracked 
| 240|0x000000008f000000, 0x000000008f000000, 0x000000008f100000|  0%| F|  |TAMS 0x000000008f000000, 0x000000008f000000| Untracked 
| 241|0x000000008f100000, 0x000000008f100000, 0x000000008f200000|  0%| F|  |TAMS 0x000000008f100000, 0x000000008f100000| Untracked 
| 242|0x000000008f200000, 0x000000008f200000, 0x000000008f300000|  0%| F|  |TAMS 0x000000008f200000, 0x000000008f200000| Untracked 
| 243|0x000000008f300000, 0x000000008f300000, 0x000000008f400000|  0%| F|  |TAMS 0x000000008f300000, 0x000000008f300000| Untracked 
| 244|0x000000008f400000, 0x000000008f400000, 0x000000008f500000|  0%| F|  |TAMS 0x000000008f400000, 0x000000008f400000| Untracked 
| 245|0x000000008f500000, 0x000000008f500000, 0x000000008f600000|  0%| F|  |TAMS 0x000000008f500000, 0x000000008f500000| Untracked 
| 246|0x000000008f600000, 0x000000008f600000, 0x000000008f700000|  0%| F|  |TAMS 0x000000008f600000, 0x000000008f600000| Untracked 
| 247|0x000000008f700000, 0x000000008f700000, 0x000000008f800000|  0%| F|  |TAMS 0x000000008f700000, 0x000000008f700000| Untracked 
| 248|0x000000008f800000, 0x000000008f800000, 0x000000008f900000|  0%| F|  |TAMS 0x000000008f800000, 0x000000008f800000| Untracked 
| 249|0x000000008f900000, 0x000000008f900000, 0x000000008fa00000|  0%| F|  |TAMS 0x000000008f900000, 0x000000008f900000| Untracked 
| 250|0x000000008fa00000, 0x000000008fa00000, 0x000000008fb00000|  0%| F|  |TAMS 0x000000008fa00000, 0x000000008fa00000| Untracked 
| 251|0x000000008fb00000, 0x000000008fb00000, 0x000000008fc00000|  0%| F|  |TAMS 0x000000008fb00000, 0x000000008fb00000| Untracked 
| 252|0x000000008fc00000, 0x000000008fc00000, 0x000000008fd00000|  0%| F|  |TAMS 0x000000008fc00000, 0x000000008fc00000| Untracked 
| 253|0x000000008fd00000, 0x000000008fd00000, 0x000000008fe00000|  0%| F|  |TAMS 0x000000008fd00000, 0x000000008fd00000| Untracked 
| 254|0x000000008fe00000, 0x000000008fe00000, 0x000000008ff00000|  0%| F|  |TAMS 0x000000008fe00000, 0x000000008fe00000| Untracked 
| 255|0x000000008ff00000, 0x000000008ff00000, 0x0000000090000000|  0%| F|  |TAMS 0x000000008ff00000, 0x000000008ff00000| Untracked 
| 256|0x0000000090000000, 0x0000000090000000, 0x0000000090100000|  0%| F|  |TAMS 0x0000000090000000, 0x0000000090000000| Untracked 
| 257|0x0000000090100000, 0x0000000090100000, 0x0000000090200000|  0%| F|  |TAMS 0x0000000090100000, 0x0000000090100000| Untracked 
| 258|0x0000000090200000, 0x0000000090200000, 0x0000000090300000|  0%| F|  |TAMS 0x0000000090200000, 0x0000000090200000| Untracked 
| 259|0x0000000090300000, 0x0000000090300000, 0x0000000090400000|  0%| F|  |TAMS 0x0000000090300000, 0x0000000090300000| Untracked 
| 260|0x0000000090400000, 0x0000000090400000, 0x0000000090500000|  0%| F|  |TAMS 0x0000000090400000, 0x0000000090400000| Untracked 
| 261|0x0000000090500000, 0x0000000090500000, 0x0000000090600000|  0%| F|  |TAMS 0x0000000090500000, 0x0000000090500000| Untracked 
| 262|0x0000000090600000, 0x0000000090600000, 0x0000000090700000|  0%| F|  |TAMS 0x0000000090600000, 0x0000000090600000| Untracked 
| 263|0x0000000090700000, 0x0000000090700000, 0x0000000090800000|  0%| F|  |TAMS 0x0000000090700000, 0x0000000090700000| Untracked 
| 264|0x0000000090800000, 0x0000000090800000, 0x0000000090900000|  0%| F|  |TAMS 0x0000000090800000, 0x0000000090800000| Untracked 
| 265|0x0000000090900000, 0x0000000090900000, 0x0000000090a00000|  0%| F|  |TAMS 0x0000000090900000, 0x0000000090900000| Untracked 
| 266|0x0000000090a00000, 0x0000000090a00000, 0x0000000090b00000|  0%| F|  |TAMS 0x0000000090a00000, 0x0000000090a00000| Untracked 
| 267|0x0000000090b00000, 0x0000000090b00000, 0x0000000090c00000|  0%| F|  |TAMS 0x0000000090b00000, 0x0000000090b00000| Untracked 
| 268|0x0000000090c00000, 0x0000000090c00000, 0x0000000090d00000|  0%| F|  |TAMS 0x0000000090c00000, 0x0000000090c00000| Untracked 
| 269|0x0000000090d00000, 0x0000000090d00000, 0x0000000090e00000|  0%| F|  |TAMS 0x0000000090d00000, 0x0000000090d00000| Untracked 
| 270|0x0000000090e00000, 0x0000000090e00000, 0x0000000090f00000|  0%| F|  |TAMS 0x0000000090e00000, 0x0000000090e00000| Untracked 
| 271|0x0000000090f00000, 0x0000000090f00000, 0x0000000091000000|  0%| F|  |TAMS 0x0000000090f00000, 0x0000000090f00000| Untracked 
| 272|0x0000000091000000, 0x0000000091000000, 0x0000000091100000|  0%| F|  |TAMS 0x0000000091000000, 0x0000000091000000| Untracked 
| 273|0x0000000091100000, 0x0000000091100000, 0x0000000091200000|  0%| F|  |TAMS 0x0000000091100000, 0x0000000091100000| Untracked 
| 274|0x0000000091200000, 0x0000000091200000, 0x0000000091300000|  0%| F|  |TAMS 0x0000000091200000, 0x0000000091200000| Untracked 
| 275|0x0000000091300000, 0x0000000091300000, 0x0000000091400000|  0%| F|  |TAMS 0x0000000091300000, 0x0000000091300000| Untracked 
| 276|0x0000000091400000, 0x0000000091400000, 0x0000000091500000|  0%| F|  |TAMS 0x0000000091400000, 0x0000000091400000| Untracked 
| 277|0x0000000091500000, 0x0000000091500000, 0x0000000091600000|  0%| F|  |TAMS 0x0000000091500000, 0x0000000091500000| Untracked 
| 278|0x0000000091600000, 0x0000000091600000, 0x0000000091700000|  0%| F|  |TAMS 0x0000000091600000, 0x0000000091600000| Untracked 
| 279|0x0000000091700000, 0x0000000091700000, 0x0000000091800000|  0%| F|  |TAMS 0x0000000091700000, 0x0000000091700000| Untracked 
| 280|0x0000000091800000, 0x0000000091800000, 0x0000000091900000|  0%| F|  |TAMS 0x0000000091800000, 0x0000000091800000| Untracked 
| 281|0x0000000091900000, 0x0000000091900000, 0x0000000091a00000|  0%| F|  |TAMS 0x0000000091900000, 0x0000000091900000| Untracked 
| 282|0x0000000091a00000, 0x0000000091a00000, 0x0000000091b00000|  0%| F|  |TAMS 0x0000000091a00000, 0x0000000091a00000| Untracked 
| 283|0x0000000091b00000, 0x0000000091b00000, 0x0000000091c00000|  0%| F|  |TAMS 0x0000000091b00000, 0x0000000091b00000| Untracked 
| 284|0x0000000091c00000, 0x0000000091d00000, 0x0000000091d00000|100%| S|CS|TAMS 0x0000000091c00000, 0x0000000091c00000| Complete 
| 285|0x0000000091d00000, 0x0000000091e00000, 0x0000000091e00000|100%| S|CS|TAMS 0x0000000091d00000, 0x0000000091d00000| Complete 
| 286|0x0000000091e00000, 0x0000000091f00000, 0x0000000091f00000|100%| S|CS|TAMS 0x0000000091e00000, 0x0000000091e00000| Complete 
| 287|0x0000000091f00000, 0x0000000092000000, 0x0000000092000000|100%| S|CS|TAMS 0x0000000091f00000, 0x0000000091f00000| Complete 
| 288|0x0000000092000000, 0x0000000092100000, 0x0000000092100000|100%| S|CS|TAMS 0x0000000092000000, 0x0000000092000000| Complete 
| 289|0x0000000092100000, 0x0000000092200000, 0x0000000092200000|100%| S|CS|TAMS 0x0000000092100000, 0x0000000092100000| Complete 
| 290|0x0000000092200000, 0x0000000092300000, 0x0000000092300000|100%| S|CS|TAMS 0x0000000092200000, 0x0000000092200000| Complete 
| 291|0x0000000092300000, 0x0000000092300000, 0x0000000092400000|  0%| F|  |TAMS 0x0000000092300000, 0x0000000092300000| Untracked 
| 292|0x0000000092400000, 0x0000000092400000, 0x0000000092500000|  0%| F|  |TAMS 0x0000000092400000, 0x0000000092400000| Untracked 
| 293|0x0000000092500000, 0x0000000092500000, 0x0000000092600000|  0%| F|  |TAMS 0x0000000092500000, 0x0000000092500000| Untracked 
| 294|0x0000000092600000, 0x0000000092600000, 0x0000000092700000|  0%| F|  |TAMS 0x0000000092600000, 0x0000000092600000| Untracked 
| 295|0x0000000092700000, 0x0000000092700000, 0x0000000092800000|  0%| F|  |TAMS 0x0000000092700000, 0x0000000092700000| Untracked 
| 296|0x0000000092800000, 0x0000000092800000, 0x0000000092900000|  0%| F|  |TAMS 0x0000000092800000, 0x0000000092800000| Untracked 
| 297|0x0000000092900000, 0x0000000092900000, 0x0000000092a00000|  0%| F|  |TAMS 0x0000000092900000, 0x0000000092900000| Untracked 
| 298|0x0000000092a00000, 0x0000000092a00000, 0x0000000092b00000|  0%| F|  |TAMS 0x0000000092a00000, 0x0000000092a00000| Untracked 
| 299|0x0000000092b00000, 0x0000000092b00000, 0x0000000092c00000|  0%| F|  |TAMS 0x0000000092b00000, 0x0000000092b00000| Untracked 
| 300|0x0000000092c00000, 0x0000000092c00000, 0x0000000092d00000|  0%| F|  |TAMS 0x0000000092c00000, 0x0000000092c00000| Untracked 
| 301|0x0000000092d00000, 0x0000000092d00000, 0x0000000092e00000|  0%| F|  |TAMS 0x0000000092d00000, 0x0000000092d00000| Untracked 
| 302|0x0000000092e00000, 0x0000000092e00000, 0x0000000092f00000|  0%| F|  |TAMS 0x0000000092e00000, 0x0000000092e00000| Untracked 
| 303|0x0000000092f00000, 0x0000000092f00000, 0x0000000093000000|  0%| F|  |TAMS 0x0000000092f00000, 0x0000000092f00000| Untracked 
| 304|0x0000000093000000, 0x0000000093000000, 0x0000000093100000|  0%| F|  |TAMS 0x0000000093000000, 0x0000000093000000| Untracked 
| 305|0x0000000093100000, 0x0000000093100000, 0x0000000093200000|  0%| F|  |TAMS 0x0000000093100000, 0x0000000093100000| Untracked 
| 306|0x0000000093200000, 0x0000000093200000, 0x0000000093300000|  0%| F|  |TAMS 0x0000000093200000, 0x0000000093200000| Untracked 
| 307|0x0000000093300000, 0x0000000093300000, 0x0000000093400000|  0%| F|  |TAMS 0x0000000093300000, 0x0000000093300000| Untracked 
| 308|0x0000000093400000, 0x0000000093400000, 0x0000000093500000|  0%| F|  |TAMS 0x0000000093400000, 0x0000000093400000| Untracked 
| 309|0x0000000093500000, 0x0000000093500000, 0x0000000093600000|  0%| F|  |TAMS 0x0000000093500000, 0x0000000093500000| Untracked 
| 310|0x0000000093600000, 0x0000000093600000, 0x0000000093700000|  0%| F|  |TAMS 0x0000000093600000, 0x0000000093600000| Untracked 
| 311|0x0000000093700000, 0x0000000093700000, 0x0000000093800000|  0%| F|  |TAMS 0x0000000093700000, 0x0000000093700000| Untracked 
| 312|0x0000000093800000, 0x0000000093800000, 0x0000000093900000|  0%| F|  |TAMS 0x0000000093800000, 0x0000000093800000| Untracked 
| 313|0x0000000093900000, 0x0000000093900000, 0x0000000093a00000|  0%| F|  |TAMS 0x0000000093900000, 0x0000000093900000| Untracked 
| 314|0x0000000093a00000, 0x0000000093a00000, 0x0000000093b00000|  0%| F|  |TAMS 0x0000000093a00000, 0x0000000093a00000| Untracked 
| 315|0x0000000093b00000, 0x0000000093b00000, 0x0000000093c00000|  0%| F|  |TAMS 0x0000000093b00000, 0x0000000093b00000| Untracked 
| 316|0x0000000093c00000, 0x0000000093c00000, 0x0000000093d00000|  0%| F|  |TAMS 0x0000000093c00000, 0x0000000093c00000| Untracked 
| 317|0x0000000093d00000, 0x0000000093d00000, 0x0000000093e00000|  0%| F|  |TAMS 0x0000000093d00000, 0x0000000093d00000| Untracked 
| 318|0x0000000093e00000, 0x0000000093e00000, 0x0000000093f00000|  0%| F|  |TAMS 0x0000000093e00000, 0x0000000093e00000| Untracked 
| 319|0x0000000093f00000, 0x0000000093f00000, 0x0000000094000000|  0%| F|  |TAMS 0x0000000093f00000, 0x0000000093f00000| Untracked 
| 320|0x0000000094000000, 0x0000000094000000, 0x0000000094100000|  0%| F|  |TAMS 0x0000000094000000, 0x0000000094000000| Untracked 
| 321|0x0000000094100000, 0x0000000094100000, 0x0000000094200000|  0%| F|  |TAMS 0x0000000094100000, 0x0000000094100000| Untracked 
| 322|0x0000000094200000, 0x0000000094200000, 0x0000000094300000|  0%| F|  |TAMS 0x0000000094200000, 0x0000000094200000| Untracked 
| 323|0x0000000094300000, 0x0000000094300000, 0x0000000094400000|  0%| F|  |TAMS 0x0000000094300000, 0x0000000094300000| Untracked 
| 324|0x0000000094400000, 0x0000000094400000, 0x0000000094500000|  0%| F|  |TAMS 0x0000000094400000, 0x0000000094400000| Untracked 
| 325|0x0000000094500000, 0x0000000094500000, 0x0000000094600000|  0%| F|  |TAMS 0x0000000094500000, 0x0000000094500000| Untracked 
| 326|0x0000000094600000, 0x0000000094600000, 0x0000000094700000|  0%| F|  |TAMS 0x0000000094600000, 0x0000000094600000| Untracked 
| 327|0x0000000094700000, 0x0000000094700000, 0x0000000094800000|  0%| F|  |TAMS 0x0000000094700000, 0x0000000094700000| Untracked 
| 328|0x0000000094800000, 0x0000000094800000, 0x0000000094900000|  0%| F|  |TAMS 0x0000000094800000, 0x0000000094800000| Untracked 
| 329|0x0000000094900000, 0x0000000094900000, 0x0000000094a00000|  0%| F|  |TAMS 0x0000000094900000, 0x0000000094900000| Untracked 
| 330|0x0000000094a00000, 0x0000000094a00000, 0x0000000094b00000|  0%| F|  |TAMS 0x0000000094a00000, 0x0000000094a00000| Untracked 
| 331|0x0000000094b00000, 0x0000000094b00000, 0x0000000094c00000|  0%| F|  |TAMS 0x0000000094b00000, 0x0000000094b00000| Untracked 
| 332|0x0000000094c00000, 0x0000000094c00000, 0x0000000094d00000|  0%| F|  |TAMS 0x0000000094c00000, 0x0000000094c00000| Untracked 
| 333|0x0000000094d00000, 0x0000000094d00000, 0x0000000094e00000|  0%| F|  |TAMS 0x0000000094d00000, 0x0000000094d00000| Untracked 
| 334|0x0000000094e00000, 0x0000000094e00000, 0x0000000094f00000|  0%| F|  |TAMS 0x0000000094e00000, 0x0000000094e00000| Untracked 
| 335|0x0000000094f00000, 0x0000000094f00000, 0x0000000095000000|  0%| F|  |TAMS 0x0000000094f00000, 0x0000000094f00000| Untracked 
| 336|0x0000000095000000, 0x0000000095000000, 0x0000000095100000|  0%| F|  |TAMS 0x0000000095000000, 0x0000000095000000| Untracked 
| 337|0x0000000095100000, 0x0000000095100000, 0x0000000095200000|  0%| F|  |TAMS 0x0000000095100000, 0x0000000095100000| Untracked 
| 338|0x0000000095200000, 0x0000000095200000, 0x0000000095300000|  0%| F|  |TAMS 0x0000000095200000, 0x0000000095200000| Untracked 
| 339|0x0000000095300000, 0x0000000095300000, 0x0000000095400000|  0%| F|  |TAMS 0x0000000095300000, 0x0000000095300000| Untracked 
| 340|0x0000000095400000, 0x0000000095400000, 0x0000000095500000|  0%| F|  |TAMS 0x0000000095400000, 0x0000000095400000| Untracked 
| 341|0x0000000095500000, 0x0000000095500000, 0x0000000095600000|  0%| F|  |TAMS 0x0000000095500000, 0x0000000095500000| Untracked 
| 342|0x0000000095600000, 0x0000000095600000, 0x0000000095700000|  0%| F|  |TAMS 0x0000000095600000, 0x0000000095600000| Untracked 
| 343|0x0000000095700000, 0x0000000095700000, 0x0000000095800000|  0%| F|  |TAMS 0x0000000095700000, 0x0000000095700000| Untracked 
| 344|0x0000000095800000, 0x0000000095800000, 0x0000000095900000|  0%| F|  |TAMS 0x0000000095800000, 0x0000000095800000| Untracked 
| 345|0x0000000095900000, 0x0000000095900000, 0x0000000095a00000|  0%| F|  |TAMS 0x0000000095900000, 0x0000000095900000| Untracked 
| 346|0x0000000095a00000, 0x0000000095a00000, 0x0000000095b00000|  0%| F|  |TAMS 0x0000000095a00000, 0x0000000095a00000| Untracked 
| 347|0x0000000095b00000, 0x0000000095b00000, 0x0000000095c00000|  0%| F|  |TAMS 0x0000000095b00000, 0x0000000095b00000| Untracked 
| 348|0x0000000095c00000, 0x0000000095c00000, 0x0000000095d00000|  0%| F|  |TAMS 0x0000000095c00000, 0x0000000095c00000| Untracked 
| 349|0x0000000095d00000, 0x0000000095d00000, 0x0000000095e00000|  0%| F|  |TAMS 0x0000000095d00000, 0x0000000095d00000| Untracked 
| 350|0x0000000095e00000, 0x0000000095e00000, 0x0000000095f00000|  0%| F|  |TAMS 0x0000000095e00000, 0x0000000095e00000| Untracked 
| 351|0x0000000095f00000, 0x0000000095f00000, 0x0000000096000000|  0%| F|  |TAMS 0x0000000095f00000, 0x0000000095f00000| Untracked 
| 352|0x0000000096000000, 0x0000000096000000, 0x0000000096100000|  0%| F|  |TAMS 0x0000000096000000, 0x0000000096000000| Untracked 
| 353|0x0000000096100000, 0x0000000096100000, 0x0000000096200000|  0%| F|  |TAMS 0x0000000096100000, 0x0000000096100000| Untracked 
| 354|0x0000000096200000, 0x0000000096200000, 0x0000000096300000|  0%| F|  |TAMS 0x0000000096200000, 0x0000000096200000| Untracked 
| 355|0x0000000096300000, 0x0000000096300000, 0x0000000096400000|  0%| F|  |TAMS 0x0000000096300000, 0x0000000096300000| Untracked 
| 356|0x0000000096400000, 0x000000009640dc20, 0x0000000096500000|  5%| E|  |TAMS 0x0000000096400000, 0x0000000096400000| Complete 
| 357|0x0000000096500000, 0x0000000096600000, 0x0000000096600000|100%| E|CS|TAMS 0x0000000096500000, 0x0000000096500000| Complete 
| 358|0x0000000096600000, 0x0000000096700000, 0x0000000096700000|100%| E|CS|TAMS 0x0000000096600000, 0x0000000096600000| Complete 
| 359|0x0000000096700000, 0x0000000096800000, 0x0000000096800000|100%| E|CS|TAMS 0x0000000096700000, 0x0000000096700000| Complete 
| 360|0x0000000096800000, 0x0000000096900000, 0x0000000096900000|100%| E|CS|TAMS 0x0000000096800000, 0x0000000096800000| Complete 
| 361|0x0000000096900000, 0x0000000096a00000, 0x0000000096a00000|100%| E|CS|TAMS 0x0000000096900000, 0x0000000096900000| Complete 
| 362|0x0000000096a00000, 0x0000000096b00000, 0x0000000096b00000|100%| E|CS|TAMS 0x0000000096a00000, 0x0000000096a00000| Complete 
| 363|0x0000000096b00000, 0x0000000096c00000, 0x0000000096c00000|100%| E|CS|TAMS 0x0000000096b00000, 0x0000000096b00000| Complete 
| 364|0x0000000096c00000, 0x0000000096d00000, 0x0000000096d00000|100%| E|CS|TAMS 0x0000000096c00000, 0x0000000096c00000| Complete 
| 365|0x0000000096d00000, 0x0000000096e00000, 0x0000000096e00000|100%| E|CS|TAMS 0x0000000096d00000, 0x0000000096d00000| Complete 
| 366|0x0000000096e00000, 0x0000000096f00000, 0x0000000096f00000|100%| E|CS|TAMS 0x0000000096e00000, 0x0000000096e00000| Complete 
| 367|0x0000000096f00000, 0x0000000097000000, 0x0000000097000000|100%| E|CS|TAMS 0x0000000096f00000, 0x0000000096f00000| Complete 
| 368|0x0000000097000000, 0x0000000097100000, 0x0000000097100000|100%| E|CS|TAMS 0x0000000097000000, 0x0000000097000000| Complete 
| 369|0x0000000097100000, 0x0000000097200000, 0x0000000097200000|100%| E|CS|TAMS 0x0000000097100000, 0x0000000097100000| Complete 
| 370|0x0000000097200000, 0x0000000097300000, 0x0000000097300000|100%| E|CS|TAMS 0x0000000097200000, 0x0000000097200000| Complete 
| 371|0x0000000097300000, 0x0000000097400000, 0x0000000097400000|100%| E|CS|TAMS 0x0000000097300000, 0x0000000097300000| Complete 
| 372|0x0000000097400000, 0x0000000097500000, 0x0000000097500000|100%| E|CS|TAMS 0x0000000097400000, 0x0000000097400000| Complete 
| 373|0x0000000097500000, 0x0000000097600000, 0x0000000097600000|100%| E|CS|TAMS 0x0000000097500000, 0x0000000097500000| Complete 
| 374|0x0000000097600000, 0x0000000097700000, 0x0000000097700000|100%| E|CS|TAMS 0x0000000097600000, 0x0000000097600000| Complete 
| 375|0x0000000097700000, 0x0000000097800000, 0x0000000097800000|100%| E|CS|TAMS 0x0000000097700000, 0x0000000097700000| Complete 
| 376|0x0000000097800000, 0x0000000097900000, 0x0000000097900000|100%| E|CS|TAMS 0x0000000097800000, 0x0000000097800000| Complete 
| 377|0x0000000097900000, 0x0000000097a00000, 0x0000000097a00000|100%| E|CS|TAMS 0x0000000097900000, 0x0000000097900000| Complete 
| 378|0x0000000097a00000, 0x0000000097b00000, 0x0000000097b00000|100%| E|CS|TAMS 0x0000000097a00000, 0x0000000097a00000| Complete 
| 379|0x0000000097b00000, 0x0000000097c00000, 0x0000000097c00000|100%| E|CS|TAMS 0x0000000097b00000, 0x0000000097b00000| Complete 
| 380|0x0000000097c00000, 0x0000000097d00000, 0x0000000097d00000|100%| E|CS|TAMS 0x0000000097c00000, 0x0000000097c00000| Complete 
| 381|0x0000000097d00000, 0x0000000097e00000, 0x0000000097e00000|100%| E|CS|TAMS 0x0000000097d00000, 0x0000000097d00000| Complete 
| 382|0x0000000097e00000, 0x0000000097f00000, 0x0000000097f00000|100%| E|CS|TAMS 0x0000000097e00000, 0x0000000097e00000| Complete 
| 383|0x0000000097f00000, 0x0000000098000000, 0x0000000098000000|100%| E|CS|TAMS 0x0000000097f00000, 0x0000000097f00000| Complete 

Card table byte_map: [0x000001bfe8a00000,0x000001bfe8e00000] _byte_map_base: 0x000001bfe8600000

Marking Bits (Prev, Next): (CMBitMap*) 0x000001bfd183e660, (CMBitMap*) 0x000001bfd183e620
 Prev Bits: [0x000001bfeb200000, 0x000001bfed200000)
 Next Bits: [0x000001bfe9200000, 0x000001bfeb200000)

Polling page: 0x000001bfcf6f0000

Metaspace:

Usage:
  Non-class:     91.64 MB used.
      Class:     14.91 MB used.
       Both:    106.55 MB used.

Virtual space:
  Non-class space:      128.00 MB reserved,      92.56 MB ( 72%) committed,  2 nodes.
      Class space:      416.00 MB reserved,      15.69 MB (  4%) committed,  1 nodes.
             Both:      544.00 MB reserved,     108.25 MB ( 20%) committed. 

Chunk freelists:
   Non-Class:  3.16 MB
       Class:  228.00 KB
        Both:  3.38 MB

MaxMetaspaceSize: 512.00 MB
CompressedClassSpaceSize: 416.00 MB
Initial GC threshold: 21.00 MB
Current GC threshold: 177.81 MB
CDS: on
MetaspaceReclaimPolicy: balanced
 - commit_granule_bytes: 65536.
 - commit_granule_words: 8192.
 - virtual_space_node_default_size: 8388608.
 - enlarge_chunks_in_place: 1.
 - new_chunks_are_fully_committed: 0.
 - uncommit_free_chunks: 1.
 - use_allocation_guard: 0.
 - handle_deallocations: 1.


Internal statistics:

num_allocs_failed_limit: 18.
num_arena_births: 2152.
num_arena_deaths: 0.
num_vsnodes_births: 3.
num_vsnodes_deaths: 0.
num_space_committed: 1732.
num_space_uncommitted: 0.
num_chunks_returned_to_freelist: 18.
num_chunks_taken_from_freelist: 7317.
num_chunk_merges: 18.
num_chunk_splits: 4528.
num_chunks_enlarged: 2608.
num_inconsistent_stats: 0.

CodeHeap 'non-profiled nmethods': size=120000Kb used=10464Kb max_used=10464Kb free=109535Kb
 bounds [0x000001bfe0da0000, 0x000001bfe17e0000, 0x000001bfe82d0000]
CodeHeap 'profiled nmethods': size=120000Kb used=28510Kb max_used=30587Kb free=91489Kb
 bounds [0x000001bfd92d0000, 0x000001bfdb0b0000, 0x000001bfe0800000]
CodeHeap 'non-nmethods': size=5760Kb used=2437Kb max_used=2547Kb free=3322Kb
 bounds [0x000001bfe0800000, 0x000001bfe0a80000, 0x000001bfe0da0000]
 total_blobs=15678 nmethods=14719 adapters=869
 compilation: enabled
              stopped_count=0, restarted_count=0
 full_count=0

Compilation events (20 events):
Event: 75.854 Thread 0x000001bfefc61690 nmethod 17658 0x000001bfe156ac10 code [0x000001bfe156ada0, 0x000001bfe156ae68]
Event: 75.854 Thread 0x000001bfefc61690 17672 %     4       com.google.common.collect.MapMakerInternalMap$Segment::expand @ 128 (276 bytes)
Event: 75.854 Thread 0x000001bff98ad640 nmethod 17670 0x000001bfe1027010 code [0x000001bfe10271a0, 0x000001bfe1027a08]
Event: 75.854 Thread 0x000001bff98ad640 17648       4       jdk.internal.misc.Unsafe::checkPointer (19 bytes)
Event: 75.855 Thread 0x000001bff98ad640 nmethod 17648 0x000001bfe156a910 code [0x000001bfe156aa80, 0x000001bfe156ab38]
Event: 75.856 Thread 0x000001bff98ad640 17673   !   4       org.gradle.api.internal.changedetection.state.GradleUserHomeScopeFileTimeStampInspector::timestampCanBeUsedToDetectFileChange (94 bytes)
Event: 75.857 Thread 0x000001bff98ad640 nmethod 17673 0x000001bfe156a410 code [0x000001bfe156a580, 0x000001bfe156a658]
Event: 75.867 Thread 0x000001bff98ad0f0 nmethod 17666 0x000001bfe1407f90 code [0x000001bfe14082c0, 0x000001bfe1409d00]
Event: 75.869 Thread 0x000001bff98ad0f0 17674   !   4       org.gradle.cache.internal.DefaultMultiProcessSafeIndexedCache::getIfPresent (25 bytes)
Event: 75.871 Thread 0x000001bff98ad640 17675       4       org.gradle.internal.snapshot.MerkleDirectorySnapshotBuilder::collectEntry (52 bytes)
Event: 75.896 Thread 0x000001bff98ad640 nmethod 17675 0x000001bfe1025e90 code [0x000001bfe1026040, 0x000001bfe1026a18]
Event: 75.896 Thread 0x000001bff98ad640 17676       4       org.gradle.cache.internal.btree.BTreePersistentIndexedCache$DataBlock::getValue (47 bytes)
Event: 75.910 Thread 0x000001bff98ad640 nmethod 17676 0x000001bfe1407210 code [0x000001bfe14073c0, 0x000001bfe1407c78]
Event: 75.910 Thread 0x000001bff98ad640 17677   !   4       java.util.concurrent.FutureTask::run (123 bytes)
Event: 75.944 Thread 0x000001bfefc61690 nmethod 17672% 0x000001bfe17cde10 code [0x000001bfe17ce080, 0x000001bfe17d0158]
Event: 75.944 Thread 0x000001bfefc61690 17681       4       java.nio.file.Path::toFile (36 bytes)
Event: 75.954 Thread 0x000001bfefc61690 nmethod 17681 0x000001bfe1406290 code [0x000001bfe1406460, 0x000001bfe14069c8]
Event: 75.955 Thread 0x000001bfefc61690 17683       4       org.gradle.cache.internal.btree.BTreePersistentIndexedCache$IndexBlock::find (18 bytes)
Event: 75.959 Thread 0x000001bfefc61690 nmethod 17683 0x000001bfe17d1190 code [0x000001bfe17d1340, 0x000001bfe17d1538]
Event: 75.959 Thread 0x000001bfefc61690 17684       4       org.gradle.cache.internal.DefaultCacheCoordinator$UnitOfWorkFileAccess::readFile (14 bytes)

GC Heap History (20 events):
Event: 68.114 GC heap before
{Heap before GC invocations=46 (full 0):
 garbage-first heap   total 263168K, used 220475K [0x0000000080000000, 0x0000000100000000)
  region size 1024K, 25 young (25600K), 4 survivors (4096K)
 Metaspace       used 101418K, committed 102912K, reserved 557056K
  class space    used 14245K, committed 14912K, reserved 425984K
}
Event: 68.125 GC heap after
{Heap after GC invocations=47 (full 0):
 garbage-first heap   total 263168K, used 201935K [0x0000000080000000, 0x0000000100000000)
  region size 1024K, 3 young (3072K), 3 survivors (3072K)
 Metaspace       used 101418K, committed 102912K, reserved 557056K
  class space    used 14245K, committed 14912K, reserved 425984K
}
Event: 68.249 GC heap before
{Heap before GC invocations=47 (full 0):
 garbage-first heap   total 263168K, used 207055K [0x0000000080000000, 0x0000000100000000)
  region size 1024K, 9 young (9216K), 3 survivors (3072K)
 Metaspace       used 101724K, committed 103168K, reserved 557056K
  class space    used 14291K, committed 14912K, reserved 425984K
}
Event: 68.258 GC heap after
{Heap after GC invocations=48 (full 0):
 garbage-first heap   total 316416K, used 202592K [0x0000000080000000, 0x0000000100000000)
  region size 1024K, 1 young (1024K), 1 survivors (1024K)
 Metaspace       used 101724K, committed 103168K, reserved 557056K
  class space    used 14291K, committed 14912K, reserved 425984K
}
Event: 69.445 GC heap before
{Heap before GC invocations=49 (full 0):
 garbage-first heap   total 362496K, used 251744K [0x0000000080000000, 0x0000000100000000)
  region size 1024K, 49 young (50176K), 1 survivors (1024K)
 Metaspace       used 105472K, committed 107072K, reserved 557056K
  class space    used 14834K, committed 15552K, reserved 425984K
}
Event: 69.459 GC heap after
{Heap after GC invocations=50 (full 0):
 garbage-first heap   total 362496K, used 205868K [0x0000000080000000, 0x0000000100000000)
  region size 1024K, 4 young (4096K), 4 survivors (4096K)
 Metaspace       used 105472K, committed 107072K, reserved 557056K
  class space    used 14834K, committed 15552K, reserved 425984K
}
Event: 70.060 GC heap before
{Heap before GC invocations=50 (full 0):
 garbage-first heap   total 362496K, used 219180K [0x0000000080000000, 0x0000000100000000)
  region size 1024K, 17 young (17408K), 4 survivors (4096K)
 Metaspace       used 105581K, committed 107136K, reserved 557056K
  class space    used 14840K, committed 15552K, reserved 425984K
}
Event: 70.072 GC heap after
{Heap after GC invocations=51 (full 0):
 garbage-first heap   total 362496K, used 203511K [0x0000000080000000, 0x0000000100000000)
  region size 1024K, 3 young (3072K), 3 survivors (3072K)
 Metaspace       used 105581K, committed 107136K, reserved 557056K
  class space    used 14840K, committed 15552K, reserved 425984K
}
Event: 71.657 GC heap before
{Heap before GC invocations=51 (full 0):
 garbage-first heap   total 362496K, used 287479K [0x0000000080000000, 0x0000000100000000)
  region size 1024K, 85 young (87040K), 3 survivors (3072K)
 Metaspace       used 107560K, committed 109120K, reserved 557056K
  class space    used 15091K, committed 15808K, reserved 425984K
}
Event: 71.679 GC heap after
{Heap after GC invocations=52 (full 0):
 garbage-first heap   total 362496K, used 216753K [0x0000000080000000, 0x0000000100000000)
  region size 1024K, 11 young (11264K), 11 survivors (11264K)
 Metaspace       used 107560K, committed 109120K, reserved 557056K
  class space    used 15091K, committed 15808K, reserved 425984K
}
Event: 72.793 GC heap before
{Heap before GC invocations=53 (full 0):
 garbage-first heap   total 393216K, used 288433K [0x0000000080000000, 0x0000000100000000)
  region size 1024K, 81 young (82944K), 11 survivors (11264K)
 Metaspace       used 107853K, committed 109568K, reserved 557056K
  class space    used 15104K, committed 15872K, reserved 425984K
}
Event: 72.814 GC heap after
{Heap after GC invocations=54 (full 0):
 garbage-first heap   total 393216K, used 223901K [0x0000000080000000, 0x0000000100000000)
  region size 1024K, 7 young (7168K), 7 survivors (7168K)
 Metaspace       used 107853K, committed 109568K, reserved 557056K
  class space    used 15104K, committed 15872K, reserved 425984K
}
Event: 72.944 GC heap before
{Heap before GC invocations=54 (full 0):
 garbage-first heap   total 393216K, used 236189K [0x0000000080000000, 0x0000000100000000)
  region size 1024K, 19 young (19456K), 7 survivors (7168K)
 Metaspace       used 107931K, committed 109632K, reserved 557056K
  class space    used 15118K, committed 15872K, reserved 425984K
}
Event: 72.957 GC heap after
{Heap after GC invocations=55 (full 0):
 garbage-first heap   total 393216K, used 222633K [0x0000000080000000, 0x0000000100000000)
  region size 1024K, 2 young (2048K), 2 survivors (2048K)
 Metaspace       used 107931K, committed 109632K, reserved 557056K
  class space    used 15118K, committed 15872K, reserved 425984K
}
Event: 74.001 GC heap before
{Heap before GC invocations=55 (full 0):
 garbage-first heap   total 393216K, used 315817K [0x0000000080000000, 0x0000000100000000)
  region size 1024K, 94 young (96256K), 2 survivors (2048K)
 Metaspace       used 108730K, committed 110464K, reserved 557056K
  class space    used 15220K, committed 16000K, reserved 425984K
}
Event: 74.017 GC heap after
{Heap after GC invocations=56 (full 0):
 garbage-first heap   total 393216K, used 231475K [0x0000000080000000, 0x0000000100000000)
  region size 1024K, 11 young (11264K), 11 survivors (11264K)
 Metaspace       used 108730K, committed 110464K, reserved 557056K
  class space    used 15220K, committed 16000K, reserved 425984K
}
Event: 75.180 GC heap before
{Heap before GC invocations=56 (full 0):
 garbage-first heap   total 393216K, used 318515K [0x0000000080000000, 0x0000000100000000)
  region size 1024K, 97 young (99328K), 11 survivors (11264K)
 Metaspace       used 109096K, committed 110848K, reserved 557056K
  class space    used 15262K, committed 16064K, reserved 425984K
}
Event: 75.194 GC heap after
{Heap after GC invocations=57 (full 0):
 garbage-first heap   total 393216K, used 234955K [0x0000000080000000, 0x0000000100000000)
  region size 1024K, 6 young (6144K), 6 survivors (6144K)
 Metaspace       used 109096K, committed 110848K, reserved 557056K
  class space    used 15262K, committed 16064K, reserved 425984K
}
Event: 75.878 GC heap before
{Heap before GC invocations=57 (full 0):
 garbage-first heap   total 393216K, used 324043K [0x0000000080000000, 0x0000000100000000)
  region size 1024K, 93 young (95232K), 6 survivors (6144K)
 Metaspace       used 109106K, committed 110848K, reserved 557056K
  class space    used 15263K, committed 16064K, reserved 425984K
}
Event: 75.886 GC heap after
{Heap after GC invocations=58 (full 0):
 garbage-first heap   total 393216K, used 236382K [0x0000000080000000, 0x0000000100000000)
  region size 1024K, 7 young (7168K), 7 survivors (7168K)
 Metaspace       used 109106K, committed 110848K, reserved 557056K
  class space    used 15263K, committed 16064K, reserved 425984K
}

Dll operation events (14 events):
Event: 0.012 Loaded shared library C:\Program Files\Microsoft\jdk-17.0.8.7-hotspot\bin\java.dll
Event: 0.032 Loaded shared library C:\Program Files\Microsoft\jdk-17.0.8.7-hotspot\bin\jsvml.dll
Event: 0.081 Loaded shared library C:\Program Files\Microsoft\jdk-17.0.8.7-hotspot\bin\zip.dll
Event: 0.085 Loaded shared library C:\Program Files\Microsoft\jdk-17.0.8.7-hotspot\bin\instrument.dll
Event: 0.090 Loaded shared library C:\Program Files\Microsoft\jdk-17.0.8.7-hotspot\bin\net.dll
Event: 0.091 Loaded shared library C:\Program Files\Microsoft\jdk-17.0.8.7-hotspot\bin\nio.dll
Event: 0.094 Loaded shared library C:\Program Files\Microsoft\jdk-17.0.8.7-hotspot\bin\zip.dll
Event: 0.428 Loaded shared library C:\Program Files\Microsoft\jdk-17.0.8.7-hotspot\bin\jimage.dll
Event: 0.508 Loaded shared library C:\Program Files\Microsoft\jdk-17.0.8.7-hotspot\bin\verify.dll
Event: 0.723 Loaded shared library C:\Users\Danis\.gradle\native\c067742578af261105cb4f569cf0c3c89f3d7b1fecec35dd04571415982c5e48\windows-amd64\native-platform.dll
Event: 0.737 Loaded shared library C:\Users\Danis\.gradle\native\38dada09dfb8b06ba9b0570ebf7e218e3eb74d4ef43ca46872605cf95ebc2f47\windows-amd64\native-platform-file-events.dll
Event: 2.204 Loaded shared library C:\Program Files\Microsoft\jdk-17.0.8.7-hotspot\bin\management.dll
Event: 2.207 Loaded shared library C:\Program Files\Microsoft\jdk-17.0.8.7-hotspot\bin\management_ext.dll
Event: 2.854 Loaded shared library C:\Program Files\Microsoft\jdk-17.0.8.7-hotspot\bin\sunmscapi.dll

Deoptimization events (20 events):
Event: 75.027 Thread 0x000001bff9269c60 Uncommon trap: trap_request=0xffffff45 fr.pc=0x000001bfe11f2b98 relative=0x0000000000000c38
Event: 75.027 Thread 0x000001bff9269c60 Uncommon trap: reason=unstable_if action=reinterpret pc=0x000001bfe11f2b98 method=org.gradle.internal.snapshot.PathUtil.equalChars(CCLorg/gradle/internal/snapshot/CaseSensitivity;)Z @ 40 c2
Event: 75.027 Thread 0x000001bff9269c60 DEOPT PACKING pc=0x000001bfe11f2b98 sp=0x0000003ac7dfc1f0
Event: 75.027 Thread 0x000001bff9269c60 DEOPT UNPACKING pc=0x000001bfe085a1a3 sp=0x0000003ac7dfc058 mode 2
Event: 75.027 Thread 0x000001bff9269c60 Uncommon trap: trap_request=0xffffff45 fr.pc=0x000001bfe11ec10c relative=0x000000000000068c
Event: 75.027 Thread 0x000001bff9269c60 Uncommon trap: reason=unstable_if action=reinterpret pc=0x000001bfe11ec10c method=org.gradle.internal.snapshot.PathUtil.equalChars(CCLorg/gradle/internal/snapshot/CaseSensitivity;)Z @ 40 c2
Event: 75.027 Thread 0x000001bff9269c60 DEOPT PACKING pc=0x000001bfe11ec10c sp=0x0000003ac7dfbea0
Event: 75.027 Thread 0x000001bff9269c60 DEOPT UNPACKING pc=0x000001bfe085a1a3 sp=0x0000003ac7dfbd58 mode 2
Event: 75.248 Thread 0x000001bf9f77a9b0 Uncommon trap: trap_request=0xffffff76 fr.pc=0x000001bfe156f120 relative=0x0000000000001540
Event: 75.248 Thread 0x000001bf9f77a9b0 Uncommon trap: reason=predicate action=maybe_recompile pc=0x000001bfe156f120 method=java.util.TimSort.reverseRange([Ljava/lang/Object;II)V @ 5 c2
Event: 75.248 Thread 0x000001bf9f77a9b0 DEOPT PACKING pc=0x000001bfe156f120 sp=0x0000003acabfd370
Event: 75.248 Thread 0x000001bf9f77a9b0 DEOPT UNPACKING pc=0x000001bfe085a1a3 sp=0x0000003acabfd220 mode 2
Event: 75.502 Thread 0x000001bf9f779060 Uncommon trap: trap_request=0xffffffd6 fr.pc=0x000001bfe13aafc8 relative=0x0000000000000628
Event: 75.502 Thread 0x000001bf9f779060 Uncommon trap: reason=array_check action=maybe_recompile pc=0x000001bfe13aafc8 method=java.util.TimSort.reverseRange([Ljava/lang/Object;II)V @ 20 c2
Event: 75.502 Thread 0x000001bf9f779060 DEOPT PACKING pc=0x000001bfe13aafc8 sp=0x0000003acaafd8e0
Event: 75.502 Thread 0x000001bf9f779060 DEOPT UNPACKING pc=0x000001bfe085a1a3 sp=0x0000003acaafd810 mode 2
Event: 75.507 Thread 0x000001bf9f77c300 Uncommon trap: trap_request=0xffffffd6 fr.pc=0x000001bfe13aafc8 relative=0x0000000000000628
Event: 75.507 Thread 0x000001bf9f77c300 Uncommon trap: reason=array_check action=maybe_recompile pc=0x000001bfe13aafc8 method=java.util.TimSort.reverseRange([Ljava/lang/Object;II)V @ 20 c2
Event: 75.507 Thread 0x000001bf9f77c300 DEOPT PACKING pc=0x000001bfe13aafc8 sp=0x0000003aca8fd660
Event: 75.507 Thread 0x000001bf9f77c300 DEOPT UNPACKING pc=0x000001bfe085a1a3 sp=0x0000003aca8fd590 mode 2

Classes unloaded (0 events):
No events

Classes redefined (0 events):
No events

Internal exceptions (20 events):
Event: 68.729 Thread 0x000001bfefc6c010 Implicit null exception at 0x000001bfe11ac634 to 0x000001bfe11acccc
Event: 68.741 Thread 0x000001bfefc6c010 Implicit null exception at 0x000001bfe0f25e91 to 0x000001bfe0f264c8
Event: 69.034 Thread 0x000001bfefc6c010 Exception <a 'sun/nio/fs/WindowsException'{0x0000000094f9e050}> (0x0000000094f9e050) 
thrown [s\src\hotspot\share\prims\jni.cpp, line 516]
Event: 69.034 Thread 0x000001bfefc6c010 Exception <a 'sun/nio/fs/WindowsException'{0x0000000094f9f690}> (0x0000000094f9f690) 
thrown [s\src\hotspot\share\prims\jni.cpp, line 516]
Event: 69.035 Thread 0x000001bfefc6c010 Exception <a 'sun/nio/fs/WindowsException'{0x0000000094fa0d20}> (0x0000000094fa0d20) 
thrown [s\src\hotspot\share\prims\jni.cpp, line 516]
Event: 69.035 Thread 0x000001bfefc6c010 Exception <a 'sun/nio/fs/WindowsException'{0x0000000094fa23b0}> (0x0000000094fa23b0) 
thrown [s\src\hotspot\share\prims\jni.cpp, line 516]
Event: 69.108 Thread 0x000001bfefc6c010 Implicit null exception at 0x000001bfe1406ad4 to 0x000001bfe140f8a4
Event: 70.659 Thread 0x000001bfefc6c010 Implicit null exception at 0x000001bfe163a0a7 to 0x000001bfe163a748
Event: 70.659 Thread 0x000001bfefc6c010 Implicit null exception at 0x000001bfe162a84e to 0x000001bfe162b1f8
Event: 71.093 Thread 0x000001bfefc6c010 Implicit null exception at 0x000001bfe1678eb8 to 0x000001bfe1679a28
Event: 71.141 Thread 0x000001bfefc6c010 Exception <a 'java/lang/IncompatibleClassChangeError'{0x0000000092a12fe8}: Found class java.lang.Object, but interface was expected> (0x0000000092a12fe8) 
thrown [s\src\hotspot\share\interpreter\linkResolver.cpp, line 826]
Event: 73.715 Thread 0x000001bf9f7964f0 Exception <a 'java/lang/NoSuchMethodError'{0x0000000094561940}: 'java.lang.Object java.lang.invoke.DirectMethodHandle$Holder.invokeSpecialIFC(java.lang.Object, java.lang.Object, java.lang.Object)'> (0x0000000094561940) 
thrown [s\src\hotspot\share\interpreter\linkResolver.cpp, line 759]
Event: 73.715 Thread 0x000001bf9f792830 Exception <a 'java/lang/NoSuchMethodError'{0x00000000945213e8}: 'java.lang.Object java.lang.invoke.DirectMethodHandle$Holder.invokeSpecialIFC(java.lang.Object, java.lang.Object, java.lang.Object)'> (0x00000000945213e8) 
thrown [s\src\hotspot\share\interpreter\linkResolver.cpp, line 759]
Event: 74.874 Thread 0x000001bff9265070 Exception <a 'java/lang/ClassNotFoundException'{0x000000009327a0c0}: groovy/util/FileTreeBuilderBeanInfo> (0x000000009327a0c0) 
thrown [s\src\hotspot\share\classfile\systemDictionary.cpp, line 256]
Event: 74.876 Thread 0x000001bff9265070 Exception <a 'java/lang/ClassNotFoundException'{0x00000000932f4998}: groovy/util/FileTreeBuilderCustomizer> (0x00000000932f4998) 
thrown [s\src\hotspot\share\classfile\systemDictionary.cpp, line 256]
Event: 74.885 Thread 0x000001bff9265070 Exception <a 'java/lang/ClassNotFoundException'{0x0000000093138978}: java/io/BufferedWriterBeanInfo> (0x0000000093138978) 
thrown [s\src\hotspot\share\classfile\systemDictionary.cpp, line 256]
Event: 74.886 Thread 0x000001bff9265070 Exception <a 'java/lang/ClassNotFoundException'{0x000000009313f4c0}: java/io/WriterBeanInfo> (0x000000009313f4c0) 
thrown [s\src\hotspot\share\classfile\systemDictionary.cpp, line 256]
Event: 74.886 Thread 0x000001bff9265070 Exception <a 'java/lang/ClassNotFoundException'{0x0000000093145de0}: java/io/WriterCustomizer> (0x0000000093145de0) 
thrown [s\src\hotspot\share\classfile\systemDictionary.cpp, line 256]
Event: 74.887 Thread 0x000001bff9265070 Exception <a 'java/lang/ClassNotFoundException'{0x0000000093157c88}: java/io/BufferedWriterCustomizer> (0x0000000093157c88) 
thrown [s\src\hotspot\share\classfile\systemDictionary.cpp, line 256]
Event: 74.932 Thread 0x000001bff9265070 Exception <a 'java/lang/NoSuchMethodError'{0x00000000931d8d70}: static Lcom/android/build/api/variant/BuildConfigField;.<clinit>()V> (0x00000000931d8d70) 
thrown [s\src\hotspot\share\prims\jni.cpp, line 1107]

VM Operations (20 events):
Event: 73.618 Executing VM operation: ICBufferFull
Event: 73.618 Executing VM operation: ICBufferFull done
Event: 73.634 Executing VM operation: HandshakeAllThreads
Event: 73.634 Executing VM operation: HandshakeAllThreads done
Event: 73.910 Executing VM operation: HandshakeAllThreads
Event: 73.911 Executing VM operation: HandshakeAllThreads done
Event: 74.000 Executing VM operation: G1CollectForAllocation
Event: 74.017 Executing VM operation: G1CollectForAllocation done
Event: 74.540 Executing VM operation: HandshakeAllThreads
Event: 74.541 Executing VM operation: HandshakeAllThreads done
Event: 74.620 Executing VM operation: HandshakeAllThreads
Event: 74.621 Executing VM operation: HandshakeAllThreads done
Event: 74.790 Executing VM operation: HandshakeAllThreads
Event: 74.790 Executing VM operation: HandshakeAllThreads done
Event: 74.892 Executing VM operation: ICBufferFull
Event: 74.892 Executing VM operation: ICBufferFull done
Event: 75.180 Executing VM operation: G1CollectForAllocation
Event: 75.196 Executing VM operation: G1CollectForAllocation done
Event: 75.877 Executing VM operation: G1CollectForAllocation
Event: 75.886 Executing VM operation: G1CollectForAllocation done

Events (20 events):
Event: 74.832 Thread 0x000001bfefc6d450 flushing nmethod 0x000001bfdb04d790
Event: 74.832 Thread 0x000001bfefc6d450 flushing nmethod 0x000001bfdb06d810
Event: 74.832 Thread 0x000001bfefc6d450 flushing nmethod 0x000001bfdb06dc90
Event: 74.833 Thread 0x000001bfefc6d450 flushing nmethod 0x000001bfdb08ec90
Event: 74.884 loading class java/io/BufferedWriterBeanInfo
Event: 74.884 loading class java/io/BufferedWriterBeanInfo done
Event: 74.885 loading class java/io/BufferedWriterBeanInfo
Event: 74.885 loading class java/io/BufferedWriterBeanInfo done
Event: 74.885 loading class java/io/WriterBeanInfo
Event: 74.885 loading class java/io/WriterBeanInfo done
Event: 74.886 loading class java/io/WriterBeanInfo
Event: 74.886 loading class java/io/WriterBeanInfo done
Event: 74.886 loading class java/io/WriterCustomizer
Event: 74.886 loading class java/io/WriterCustomizer done
Event: 74.886 loading class java/io/WriterCustomizer
Event: 74.886 loading class java/io/WriterCustomizer done
Event: 74.887 loading class java/io/BufferedWriterCustomizer
Event: 74.887 loading class java/io/BufferedWriterCustomizer done
Event: 74.887 loading class java/io/BufferedWriterCustomizer
Event: 74.887 loading class java/io/BufferedWriterCustomizer done


Dynamic libraries:
0x00007ff63c8b0000 - 0x00007ff63c8be000 	C:\Program Files\Microsoft\jdk-17.0.8.7-hotspot\bin\java.exe
0x00007ff940c30000 - 0x00007ff940e47000 	C:\WINDOWS\SYSTEM32\ntdll.dll
0x00007ff93fe90000 - 0x00007ff93ff54000 	C:\WINDOWS\System32\KERNEL32.DLL
0x00007ff93e460000 - 0x00007ff93e80d000 	C:\WINDOWS\System32\KERNELBASE.dll
0x00007ff93e200000 - 0x00007ff93e311000 	C:\WINDOWS\System32\ucrtbase.dll
0x00007ff91c3d0000 - 0x00007ff91c3e7000 	C:\Program Files\Microsoft\jdk-17.0.8.7-hotspot\bin\jli.dll
0x00007ff940a40000 - 0x00007ff940bf0000 	C:\WINDOWS\System32\USER32.dll
0x00007ff93dfc0000 - 0x00007ff93dfe6000 	C:\WINDOWS\System32\win32u.dll
0x00007ff940470000 - 0x00007ff940499000 	C:\WINDOWS\System32\GDI32.dll
0x00007ff93e810000 - 0x00007ff93e929000 	C:\WINDOWS\System32\gdi32full.dll
0x00007ff93dff0000 - 0x00007ff93e08a000 	C:\WINDOWS\System32\msvcp_win.dll
0x00007ff91ca20000 - 0x00007ff91ccb3000 	C:\WINDOWS\WinSxS\amd64_microsoft.windows.common-controls_6595b64144ccf1df_6.0.22621.3646_none_27105dd3738543d4\COMCTL32.dll
0x00007ff90dd10000 - 0x00007ff90dd2b000 	C:\Program Files\Microsoft\jdk-17.0.8.7-hotspot\bin\VCRUNTIME140.dll
0x00007ff93ebe0000 - 0x00007ff93ec87000 	C:\WINDOWS\System32\msvcrt.dll
0x00007ff9404a0000 - 0x00007ff9404d1000 	C:\WINDOWS\System32\IMM32.DLL
0x00007ff938110000 - 0x00007ff93811c000 	C:\Program Files\Microsoft\jdk-17.0.8.7-hotspot\bin\vcruntime140_1.dll
0x00007ff8c58e0000 - 0x00007ff8c596d000 	C:\Program Files\Microsoft\jdk-17.0.8.7-hotspot\bin\msvcp140.dll
0x00007ff89d700000 - 0x00007ff89e365000 	C:\Program Files\Microsoft\jdk-17.0.8.7-hotspot\bin\server\jvm.dll
0x00007ff93eb20000 - 0x00007ff93ebd2000 	C:\WINDOWS\System32\ADVAPI32.dll
0x00007ff93fab0000 - 0x00007ff93fb59000 	C:\WINDOWS\System32\sechost.dll
0x00007ff93e930000 - 0x00007ff93e958000 	C:\WINDOWS\System32\bcrypt.dll
0x00007ff9402f0000 - 0x00007ff940404000 	C:\WINDOWS\System32\RPCRT4.dll
0x00007ff93dc60000 - 0x00007ff93dcad000 	C:\WINDOWS\SYSTEM32\POWRPROF.dll
0x00007ff932370000 - 0x00007ff932379000 	C:\WINDOWS\SYSTEM32\WSOCK32.dll
0x00007ff937f00000 - 0x00007ff937f34000 	C:\WINDOWS\SYSTEM32\WINMM.dll
0x00007ff9401e0000 - 0x00007ff940251000 	C:\WINDOWS\System32\WS2_32.dll
0x00007ff9338e0000 - 0x00007ff9338ea000 	C:\WINDOWS\SYSTEM32\VERSION.dll
0x00007ff93dc40000 - 0x00007ff93dc53000 	C:\WINDOWS\SYSTEM32\UMPDC.dll
0x00007ff93cf80000 - 0x00007ff93cf98000 	C:\WINDOWS\SYSTEM32\kernel.appcore.dll
0x00007ff925ad0000 - 0x00007ff925ada000 	C:\Program Files\Microsoft\jdk-17.0.8.7-hotspot\bin\jimage.dll
0x00007ff93b7a0000 - 0x00007ff93b9d2000 	C:\WINDOWS\SYSTEM32\DBGHELP.DLL
0x00007ff9405b0000 - 0x00007ff94093d000 	C:\WINDOWS\System32\combase.dll
0x00007ff93fdb0000 - 0x00007ff93fe87000 	C:\WINDOWS\System32\OLEAUT32.dll
0x00007ff930d20000 - 0x00007ff930d52000 	C:\WINDOWS\SYSTEM32\dbgcore.DLL
0x00007ff93e320000 - 0x00007ff93e39b000 	C:\WINDOWS\System32\bcryptPrimitives.dll
0x00007ff914c00000 - 0x00007ff914c0e000 	C:\Program Files\Microsoft\jdk-17.0.8.7-hotspot\bin\instrument.dll
0x00007ff8d7cc0000 - 0x00007ff8d7ce5000 	C:\Program Files\Microsoft\jdk-17.0.8.7-hotspot\bin\java.dll
0x00007ff8c0370000 - 0x00007ff8c0447000 	C:\Program Files\Microsoft\jdk-17.0.8.7-hotspot\bin\jsvml.dll
0x00007ff93eda0000 - 0x00007ff93f607000 	C:\WINDOWS\System32\SHELL32.dll
0x00007ff93be90000 - 0x00007ff93c78d000 	C:\WINDOWS\SYSTEM32\windows.storage.dll
0x00007ff93bd50000 - 0x00007ff93be8f000 	C:\WINDOWS\SYSTEM32\wintypes.dll
0x00007ff93eca0000 - 0x00007ff93ed99000 	C:\WINDOWS\System32\SHCORE.dll
0x00007ff93ff60000 - 0x00007ff93ffbe000 	C:\WINDOWS\System32\shlwapi.dll
0x00007ff93de80000 - 0x00007ff93dea1000 	C:\WINDOWS\SYSTEM32\profapi.dll
0x00007ff9049a0000 - 0x00007ff9049b8000 	C:\Program Files\Microsoft\jdk-17.0.8.7-hotspot\bin\zip.dll
0x00007ff908620000 - 0x00007ff908639000 	C:\Program Files\Microsoft\jdk-17.0.8.7-hotspot\bin\net.dll
0x00007ff9394b0000 - 0x00007ff9395e6000 	C:\WINDOWS\SYSTEM32\WINHTTP.dll
0x00007ff93d3f0000 - 0x00007ff93d459000 	C:\WINDOWS\system32\mswsock.dll
0x00007ff907b10000 - 0x00007ff907b26000 	C:\Program Files\Microsoft\jdk-17.0.8.7-hotspot\bin\nio.dll
0x00007ff938120000 - 0x00007ff938130000 	C:\Program Files\Microsoft\jdk-17.0.8.7-hotspot\bin\verify.dll
0x00007ff914a50000 - 0x00007ff914a77000 	C:\Users\Danis\.gradle\native\c067742578af261105cb4f569cf0c3c89f3d7b1fecec35dd04571415982c5e48\windows-amd64\native-platform.dll
0x00007ff8d5700000 - 0x00007ff8d5844000 	C:\Users\Danis\.gradle\native\38dada09dfb8b06ba9b0570ebf7e218e3eb74d4ef43ca46872605cf95ebc2f47\windows-amd64\native-platform-file-events.dll
0x00007ff91b890000 - 0x00007ff91b899000 	C:\Program Files\Microsoft\jdk-17.0.8.7-hotspot\bin\management.dll
0x00007ff914630000 - 0x00007ff91463b000 	C:\Program Files\Microsoft\jdk-17.0.8.7-hotspot\bin\management_ext.dll
0x00007ff93fda0000 - 0x00007ff93fda8000 	C:\WINDOWS\System32\PSAPI.DLL
0x00007ff93d650000 - 0x00007ff93d66b000 	C:\WINDOWS\SYSTEM32\CRYPTSP.dll
0x00007ff93cee0000 - 0x00007ff93cf15000 	C:\WINDOWS\system32\rsaenh.dll
0x00007ff93d4f0000 - 0x00007ff93d518000 	C:\WINDOWS\SYSTEM32\USERENV.dll
0x00007ff93d670000 - 0x00007ff93d67c000 	C:\WINDOWS\SYSTEM32\CRYPTBASE.dll
0x00007ff93c9f0000 - 0x00007ff93ca1d000 	C:\WINDOWS\SYSTEM32\IPHLPAPI.DLL
0x00007ff93ec90000 - 0x00007ff93ec99000 	C:\WINDOWS\System32\NSI.dll
0x00007ff939380000 - 0x00007ff939399000 	C:\WINDOWS\SYSTEM32\dhcpcsvc6.DLL
0x00007ff939360000 - 0x00007ff93937f000 	C:\WINDOWS\SYSTEM32\dhcpcsvc.DLL
0x00007ff93ca60000 - 0x00007ff93cb58000 	C:\WINDOWS\SYSTEM32\DNSAPI.dll
0x00007ff90dcc0000 - 0x00007ff90dcce000 	C:\Program Files\Microsoft\jdk-17.0.8.7-hotspot\bin\sunmscapi.dll
0x00007ff93e090000 - 0x00007ff93e1f7000 	C:\WINDOWS\System32\CRYPT32.dll
0x00007ff93d810000 - 0x00007ff93d83e000 	C:\WINDOWS\SYSTEM32\ncrypt.dll
0x00007ff93d7d0000 - 0x00007ff93d807000 	C:\WINDOWS\SYSTEM32\NTASN1.dll
0x00007ff90f0f0000 - 0x00007ff90f0f8000 	C:\WINDOWS\system32\wshunix.dll
0x00007ff91ce00000 - 0x00007ff91ce17000 	C:\WINDOWS\system32\napinsp.dll
0x00007ff91cde0000 - 0x00007ff91cdfb000 	C:\WINDOWS\system32\pnrpnsp.dll
0x00007ff91cdc0000 - 0x00007ff91cdd1000 	C:\WINDOWS\System32\winrnr.dll
0x00007ff933460000 - 0x00007ff933475000 	C:\WINDOWS\system32\wshbth.dll
0x00007ff91cd90000 - 0x00007ff91cdb7000 	C:\WINDOWS\system32\nlansp_c.dll
0x00007ff933510000 - 0x00007ff93351a000 	C:\Windows\System32\rasadhlp.dll
0x00007ff9375d0000 - 0x00007ff937653000 	C:\WINDOWS\System32\fwpuclnt.dll

dbghelp: loaded successfully - version: 4.0.5 - missing functions: none
symbol engine: initialized successfully - sym options: 0x614 - pdb path: .;C:\Program Files\Microsoft\jdk-17.0.8.7-hotspot\bin;C:\WINDOWS\SYSTEM32;C:\WINDOWS\WinSxS\amd64_microsoft.windows.common-controls_6595b64144ccf1df_6.0.22621.3646_none_27105dd3738543d4;C:\Program Files\Microsoft\jdk-17.0.8.7-hotspot\bin\server;C:\Users\Danis\.gradle\native\c067742578af261105cb4f569cf0c3c89f3d7b1fecec35dd04571415982c5e48\windows-amd64;C:\Users\Danis\.gradle\native\38dada09dfb8b06ba9b0570ebf7e218e3eb74d4ef43ca46872605cf95ebc2f47\windows-amd64

VM Arguments:
jvm_args: -XX:MaxMetaspaceSize=512m --add-opens=java.base/java.util=ALL-UNNAMED --add-opens=java.base/java.lang=ALL-UNNAMED --add-opens=java.base/java.lang.invoke=ALL-UNNAMED --add-opens=java.prefs/java.util.prefs=ALL-UNNAMED --add-opens=java.base/java.nio.charset=ALL-UNNAMED --add-opens=java.base/java.net=ALL-UNNAMED --add-opens=java.base/java.util.concurrent.atomic=ALL-UNNAMED -Xmx2048m -Dfile.encoding=windows-1252 -Duser.country=US -Duser.language=en -Duser.variant -javaagent:C:\Users\Danis\.gradle\wrapper\dists\gradle-8.6-all\3mbtmo166bl6vumsh5k2lkq5h\gradle-8.6\lib\agents\gradle-instrumentation-agent-8.6.jar 
java_command: org.gradle.launcher.daemon.bootstrap.GradleDaemon 8.6
java_class_path (initial): C:\Users\Danis\.gradle\wrapper\dists\gradle-8.6-all\3mbtmo166bl6vumsh5k2lkq5h\gradle-8.6\lib\gradle-launcher-8.6.jar
Launcher Type: SUN_STANDARD

[Global flags]
     intx CICompilerCount                          = 4                                         {product} {ergonomic}
   size_t CompressedClassSpaceSize                 = 436207616                                 {product} {ergonomic}
     uint ConcGCThreads                            = 2                                         {product} {ergonomic}
     uint G1ConcRefinementThreads                  = 8                                         {product} {ergonomic}
   size_t G1HeapRegionSize                         = 1048576                                   {product} {ergonomic}
    uintx GCDrainStackTargetSize                   = 64                                        {product} {ergonomic}
   size_t InitialHeapSize                          = 199229440                                 {product} {ergonomic}
   size_t MarkStackSize                            = 4194304                                   {product} {ergonomic}
   size_t MaxHeapSize                              = 2147483648                                {product} {command line}
   size_t MaxMetaspaceSize                         = 536870912                                 {product} {command line}
   size_t MaxNewSize                               = 1287651328                                {product} {ergonomic}
   size_t MinHeapDeltaBytes                        = 1048576                                   {product} {ergonomic}
   size_t MinHeapSize                              = 8388608                                   {product} {ergonomic}
    uintx NonNMethodCodeHeapSize                   = 5839372                                {pd product} {ergonomic}
    uintx NonProfiledCodeHeapSize                  = 122909434                              {pd product} {ergonomic}
    uintx ProfiledCodeHeapSize                     = 122909434                              {pd product} {ergonomic}
    uintx ReservedCodeCacheSize                    = 251658240                              {pd product} {ergonomic}
     bool SegmentedCodeCache                       = true                                      {product} {ergonomic}
   size_t SoftMaxHeapSize                          = 2147483648                             {manageable} {ergonomic}
     bool UseCompressedClassPointers               = true                           {product lp64_product} {ergonomic}
     bool UseCompressedOops                        = true                           {product lp64_product} {ergonomic}
     bool UseG1GC                                  = true                                      {product} {ergonomic}
     bool UseLargePagesIndividualAllocation        = false                                  {pd product} {ergonomic}

Logging:
Log output configuration:
 #0: stdout all=warning uptime,level,tags
 #1: stderr all=off uptime,level,tags

Environment Variables:
JAVA_HOME=C:\Program Files\Microsoft\jdk-17.0.8.7-hotspot\
CLASSPATH=D:\Photon-Pos\#2 Retailer\omniretailer\android\\gradle\wrapper\gradle-wrapper.jar
PATH=D:\Photon-Pos\#2 Retailer\omniretailer\node_modules\.bin;D:\Photon-Pos\#2 Retailer\omniretailer\node_modules\.bin;D:\Photon-Pos\#2 Retailer\node_modules\.bin;D:\Photon-Pos\node_modules\.bin;D:\node_modules\.bin;C:\Users\Danis\AppData\Roaming\nvm\v20.14.0\node_modules\npm\node_modules\@npmcli\run-script\lib\node-gyp-bin;D:\Photon-Pos\#2 Retailer\omniretailer\node_modules\.bin;D:\Photon-Pos\#2 Retailer\node_modules\.bin;D:\Photon-Pos\node_modules\.bin;D:\node_modules\.bin;C:\Users\Danis\AppData\Roaming\nvm\v20.14.0\node_modules\npm\node_modules\@npmcli\run-script\lib\node-gyp-bin;C:\Program Files\Microsoft\jdk-17.0.8.7-hotspot\bin;C:\WINDOWS\system32;C:\WINDOWS;C:\WINDOWS\System32\Wbem;C:\WINDOWS\System32\WindowsPowerShell\v1.0\;C:\WINDOWS\System32\OpenSSH\;C:\ProgramData\chocolatey\bin;C:\Users\Danis\AppData\Local\Android\Sdk\platform-tools;C:\Program Files\Git\cmd;C:\Program Files\MySQL\MySQL Server 8.0\bin;C:\Program Files\MongoDB\mongosh-1.10.1-win32-x64\bin;C:\Program Files\PuTTY\;C:\Program Files\MongoDB\Server\7.0\bin;C:\Program Files\Microsoft\jdk-11.0.18.10-hotspot\bin;C:\Program Files\HP\HP One Agent;C:\Program Files\OpenSSL-Win64\bin;C:\Users\Danis\AppData\Roaming\nvm;C:\Program Files\nodejs;C:\Users\Danis\AppData\Local\Programs\Python\Launcher\;C:\Users\Danis\AppData\Local\Android\Sdk\tools;C:\Program Files\MySQL\MySQL Shell 8.0\bin\;C:\Users\Danis\AppData\Local\Microsoft\WindowsApps;C:\Users\Danis\AppData\Local\Programs\Microsoft VS Code\bin;C:\software\mongosh-2.0.2-win32-x64\bin;C:\Users\Danis\AppData\Local\Programs\mongosh\;C:\Users\Danis\AppData\Roaming\npm;C:\Users\Danis\AppData\Roaming\nvm;C:\Program Files\nodejs;C:\Users\Danis\AppData\Local\GitHubDesktop\bin
USERNAME=Danis
LANG=en_US.UTF-8
OS=Windows_NT
PROCESSOR_IDENTIFIER=Intel64 Family 6 Model 140 Stepping 2, GenuineIntel
TMP=C:\Users\Danis\AppData\Local\Temp
TEMP=C:\Users\Danis\AppData\Local\Temp



---------------  S Y S T E M  ---------------

OS:
 Windows 11 , 64 bit Build 22621 (10.0.22621.3646)
OS uptime: 0 days 16:52 hours
Hyper-V role detected

CPU: total 8 (initial active 8) (4 cores per cpu, 2 threads per core) family 6 model 140 stepping 2 microcode 0x36, cx8, cmov, fxsr, ht, mmx, 3dnowpref, sse, sse2, sse3, ssse3, sse4.1, sse4.2, popcnt, lzcnt, tsc, tscinvbit, avx, avx2, aes, erms, clmul, bmi1, bmi2, adx, avx512f, avx512dq, avx512cd, avx512bw, avx512vl, sha, fma, vzeroupper, avx512_vpopcntdq, avx512_vpclmulqdq, avx512_vaes, avx512_vnni, clflush, clflushopt, clwb, avx512_vbmi2, avx512_vbmi, hv
Processor Information for processor 0
  Max Mhz: 2496, Current Mhz: 1497, Mhz Limit: 2496
Processor Information for processor 1
  Max Mhz: 2496, Current Mhz: 2496, Mhz Limit: 2496
Processor Information for processor 2
  Max Mhz: 2496, Current Mhz: 1198, Mhz Limit: 2496
Processor Information for processor 3
  Max Mhz: 2496, Current Mhz: 1497, Mhz Limit: 2496
Processor Information for processor 4
  Max Mhz: 2496, Current Mhz: 1497, Mhz Limit: 2496
Processor Information for processor 5
  Max Mhz: 2496, Current Mhz: 1497, Mhz Limit: 2496
Processor Information for processor 6
  Max Mhz: 2496, Current Mhz: 1497, Mhz Limit: 2496
Processor Information for processor 7
  Max Mhz: 2496, Current Mhz: 2496, Mhz Limit: 2496

Memory: 4k page, system-wide physical 12037M (585M free)
TotalPageFile size 24075M (AvailPageFile size 5882M)
current process WorkingSet (physical memory assigned to process): 718M, peak: 758M
current process commit charge ("private bytes"): 768M, peak: 806M

vm_info: OpenJDK 64-Bit Server VM (17.0.8+7-LTS) for windows-amd64 JRE (17.0.8+7-LTS), built on Jul  7 2023 17:21:55 by "MicrosoftCorporation" with MS VC++ 16.10 / 16.11 (VS2019)

END.
