#
# A fatal error has been detected by the Java Runtime Environment:
#
#  EXCEPTION_ACCESS_VIOLATION (0xc0000005) at pc=0x00007ffc90b0e0a9, pid=28752, tid=17368
#
# JRE version: OpenJDK Runtime Environment Microsoft-8035246 (17.0.8+7) (build 17.0.8+7-LTS)
# Java VM: OpenJDK 64-Bit Server VM Microsoft-8035246 (17.0.8+7-LTS, mixed mode, sharing, tiered, compressed oops, compressed class ptrs, g1 gc, windows-amd64)
# Problematic frame:
# V  [jvm.dll+0x2be0a9]
#
# No core dump will be written. Minidumps are not enabled by default on client versions of Windows
#
# If you would like to submit a bug report, please visit:
#   https://github.com/microsoft/openjdk/issues
#

---------------  S U M M A R Y ------------

Command Line: -XX:MaxMetaspaceSize=512m --add-opens=java.base/java.util=ALL-UNNAMED --add-opens=java.base/java.lang=ALL-UNNAMED --add-opens=java.base/java.lang.invoke=ALL-UNNAMED --add-opens=java.prefs/java.util.prefs=ALL-UNNAMED --add-opens=java.base/java.nio.charset=ALL-UNNAMED --add-opens=java.base/java.net=ALL-UNNAMED --add-opens=java.base/java.util.concurrent.atomic=ALL-UNNAMED -Xmx2048m -Dfile.encoding=windows-1252 -Duser.country=US -Duser.language=en -Duser.variant -javaagent:C:\Users\Danis\.gradle\wrapper\dists\gradle-8.6-all\3mbtmo166bl6vumsh5k2lkq5h\gradle-8.6\lib\agents\gradle-instrumentation-agent-8.6.jar org.gradle.launcher.daemon.bootstrap.GradleDaemon 8.6

Host: 11th Gen Intel(R) Core(TM) i5-1155G7 @ 2.50GHz, 8 cores, 11G,  Windows 11 , 64 bit Build 22621 (10.0.22621.3646)
Time: Wed Jun  5 16:38:03 2024 India Standard Time elapsed time: 25.723794 seconds (0d 0h 0m 25s)

---------------  T H R E A D  ---------------

Current thread (0x000001f5830ef020):  JavaThread "C2 CompilerThread2" daemon [_thread_in_native, id=17368, stack(0x000000e1ef800000,0x000000e1ef900000)]


Current CompileTask:
C2:  25723 17281   !   4       org.gradle.cache.internal.DefaultMultiProcessSafeIndexedCache::getIfPresent (25 bytes)

Stack: [0x000000e1ef800000,0x000000e1ef900000],  sp=0x000000e1ef8fb690,  free space=1005k
Native frames: (J=compiled Java code, j=interpreted, Vv=VM code, C=native code)
V  [jvm.dll+0x2be0a9]
V  [jvm.dll+0x21ba8b]
V  [jvm.dll+0x21944b]
V  [jvm.dll+0x1a56b6]
V  [jvm.dll+0x2291ea]
V  [jvm.dll+0x22724c]
V  [jvm.dll+0x7efd0c]
V  [jvm.dll+0x7ea13a]
V  [jvm.dll+0x67ad85]
C  [ucrtbase.dll+0x29333]
C  [KERNEL32.DLL+0x1257d]
C  [ntdll.dll+0x5aa48]


siginfo: EXCEPTION_ACCESS_VIOLATION (0xc0000005), reading address 0x0000000000000028


Register to memory mapping:

RIP=0x00007ffc90b0e0a9 jvm.dll
RAX=0x000001f58a48be00 points into unknown readable memory: 0x0000000000000000 | 00 00 00 00 00 00 00 00
RBX=0x0000000000001765 is an unknown value
RCX=0x0 is NULL
RDX=0x0 is NULL
RSP=0x000000e1ef8fb690 is pointing into the stack for thread: 0x000001f5830ef020
RBP=0x000000e1ef8fb700 is pointing into the stack for thread: 0x000001f5830ef020
RSI=0x0 is NULL
RDI=0x0000000000000048 is an unknown value
R8 =0x000000000000ffe0 is an unknown value
R9 =0x0 is NULL
R10=0x00007ffce6e80000 VCRUNTIME140.dll
R11=0x000001f58a48be20 points into unknown readable memory: 0x0000000000000000 | 00 00 00 00 00 00 00 00
R12=0x0000000000000050 is an unknown value
R13=0x0 is NULL
R14=0x0 is NULL
R15=0x000000e1ef8fe8b0 is pointing into the stack for thread: 0x000001f5830ef020


Registers:
RAX=0x000001f58a48be00, RBX=0x0000000000001765, RCX=0x0000000000000000, RDX=0x0000000000000000
RSP=0x000000e1ef8fb690, RBP=0x000000e1ef8fb700, RSI=0x0000000000000000, RDI=0x0000000000000048
R8 =0x000000000000ffe0, R9 =0x0000000000000000, R10=0x00007ffce6e80000, R11=0x000001f58a48be20
R12=0x0000000000000050, R13=0x0000000000000000, R14=0x0000000000000000, R15=0x000000e1ef8fe8b0
RIP=0x00007ffc90b0e0a9, EFLAGS=0x0000000000010202

Top of Stack: (sp=0x000000e1ef8fb690)
0x000000e1ef8fb690:   0000000000001765 0000000000000000
0x000000e1ef8fb6a0:   000000e1ef8fe8b0 00007ffc90a738d1
0x000000e1ef8fb6b0:   000001f5fe7f69b0 00007ffc00002000
0x000000e1ef8fb6c0:   000001f58a48be00 000001f500000000
0x000000e1ef8fb6d0:   0000000000000002 000001f58b59a980
0x000000e1ef8fb6e0:   0000000000000002 000001f5fe7f69b0
0x000000e1ef8fb6f0:   0000000000000000 0000000000000000
0x000000e1ef8fb700:   000001f583fa0690 000001f5becbaa90
0x000000e1ef8fb710:   0000000000000048 00007ffc91194c08
0x000000e1ef8fb720:   000000e1ef8fb830 00007ffc90a6ba8b
0x000000e1ef8fb730:   000000e1ef8fe8b0 00007ffc91194c08
0x000000e1ef8fb740:   000000e1ef8fe8b0 000000e1ef8fb830
0x000000e1ef8fb750:   000001f500000000 00007ffc90e6b7fb
0x000000e1ef8fb760:   000000e10000000f 000000e1ef8fe8b0
0x000000e1ef8fb770:   000000e1ef8fb8e0 0000000000000000
0x000000e1ef8fb780:   000001f500000100 00007ffc91194c08 

Instructions: (pc=0x00007ffc90b0e0a9)
0x00007ffc90b0dfa9:   3b d0 75 0b ff c1 41 3b c9 7c dc 48 8b c2 c3 33
0x00007ffc90b0dfb9:   c0 c3 cc cc cc cc cc 48 89 5c 24 18 55 56 57 41
0x00007ffc90b0dfc9:   55 41 57 48 8b ec 48 83 ec 70 65 48 8b 04 25 58
0x00007ffc90b0dfd9:   00 00 00 48 8b f2 44 8b 05 d2 8b 90 00 4c 8b f9
0x00007ffc90b0dfe9:   4a 8b 1c c0 b8 50 00 00 00 80 3c 18 00 75 05 e8
0x00007ffc90b0dff9:   8b 6f 5d 00 b8 20 00 00 00 48 8b 04 18 48 8b 98
0x00007ffc90b0e009:   38 02 00 00 48 89 5d b0 c7 45 b8 04 00 00 00 48
0x00007ffc90b0e019:   8b 43 18 48 83 f8 df 76 18 4c 8d 05 37 a9 65 00
0x00007ffc90b0e029:   ba 20 00 00 00 48 8b cb e8 5a eb de ff 48 8b 43
0x00007ffc90b0e039:   18 48 8d 48 20 48 3b 4b 20 76 11 45 33 c0 48 8b
0x00007ffc90b0e049:   cb 41 8d 50 20 e8 fd e8 de ff eb 04 48 89 4b 18
0x00007ffc90b0e059:   44 8b 45 b8 33 d2 49 c1 e0 03 48 8b c8 48 89 45
0x00007ffc90b0e069:   c0 e8 e3 80 5d 00 45 33 ed 48 8d 4d d0 44 89 6d
0x00007ffc90b0e079:   c8 e8 01 59 56 00 41 8b 9f 40 02 00 00 41 2b 9f
0x00007ffc90b0e089:   68 02 00 00 44 89 6d f0 3b 5d b8 72 0b 8b d3 48
0x00007ffc90b0e099:   8d 4d b0 e8 6f b3 39 00 48 8b 45 c0 4c 89 2c d8
0x00007ffc90b0e0a9:   8b 7e 28 8b df c1 eb 05 3b 5d d0 72 0b 8b d3 48
0x00007ffc90b0e0b9:   8d 4d d0 e8 1f 59 56 00 48 8b 45 d8 83 e7 1f 48
0x00007ffc90b0e0c9:   8d 14 98 40 0f b6 cf 41 b8 01 00 00 00 41 d3 e0
0x00007ffc90b0e0d9:   8b 0a 8b c1 41 0b c0 89 02 41 85 c8 75 21 8b 5d
0x00007ffc90b0e0e9:   c8 8d 43 01 89 45 c8 3b 5d b8 72 0b 8b d3 48 8d
0x00007ffc90b0e0f9:   4d b0 e8 10 b3 39 00 48 8b 45 c0 48 89 34 d8 44
0x00007ffc90b0e109:   39 6d c8 0f 86 77 01 00 00 4c 89 a4 24 a0 00 00
0x00007ffc90b0e119:   00 4c 89 b4 24 a8 00 00 00 48 8b 45 c0 41 8b cd
0x00007ffc90b0e129:   48 8b 34 c8 8b 46 2c 25 ff 1f 00 00 3d 04 10 00
0x00007ffc90b0e139:   00 0f 85 a7 00 00 00 bb 01 00 00 00 39 5e 18 76
0x00007ffc90b0e149:   39 66 0f 1f 44 00 00 48 8b 46 08 8b cb 48 8b 14
0x00007ffc90b0e159:   c8 48 85 d2 74 1d 48 83 7a 10 00 74 16 80 7a 2c
0x00007ffc90b0e169:   84 74 10 e8 7f 7e ee ff 48 8b d0 49 8b cf e8 a4
0x00007ffc90b0e179:   61 f6 ff ff c3 3b 5e 18 72 cd 48 8b 5e 10 8b 46
0x00007ffc90b0e189:   20 4c 8d 34 c3 49 3b de 73 54 48 8b 3b 8b 47 2c
0x00007ffc90b0e199:   83 e0 03 3c 03 75 2e 48 8b 07 48 8b cf ff 90 88 


Stack slot to memory mapping:
stack at sp + 0 slots: 0x0000000000001765 is an unknown value
stack at sp + 1 slots: 0x0 is NULL
stack at sp + 2 slots: 0x000000e1ef8fe8b0 is pointing into the stack for thread: 0x000001f5830ef020
stack at sp + 3 slots: 0x00007ffc90a738d1 jvm.dll
stack at sp + 4 slots: 0x000001f5fe7f69b0 points into unknown readable memory: 0x0c00010100000006 | 06 00 00 00 01 01 00 0c
stack at sp + 5 slots: 0x00007ffc00002000 is an unknown value
stack at sp + 6 slots: 0x000001f58a48be00 points into unknown readable memory: 0x0000000000000000 | 00 00 00 00 00 00 00 00
stack at sp + 7 slots: 0x000001f500000000 is an unknown value


---------------  P R O C E S S  ---------------

Threads class SMR info:
_java_thread_list=0x000001f5fe800aa0, length=147, elements={
0x000001f5beca2070, 0x000001f5dd1208a0, 0x000001f5dd121370, 0x000001f5dd1373f0,
0x000001f5dd139ed0, 0x000001f5dd13c9b0, 0x000001f5dd13f390, 0x000001f5dd1407e0,
0x000001f5dd1455c0, 0x000001f5dd146670, 0x000001f5dd10cee0, 0x000001f5dd4bcf00,
0x000001f5fe173200, 0x000001f5fda51e90, 0x000001f5fe11e2e0, 0x000001f5fd9b9950,
0x000001f5fe43b8e0, 0x000001f5fe131570, 0x000001f5fe131a80, 0x000001f5fe131f90,
0x000001f5fe131060, 0x000001f5fe1324a0, 0x000001f5fe918620, 0x000001f5fe919a60,
0x000001f5fe919550, 0x000001f5fe91c2e0, 0x000001f5fe9176f0, 0x000001f5fe91d210,
0x000001f5fe91b8c0, 0x000001f5fe91d720, 0x000001f5fe91e140, 0x000001f5fe91bdd0,
0x000001f5fe91a480, 0x000001f5fe917c00, 0x000001f5fe91b3b0, 0x000001f5fe91f070,
0x000001f5fe918110, 0x000001f5829441c0, 0x000001f582940500, 0x000001f582946530,
0x000001f582941e50, 0x000001f58293fff0, 0x000001f582945600, 0x000001f58293f5d0,
0x000001f582940a10, 0x000001f582946a40, 0x000001f582940f20, 0x000001f582941430,
0x000001f582945b10, 0x000001f582943290, 0x000001f582944be0, 0x000001f5829446d0,
0x000001f582942360, 0x000001f582942d80, 0x000001f582946f50, 0x000001f582941940,
0x000001f582943cb0, 0x000001f5829450f0, 0x000001f582946020, 0x000001f58293fae0,
0x000001f58172c600, 0x000001f58172f390, 0x000001f58172f8a0, 0x000001f581729d80,
0x000001f58172df50, 0x000001f581728940, 0x000001f58172b6d0, 0x000001f58172c0f0,
0x000001f58172fdb0, 0x000001f5817302c0, 0x000001f58172acb0, 0x000001f58172a290,
0x000001f58172a7a0, 0x000001f58172ee80, 0x000001f58172cb10, 0x000001f581728e50,
0x000001f58172d020, 0x000001f58172d530, 0x000001f58172da40, 0x000001f58172e460,
0x000001f581729870, 0x000001f58172b1c0, 0x000001f581729360, 0x000001f58172bbe0,
0x000001f58172e970, 0x000001f58267fbe0, 0x000001f58267c940, 0x000001f58267d870,
0x000001f58267ce50, 0x000001f58267f6d0, 0x000001f58267d360, 0x000001f58267dd80,
0x000001f58267e290, 0x000001f58267e7a0, 0x000001f58267ecb0, 0x000001f582681f50,
0x000001f582683390, 0x000001f5fe91c7f0, 0x000001f5fe1329b0, 0x000001f5831e4ba0,
0x000001f5831e8860, 0x000001f5831e5ad0, 0x000001f5831e3760, 0x000001f5831e4690,
0x000001f5831e8d70, 0x000001f5831e7930, 0x000001f5831e5fe0, 0x000001f5831e4180,
0x000001f5831e3c70, 0x000001f5831e9280, 0x000001f5831e2320, 0x000001f5831e9790,
0x000001f5831e55c0, 0x000001f5831e64f0, 0x000001f5831e7e40, 0x000001f5831e6f10,
0x000001f589583660, 0x000001f5895859d0, 0x000001f589584590, 0x000001f5895803c0,
0x000001f589586900, 0x000001f589585ee0, 0x000001f5895812f0, 0x000001f58957f9a0,
0x000001f5895863f0, 0x000001f589584080, 0x000001f589580de0, 0x000001f5895808d0,
0x000001f589584aa0, 0x000001f589582730, 0x000001f581a02350, 0x000001f5830ef020,
0x000001f589583150, 0x000001f589583b70, 0x000001f589584fb0, 0x000001f5fe919f70,
0x000001f5fe919040, 0x000001f58c797bd0, 0x000001f58c7980e0, 0x000001f58c798b00,
0x000001f58c79ae70, 0x000001f58c79e110, 0x000001f58c79e620, 0x000001f58c79c7c0,
0x000001f58c79c2b0, 0x000001f58c79dc00, 0x000001f58c799a30
}

Java Threads: ( => current thread )
  0x000001f5beca2070 JavaThread "main" [_thread_blocked, id=1832, stack(0x000000e1e6500000,0x000000e1e6600000)]
  0x000001f5dd1208a0 JavaThread "Reference Handler" daemon [_thread_blocked, id=15620, stack(0x000000e1e6c00000,0x000000e1e6d00000)]
  0x000001f5dd121370 JavaThread "Finalizer" daemon [_thread_blocked, id=17400, stack(0x000000e1e6d00000,0x000000e1e6e00000)]
  0x000001f5dd1373f0 JavaThread "Signal Dispatcher" daemon [_thread_blocked, id=20248, stack(0x000000e1e6e00000,0x000000e1e6f00000)]
  0x000001f5dd139ed0 JavaThread "Attach Listener" daemon [_thread_blocked, id=13592, stack(0x000000e1e6f00000,0x000000e1e7000000)]
  0x000001f5dd13c9b0 JavaThread "Service Thread" daemon [_thread_blocked, id=30732, stack(0x000000e1e7000000,0x000000e1e7100000)]
  0x000001f5dd13f390 JavaThread "Monitor Deflation Thread" daemon [_thread_blocked, id=2400, stack(0x000000e1e7100000,0x000000e1e7200000)]
  0x000001f5dd1407e0 JavaThread "C2 CompilerThread0" daemon [_thread_in_native, id=28092, stack(0x000000e1e7200000,0x000000e1e7300000)]
  0x000001f5dd1455c0 JavaThread "C1 CompilerThread0" daemon [_thread_blocked, id=28376, stack(0x000000e1e7300000,0x000000e1e7400000)]
  0x000001f5dd146670 JavaThread "Sweeper thread" daemon [_thread_blocked, id=27028, stack(0x000000e1e7400000,0x000000e1e7500000)]
  0x000001f5dd10cee0 JavaThread "Common-Cleaner" daemon [_thread_blocked, id=25052, stack(0x000000e1e7500000,0x000000e1e7600000)]
  0x000001f5dd4bcf00 JavaThread "Notification Thread" daemon [_thread_blocked, id=11680, stack(0x000000e1e7700000,0x000000e1e7800000)]
  0x000001f5fe173200 JavaThread "Daemon health stats" [_thread_blocked, id=23216, stack(0x000000e1e7900000,0x000000e1e7a00000)]
  0x000001f5fda51e90 JavaThread "Incoming local TCP Connector on port 53685" [_thread_in_native, id=27148, stack(0x000000e1e7e00000,0x000000e1e7f00000)]
  0x000001f5fe11e2e0 JavaThread "Daemon periodic checks" [_thread_blocked, id=5792, stack(0x000000e1e7f00000,0x000000e1e8000000)]
  0x000001f5fd9b9950 JavaThread "Daemon" [_thread_blocked, id=2148, stack(0x000000e1e8000000,0x000000e1e8100000)]
  0x000001f5fe43b8e0 JavaThread "Handler for socket connection from /127.0.0.1:53685 to /127.0.0.1:53686" [_thread_in_native, id=23612, stack(0x000000e1e8100000,0x000000e1e8200000)]
  0x000001f5fe131570 JavaThread "Cancel handler" [_thread_blocked, id=29528, stack(0x000000e1e8200000,0x000000e1e8300000)]
  0x000001f5fe131a80 JavaThread "Daemon worker" [_thread_blocked, id=4000, stack(0x000000e1e8300000,0x000000e1e8400000)]
  0x000001f5fe131f90 JavaThread "Asynchronous log dispatcher for DefaultDaemonConnection: socket connection from /127.0.0.1:53685 to /127.0.0.1:53686" [_thread_blocked, id=1976, stack(0x000000e1e8400000,0x000000e1e8500000)]
  0x000001f5fe131060 JavaThread "Stdin handler" [_thread_blocked, id=28796, stack(0x000000e1e8500000,0x000000e1e8600000)]
  0x000001f5fe1324a0 JavaThread "Daemon client event forwarder" [_thread_blocked, id=12552, stack(0x000000e1e8600000,0x000000e1e8700000)]
  0x000001f5fe918620 JavaThread "Cache worker for journal cache (C:\Users\Danis\.gradle\caches\journal-1)" [_thread_blocked, id=31092, stack(0x000000e1e8700000,0x000000e1e8800000)]
  0x000001f5fe919a60 JavaThread "File lock request listener" [_thread_in_native, id=13076, stack(0x000000e1e8800000,0x000000e1e8900000)]
  0x000001f5fe919550 JavaThread "Cache worker for file hash cache (C:\Users\Danis\.gradle\caches\8.6\fileHashes)" [_thread_in_native, id=19848, stack(0x000000e1e8900000,0x000000e1e8a00000)]
  0x000001f5fe91c2e0 JavaThread "File watcher server" daemon [_thread_in_native, id=30552, stack(0x000000e1e8b00000,0x000000e1e8c00000)]
  0x000001f5fe9176f0 JavaThread "File watcher consumer" daemon [_thread_blocked, id=3724, stack(0x000000e1e8c00000,0x000000e1e8d00000)]
  0x000001f5fe91d210 JavaThread "Cache worker for checksums cache (D:\Photon-Pos\#24\omniretailer\android\.gradle\8.6\checksums)" [_thread_blocked, id=21544, stack(0x000000e1e9000000,0x000000e1e9100000)]
  0x000001f5fe91b8c0 JavaThread "Cache worker for file hash cache (D:\Photon-Pos\#24\omniretailer\android\.gradle\8.6\fileHashes)" [_thread_blocked, id=28296, stack(0x000000e1e9200000,0x000000e1e9300000)]
  0x000001f5fe91d720 JavaThread "Cache worker for cache directory md-supplier (C:\Users\Danis\.gradle\caches\8.6\md-supplier)" [_thread_blocked, id=23036, stack(0x000000e1e9300000,0x000000e1e9400000)]
  0x000001f5fe91e140 JavaThread "Cache worker for cache directory md-rule (C:\Users\Danis\.gradle\caches\8.6\md-rule)" [_thread_blocked, id=8660, stack(0x000000e1e9400000,0x000000e1e9500000)]
  0x000001f5fe91bdd0 JavaThread "Cache worker for file content cache (C:\Users\Danis\.gradle\caches\8.6\fileContent)" [_thread_blocked, id=21868, stack(0x000000e1e9500000,0x000000e1e9600000)]
  0x000001f5fe91a480 JavaThread "jar transforms" [_thread_blocked, id=20396, stack(0x000000e1e9600000,0x000000e1e9700000)]
  0x000001f5fe917c00 JavaThread "jar transforms Thread 2" [_thread_blocked, id=26912, stack(0x000000e1e9700000,0x000000e1e9800000)]
  0x000001f5fe91b3b0 JavaThread "jar transforms Thread 3" [_thread_blocked, id=31684, stack(0x000000e1e9800000,0x000000e1e9900000)]
  0x000001f5fe91f070 JavaThread "jar transforms Thread 4" [_thread_blocked, id=22592, stack(0x000000e1e9900000,0x000000e1e9a00000)]
  0x000001f5fe918110 JavaThread "Exec process" [_thread_blocked, id=30652, stack(0x000000e1e9a00000,0x000000e1e9b00000)]
  0x000001f5829441c0 JavaThread "Exec process Thread 2" [_thread_blocked, id=27484, stack(0x000000e1e9b00000,0x000000e1e9c00000)]
  0x000001f582940500 JavaThread "Exec process Thread 3" [_thread_blocked, id=31056, stack(0x000000e1e9c00000,0x000000e1e9d00000)]
  0x000001f582946530 JavaThread "jar transforms Thread 5" [_thread_blocked, id=18680, stack(0x000000e1e9d00000,0x000000e1e9e00000)]
  0x000001f582941e50 JavaThread "jar transforms Thread 6" [_thread_blocked, id=27984, stack(0x000000e1e9e00000,0x000000e1e9f00000)]
  0x000001f58293fff0 JavaThread "Unconstrained build operations" [_thread_blocked, id=15668, stack(0x000000e1e9f00000,0x000000e1ea000000)]
  0x000001f582945600 JavaThread "Unconstrained build operations Thread 2" [_thread_blocked, id=27340, stack(0x000000e1ea000000,0x000000e1ea100000)]
  0x000001f58293f5d0 JavaThread "jar transforms Thread 7" [_thread_blocked, id=20908, stack(0x000000e1ea100000,0x000000e1ea200000)]
  0x000001f582940a10 JavaThread "jar transforms Thread 8" [_thread_blocked, id=30148, stack(0x000000e1ea200000,0x000000e1ea300000)]
  0x000001f582946a40 JavaThread "Cache worker for Build Output Cleanup Cache (D:\Photon-Pos\#24\omniretailer\node_modules\@react-native\gradle-plugin\.gradle\buildOutputCleanup)" [_thread_blocked, id=4904, stack(0x000000e1ea300000,0x000000e1ea400000)]
  0x000001f582940f20 JavaThread "Unconstrained build operations Thread 3" [_thread_blocked, id=27172, stack(0x000000e1ea400000,0x000000e1ea500000)]
  0x000001f582941430 JavaThread "Unconstrained build operations Thread 4" [_thread_blocked, id=30008, stack(0x000000e1ea500000,0x000000e1ea600000)]
  0x000001f582945b10 JavaThread "Unconstrained build operations Thread 5" [_thread_blocked, id=30384, stack(0x000000e1ea600000,0x000000e1ea700000)]
  0x000001f582943290 JavaThread "Unconstrained build operations Thread 6" [_thread_blocked, id=28064, stack(0x000000e1ea700000,0x000000e1ea800000)]
  0x000001f582944be0 JavaThread "Unconstrained build operations Thread 7" [_thread_blocked, id=8196, stack(0x000000e1ea800000,0x000000e1ea900000)]
  0x000001f5829446d0 JavaThread "Unconstrained build operations Thread 8" [_thread_blocked, id=23832, stack(0x000000e1ea900000,0x000000e1eaa00000)]
  0x000001f582942360 JavaThread "Unconstrained build operations Thread 9" [_thread_blocked, id=30336, stack(0x000000e1eaa00000,0x000000e1eab00000)]
  0x000001f582942d80 JavaThread "build event listener" [_thread_blocked, id=3760, stack(0x000000e1eab00000,0x000000e1eac00000)]
  0x000001f582946f50 JavaThread "Memory manager" [_thread_blocked, id=15948, stack(0x000000e1eac00000,0x000000e1ead00000)]
  0x000001f582941940 JavaThread "Cache worker for Build Output Cleanup Cache (D:\Photon-Pos\#24\omniretailer\android\.gradle\buildOutputCleanup)" [_thread_blocked, id=26988, stack(0x000000e1ead00000,0x000000e1eae00000)]
  0x000001f582943cb0 JavaThread "ForkJoinPool.commonPool-worker-1" daemon [_thread_blocked, id=25948, stack(0x000000e1eae00000,0x000000e1eaf00000)]
  0x000001f5829450f0 JavaThread "ForkJoinPool.commonPool-worker-2" daemon [_thread_blocked, id=25104, stack(0x000000e1eaf00000,0x000000e1eb000000)]
  0x000001f582946020 JavaThread "ForkJoinPool.commonPool-worker-3" daemon [_thread_blocked, id=7988, stack(0x000000e1eb000000,0x000000e1eb100000)]
  0x000001f58293fae0 JavaThread "ForkJoinPool.commonPool-worker-4" daemon [_thread_blocked, id=29168, stack(0x000000e1eb100000,0x000000e1eb200000)]
  0x000001f58172c600 JavaThread "ForkJoinPool.commonPool-worker-5" daemon [_thread_blocked, id=656, stack(0x000000e1eb200000,0x000000e1eb300000)]
  0x000001f58172f390 JavaThread "ForkJoinPool.commonPool-worker-7" daemon [_thread_blocked, id=22760, stack(0x000000e1eb300000,0x000000e1eb400000)]
  0x000001f58172f8a0 JavaThread "ForkJoinPool.commonPool-worker-6" daemon [_thread_blocked, id=25176, stack(0x000000e1eb400000,0x000000e1eb500000)]
  0x000001f581729d80 JavaThread "included builds" [_thread_blocked, id=9204, stack(0x000000e1eb500000,0x000000e1eb600000)]
  0x000001f58172df50 JavaThread "Execution worker" [_thread_blocked, id=24668, stack(0x000000e1eb600000,0x000000e1eb700000)]
  0x000001f581728940 JavaThread "Execution worker Thread 2" [_thread_blocked, id=14152, stack(0x000000e1eb700000,0x000000e1eb800000)]
  0x000001f58172b6d0 JavaThread "Execution worker Thread 3" [_thread_blocked, id=23740, stack(0x000000e1eb800000,0x000000e1eb900000)]
  0x000001f58172c0f0 JavaThread "Execution worker Thread 4" [_thread_blocked, id=19524, stack(0x000000e1eb900000,0x000000e1eba00000)]
  0x000001f58172fdb0 JavaThread "Execution worker Thread 5" [_thread_blocked, id=12212, stack(0x000000e1eba00000,0x000000e1ebb00000)]
  0x000001f5817302c0 JavaThread "Execution worker Thread 6" [_thread_blocked, id=28760, stack(0x000000e1ebb00000,0x000000e1ebc00000)]
  0x000001f58172acb0 JavaThread "Execution worker Thread 7" [_thread_blocked, id=24548, stack(0x000000e1ebc00000,0x000000e1ebd00000)]
  0x000001f58172a290 JavaThread "Cache worker for execution history cache (D:\Photon-Pos\#24\omniretailer\node_modules\@react-native\gradle-plugin\.gradle\8.6\executionHistory)" [_thread_blocked, id=31708, stack(0x000000e1ebd00000,0x000000e1ebe00000)]
  0x000001f58172a7a0 JavaThread "Unconstrained build operations Thread 10" [_thread_blocked, id=31020, stack(0x000000e1ebe00000,0x000000e1ebf00000)]
  0x000001f58172ee80 JavaThread "Unconstrained build operations Thread 11" [_thread_blocked, id=23908, stack(0x000000e1ebf00000,0x000000e1ec000000)]
  0x000001f58172cb10 JavaThread "Unconstrained build operations Thread 12" [_thread_blocked, id=27444, stack(0x000000e1ec000000,0x000000e1ec100000)]
  0x000001f581728e50 JavaThread "Unconstrained build operations Thread 13" [_thread_blocked, id=31160, stack(0x000000e1ec100000,0x000000e1ec200000)]
  0x000001f58172d020 JavaThread "Unconstrained build operations Thread 14" [_thread_blocked, id=23704, stack(0x000000e1ec200000,0x000000e1ec300000)]
  0x000001f58172d530 JavaThread "Unconstrained build operations Thread 15" [_thread_blocked, id=31472, stack(0x000000e1ec300000,0x000000e1ec400000)]
  0x000001f58172da40 JavaThread "Unconstrained build operations Thread 16" [_thread_blocked, id=30540, stack(0x000000e1ec400000,0x000000e1ec500000)]
  0x000001f58172e460 JavaThread "Unconstrained build operations Thread 17" [_thread_blocked, id=6044, stack(0x000000e1ec500000,0x000000e1ec600000)]
  0x000001f581729870 JavaThread "Unconstrained build operations Thread 18" [_thread_blocked, id=11976, stack(0x000000e1ec600000,0x000000e1ec700000)]
  0x000001f58172b1c0 JavaThread "Unconstrained build operations Thread 19" [_thread_blocked, id=5024, stack(0x000000e1ec700000,0x000000e1ec800000)]
  0x000001f581729360 JavaThread "Unconstrained build operations Thread 20" [_thread_blocked, id=10260, stack(0x000000e1ec800000,0x000000e1ec900000)]
  0x000001f58172bbe0 JavaThread "Unconstrained build operations Thread 21" [_thread_blocked, id=27580, stack(0x000000e1ec900000,0x000000e1eca00000)]
  0x000001f58172e970 JavaThread "Unconstrained build operations Thread 22" [_thread_blocked, id=31356, stack(0x000000e1eca00000,0x000000e1ecb00000)]
  0x000001f58267fbe0 JavaThread "Unconstrained build operations Thread 23" [_thread_blocked, id=23632, stack(0x000000e1ecb00000,0x000000e1ecc00000)]
  0x000001f58267c940 JavaThread "Unconstrained build operations Thread 24" [_thread_blocked, id=6304, stack(0x000000e1ecc00000,0x000000e1ecd00000)]
  0x000001f58267d870 JavaThread "Unconstrained build operations Thread 25" [_thread_blocked, id=9960, stack(0x000000e1ecd00000,0x000000e1ece00000)]
  0x000001f58267ce50 JavaThread "Unconstrained build operations Thread 26" [_thread_blocked, id=25520, stack(0x000000e1ece00000,0x000000e1ecf00000)]
  0x000001f58267f6d0 JavaThread "Unconstrained build operations Thread 27" [_thread_blocked, id=19928, stack(0x000000e1ecf00000,0x000000e1ed000000)]
  0x000001f58267d360 JavaThread "Unconstrained build operations Thread 28" [_thread_blocked, id=30120, stack(0x000000e1ed000000,0x000000e1ed100000)]
  0x000001f58267dd80 JavaThread "Unconstrained build operations Thread 29" [_thread_blocked, id=6012, stack(0x000000e1ed100000,0x000000e1ed200000)]
  0x000001f58267e290 JavaThread "Unconstrained build operations Thread 30" [_thread_blocked, id=29728, stack(0x000000e1ed200000,0x000000e1ed300000)]
  0x000001f58267e7a0 JavaThread "Unconstrained build operations Thread 31" [_thread_blocked, id=18496, stack(0x000000e1ed300000,0x000000e1ed400000)]
  0x000001f58267ecb0 JavaThread "Unconstrained build operations Thread 32" [_thread_blocked, id=14520, stack(0x000000e1ed400000,0x000000e1ed500000)]
  0x000001f582681f50 JavaThread "build event listener" [_thread_blocked, id=30612, stack(0x000000e1ed500000,0x000000e1ed600000)]
  0x000001f582683390 JavaThread "Unconstrained build operations Thread 33" [_thread_blocked, id=31612, stack(0x000000e1ed600000,0x000000e1ed700000)]
  0x000001f5fe91c7f0 JavaThread "Unconstrained build operations Thread 34" [_thread_blocked, id=11728, stack(0x000000e1ed700000,0x000000e1ed800000)]
  0x000001f5fe1329b0 JavaThread "Unconstrained build operations Thread 35" [_thread_blocked, id=23388, stack(0x000000e1ed800000,0x000000e1ed900000)]
  0x000001f5831e4ba0 JavaThread "Unconstrained build operations Thread 36" [_thread_blocked, id=31452, stack(0x000000e1ed900000,0x000000e1eda00000)]
  0x000001f5831e8860 JavaThread "Unconstrained build operations Thread 37" [_thread_blocked, id=29624, stack(0x000000e1eda00000,0x000000e1edb00000)]
  0x000001f5831e5ad0 JavaThread "Unconstrained build operations Thread 38" [_thread_blocked, id=20180, stack(0x000000e1edc00000,0x000000e1edd00000)]
  0x000001f5831e3760 JavaThread "Unconstrained build operations Thread 39" [_thread_blocked, id=29920, stack(0x000000e1edd00000,0x000000e1ede00000)]
  0x000001f5831e4690 JavaThread "Unconstrained build operations Thread 40" [_thread_blocked, id=3728, stack(0x000000e1ede00000,0x000000e1edf00000)]
  0x000001f5831e8d70 JavaThread "Unconstrained build operations Thread 41" [_thread_blocked, id=31032, stack(0x000000e1edf00000,0x000000e1ee000000)]
  0x000001f5831e7930 JavaThread "Unconstrained build operations Thread 42" [_thread_blocked, id=30736, stack(0x000000e1ee000000,0x000000e1ee100000)]
  0x000001f5831e5fe0 JavaThread "Unconstrained build operations Thread 43" [_thread_blocked, id=28876, stack(0x000000e1ee100000,0x000000e1ee200000)]
  0x000001f5831e4180 JavaThread "Unconstrained build operations Thread 44" [_thread_blocked, id=27212, stack(0x000000e1ee200000,0x000000e1ee300000)]
  0x000001f5831e3c70 JavaThread "Unconstrained build operations Thread 45" [_thread_blocked, id=12032, stack(0x000000e1ee300000,0x000000e1ee400000)]
  0x000001f5831e9280 JavaThread "Unconstrained build operations Thread 46" [_thread_blocked, id=10716, stack(0x000000e1ee400000,0x000000e1ee500000)]
  0x000001f5831e2320 JavaThread "Unconstrained build operations Thread 47" [_thread_blocked, id=19660, stack(0x000000e1ee500000,0x000000e1ee600000)]
  0x000001f5831e9790 JavaThread "Unconstrained build operations Thread 48" [_thread_blocked, id=9108, stack(0x000000e1ee600000,0x000000e1ee700000)]
  0x000001f5831e55c0 JavaThread "Unconstrained build operations Thread 49" [_thread_in_native, id=9704, stack(0x000000e1ee700000,0x000000e1ee800000)]
  0x000001f5831e64f0 JavaThread "Unconstrained build operations Thread 50" [_thread_blocked, id=21012, stack(0x000000e1ee800000,0x000000e1ee900000)]
  0x000001f5831e7e40 JavaThread "Unconstrained build operations Thread 51" [_thread_blocked, id=17616, stack(0x000000e1ee900000,0x000000e1eea00000)]
  0x000001f5831e6f10 JavaThread "Unconstrained build operations Thread 52" [_thread_blocked, id=30412, stack(0x000000e1eea00000,0x000000e1eeb00000)]
  0x000001f589583660 JavaThread "Unconstrained build operations Thread 53" [_thread_blocked, id=30516, stack(0x000000e1eeb00000,0x000000e1eec00000)]
  0x000001f5895859d0 JavaThread "Unconstrained build operations Thread 54" [_thread_blocked, id=24776, stack(0x000000e1eec00000,0x000000e1eed00000)]
  0x000001f589584590 JavaThread "Unconstrained build operations Thread 55" [_thread_blocked, id=22788, stack(0x000000e1eed00000,0x000000e1eee00000)]
  0x000001f5895803c0 JavaThread "Unconstrained build operations Thread 56" [_thread_blocked, id=12564, stack(0x000000e1eee00000,0x000000e1eef00000)]
  0x000001f589586900 JavaThread "Unconstrained build operations Thread 57" [_thread_blocked, id=15784, stack(0x000000e1eef00000,0x000000e1ef000000)]
  0x000001f589585ee0 JavaThread "Unconstrained build operations Thread 58" [_thread_blocked, id=24020, stack(0x000000e1ef000000,0x000000e1ef100000)]
  0x000001f5895812f0 JavaThread "Unconstrained build operations Thread 59" [_thread_blocked, id=15864, stack(0x000000e1ef100000,0x000000e1ef200000)]
  0x000001f58957f9a0 JavaThread "Unconstrained build operations Thread 60" [_thread_blocked, id=23060, stack(0x000000e1e8a00000,0x000000e1e8b00000)]
  0x000001f5895863f0 JavaThread "Unconstrained build operations Thread 61" [_thread_blocked, id=27124, stack(0x000000e1ef200000,0x000000e1ef300000)]
  0x000001f589584080 JavaThread "Unconstrained build operations Thread 62" [_thread_blocked, id=19032, stack(0x000000e1ef300000,0x000000e1ef400000)]
  0x000001f589580de0 JavaThread "Unconstrained build operations Thread 63" [_thread_blocked, id=19896, stack(0x000000e1ef400000,0x000000e1ef500000)]
  0x000001f5895808d0 JavaThread "Unconstrained build operations Thread 64" [_thread_blocked, id=27216, stack(0x000000e1ef500000,0x000000e1ef600000)]
  0x000001f589584aa0 JavaThread "Unconstrained build operations Thread 65" [_thread_blocked, id=28948, stack(0x000000e1ef600000,0x000000e1ef700000)]
  0x000001f589582730 JavaThread "Unconstrained build operations Thread 66" [_thread_blocked, id=13816, stack(0x000000e1ef700000,0x000000e1ef800000)]
  0x000001f581a02350 JavaThread "C2 CompilerThread1" daemon [_thread_in_native, id=2376, stack(0x000000e1e7600000,0x000000e1e7700000)]
=>0x000001f5830ef020 JavaThread "C2 CompilerThread2" daemon [_thread_in_native, id=17368, stack(0x000000e1ef800000,0x000000e1ef900000)]
  0x000001f589583150 JavaThread "Unconstrained build operations Thread 67" [_thread_blocked, id=26252, stack(0x000000e1ef900000,0x000000e1efa00000)]
  0x000001f589583b70 JavaThread "Unconstrained build operations Thread 68" [_thread_blocked, id=16764, stack(0x000000e1efa00000,0x000000e1efb00000)]
  0x000001f589584fb0 JavaThread "Unconstrained build operations Thread 69" [_thread_blocked, id=17096, stack(0x000000e1efb00000,0x000000e1efc00000)]
  0x000001f5fe919f70 JavaThread "Unconstrained build operations Thread 70" [_thread_blocked, id=19932, stack(0x000000e1efc00000,0x000000e1efd00000)]
  0x000001f5fe919040 JavaThread "Unconstrained build operations Thread 71" [_thread_blocked, id=30264, stack(0x000000e1efd00000,0x000000e1efe00000)]
  0x000001f58c797bd0 JavaThread "Unconstrained build operations Thread 72" [_thread_blocked, id=17540, stack(0x000000e1efe00000,0x000000e1eff00000)]
  0x000001f58c7980e0 JavaThread "Unconstrained build operations Thread 73" [_thread_blocked, id=31736, stack(0x000000e1eff00000,0x000000e1f0000000)]
  0x000001f58c798b00 JavaThread "Unconstrained build operations Thread 74" [_thread_blocked, id=28712, stack(0x000000e1f0000000,0x000000e1f0100000)]
  0x000001f58c79ae70 JavaThread "Unconstrained build operations Thread 75" [_thread_blocked, id=392, stack(0x000000e1f0100000,0x000000e1f0200000)]
  0x000001f58c79e110 JavaThread "Unconstrained build operations Thread 76" [_thread_blocked, id=16340, stack(0x000000e1f0200000,0x000000e1f0300000)]
  0x000001f58c79e620 JavaThread "Unconstrained build operations Thread 77" [_thread_blocked, id=29940, stack(0x000000e1f0300000,0x000000e1f0400000)]
  0x000001f58c79c7c0 JavaThread "Unconstrained build operations Thread 78" [_thread_blocked, id=1836, stack(0x000000e1f0400000,0x000000e1f0500000)]
  0x000001f58c79c2b0 JavaThread "Unconstrained build operations Thread 79" [_thread_blocked, id=26700, stack(0x000000e1f0500000,0x000000e1f0600000)]
  0x000001f58c79dc00 JavaThread "Unconstrained build operations Thread 80" [_thread_blocked, id=10176, stack(0x000000e1f0600000,0x000000e1f0700000)]
  0x000001f58c799a30 JavaThread "Cache worker for execution history cache (D:\Photon-Pos\#24\omniretailer\android\.gradle\8.6\executionHistory)" [_thread_blocked, id=3484, stack(0x000000e1f0700000,0x000000e1f0800000)]

Other Threads:
  0x000001f5dd11b730 VMThread "VM Thread" [stack: 0x000000e1e6b00000,0x000000e1e6c00000] [id=20692]
  0x000001f5dd445dd0 WatcherThread [stack: 0x000000e1e7800000,0x000000e1e7900000] [id=10804]
  0x000001f5becfe910 GCTaskThread "GC Thread#0" [stack: 0x000000e1e6600000,0x000000e1e6700000] [id=6528]
  0x000001f5ddacffb0 GCTaskThread "GC Thread#1" [stack: 0x000000e1e7a00000,0x000000e1e7b00000] [id=24140]
  0x000001f5ddacfa30 GCTaskThread "GC Thread#2" [stack: 0x000000e1e7b00000,0x000000e1e7c00000] [id=30364]
  0x000001f5ddacf4b0 GCTaskThread "GC Thread#3" [stack: 0x000000e1e7c00000,0x000000e1e7d00000] [id=3312]
  0x000001f5ddacf770 GCTaskThread "GC Thread#4" [stack: 0x000000e1e7d00000,0x000000e1e7e00000] [id=22512]
  0x000001f5fe1b44c0 GCTaskThread "GC Thread#5" [stack: 0x000000e1e8d00000,0x000000e1e8e00000] [id=18140]
  0x000001f5fe1b2940 GCTaskThread "GC Thread#6" [stack: 0x000000e1e8e00000,0x000000e1e8f00000] [id=23848]
  0x000001f5fe1b2ec0 GCTaskThread "GC Thread#7" [stack: 0x000000e1e8f00000,0x000000e1e9000000] [id=30988]
  0x000001f5bed0f770 ConcurrentGCThread "G1 Main Marker" [stack: 0x000000e1e6700000,0x000000e1e6800000] [id=24624]
  0x000001f5bed10090 ConcurrentGCThread "G1 Conc#0" [stack: 0x000000e1e6800000,0x000000e1e6900000] [id=21996]
  0x000001f5fe1b4a40 ConcurrentGCThread "G1 Conc#1" [stack: 0x000000e1e9100000,0x000000e1e9200000] [id=11660]
  0x000001f5bed4ec30 ConcurrentGCThread "G1 Refine#0" [stack: 0x000000e1e6900000,0x000000e1e6a00000] [id=27052]
  0x000001f5823f2820 ConcurrentGCThread "G1 Refine#1" [stack: 0x000000e1edb00000,0x000000e1edc00000] [id=28080]
  0x000001f5dcfd77f0 ConcurrentGCThread "G1 Service" [stack: 0x000000e1e6a00000,0x000000e1e6b00000] [id=6796]

Threads with active compile tasks:
C2 CompilerThread0    25786 17296   !   4       java.util.concurrent.locks.AbstractQueuedSynchronizer::acquire (407 bytes)
C2 CompilerThread1    25786 17291       4       org.gradle.api.internal.changedetection.state.CachingFileHasher$FileInfoSerializer::read (6 bytes)
C2 CompilerThread2    25786 17281   !   4       org.gradle.cache.internal.DefaultMultiProcessSafeIndexedCache::getIfPresent (25 bytes)

VM state: not at safepoint (normal execution)

VM Mutex/Monitor currently owned by a thread: None

Heap address: 0x0000000080000000, size: 2048 MB, Compressed Oops mode: 32-bit

CDS archive(s) mapped at: [0x000001f5de000000-0x000001f5debd0000-0x000001f5debd0000), size 12386304, SharedBaseAddress: 0x000001f5de000000, ArchiveRelocationMode: 1.
Compressed class space mapped at: 0x000001f5df000000-0x000001f5f9000000, reserved size: 436207616
Narrow klass base: 0x000001f5de000000, Narrow klass shift: 0, Narrow klass range: 0x100000000

GC Precious Log:
 CPUs: 8 total, 8 available
 Memory: 12037M
 Large Page Support: Disabled
 NUMA Support: Disabled
 Compressed Oops: Enabled (32-bit)
 Heap Region Size: 1M
 Heap Min Capacity: 8M
 Heap Initial Capacity: 190M
 Heap Max Capacity: 2G
 Pre-touch: Disabled
 Parallel Workers: 8
 Concurrent Workers: 2
 Concurrent Refinement Workers: 8
 Periodic GC: Disabled

Heap:
 garbage-first heap   total 558080K, used 411491K [0x0000000080000000, 0x0000000100000000)
  region size 1024K, 194 young (198656K), 14 survivors (14336K)
 Metaspace       used 109344K, committed 111104K, reserved 557056K
  class space    used 15234K, committed 16000K, reserved 425984K

Heap Regions: E=young(eden), S=young(survivor), O=old, HS=humongous(starts), HC=humongous(continues), CS=collection set, F=free, OA=open archive, CA=closed archive, TAMS=top-at-mark-start (previous, next)
|   0|0x0000000080000000, 0x0000000080100000, 0x0000000080100000|100%|HS|  |TAMS 0x0000000080100000, 0x0000000080000000| Complete 
|   1|0x0000000080100000, 0x0000000080200000, 0x0000000080200000|100%|HC|  |TAMS 0x0000000080200000, 0x0000000080100000| Complete 
|   2|0x0000000080200000, 0x0000000080300000, 0x0000000080300000|100%|HC|  |TAMS 0x0000000080300000, 0x0000000080200000| Complete 
|   3|0x0000000080300000, 0x0000000080400000, 0x0000000080400000|100%|HC|  |TAMS 0x0000000080400000, 0x0000000080300000| Complete 
|   4|0x0000000080400000, 0x0000000080500000, 0x0000000080500000|100%| O|  |TAMS 0x0000000080500000, 0x0000000080400000| Untracked 
|   5|0x0000000080500000, 0x0000000080600000, 0x0000000080600000|100%| O|  |TAMS 0x0000000080600000, 0x0000000080500000| Untracked 
|   6|0x0000000080600000, 0x0000000080700000, 0x0000000080700000|100%| O|  |TAMS 0x0000000080700000, 0x0000000080600000| Untracked 
|   7|0x0000000080700000, 0x0000000080800000, 0x0000000080800000|100%| O|  |TAMS 0x0000000080800000, 0x0000000080700000| Untracked 
|   8|0x0000000080800000, 0x0000000080900000, 0x0000000080900000|100%| O|  |TAMS 0x0000000080900000, 0x0000000080800000| Untracked 
|   9|0x0000000080900000, 0x0000000080a00000, 0x0000000080a00000|100%| O|  |TAMS 0x0000000080a00000, 0x0000000080900000| Untracked 
|  10|0x0000000080a00000, 0x0000000080b00000, 0x0000000080b00000|100%| O|  |TAMS 0x0000000080b00000, 0x0000000080a00000| Untracked 
|  11|0x0000000080b00000, 0x0000000080c00000, 0x0000000080c00000|100%| O|  |TAMS 0x0000000080c00000, 0x0000000080b00000| Untracked 
|  12|0x0000000080c00000, 0x0000000080d00000, 0x0000000080d00000|100%| O|  |TAMS 0x0000000080d00000, 0x0000000080c00000| Untracked 
|  13|0x0000000080d00000, 0x0000000080e00000, 0x0000000080e00000|100%| O|  |TAMS 0x0000000080e00000, 0x0000000080d00000| Untracked 
|  14|0x0000000080e00000, 0x0000000080f00000, 0x0000000080f00000|100%| O|  |TAMS 0x0000000080f00000, 0x0000000080e00000| Untracked 
|  15|0x0000000080f00000, 0x0000000081000000, 0x0000000081000000|100%| O|  |TAMS 0x0000000081000000, 0x0000000080f00000| Untracked 
|  16|0x0000000081000000, 0x0000000081100000, 0x0000000081100000|100%| O|  |TAMS 0x0000000081100000, 0x0000000081000000| Untracked 
|  17|0x0000000081100000, 0x0000000081200000, 0x0000000081200000|100%| O|  |TAMS 0x0000000081200000, 0x0000000081100000| Untracked 
|  18|0x0000000081200000, 0x0000000081300000, 0x0000000081300000|100%| O|  |TAMS 0x0000000081300000, 0x0000000081200000| Untracked 
|  19|0x0000000081300000, 0x0000000081400000, 0x0000000081400000|100%| O|  |TAMS 0x0000000081400000, 0x0000000081300000| Untracked 
|  20|0x0000000081400000, 0x0000000081500000, 0x0000000081500000|100%| O|  |TAMS 0x0000000081500000, 0x0000000081400000| Untracked 
|  21|0x0000000081500000, 0x00000000815daa00, 0x0000000081600000| 85%| O|  |TAMS 0x00000000815daa00, 0x0000000081500000| Untracked 
|  22|0x0000000081600000, 0x0000000081700000, 0x0000000081700000|100%| O|  |TAMS 0x0000000081700000, 0x0000000081600000| Untracked 
|  23|0x0000000081700000, 0x0000000081800000, 0x0000000081800000|100%| O|  |TAMS 0x0000000081800000, 0x0000000081700000| Untracked 
|  24|0x0000000081800000, 0x0000000081900000, 0x0000000081900000|100%| O|  |TAMS 0x0000000081900000, 0x0000000081800000| Untracked 
|  25|0x0000000081900000, 0x0000000081a00000, 0x0000000081a00000|100%| O|  |TAMS 0x0000000081a00000, 0x0000000081900000| Untracked 
|  26|0x0000000081a00000, 0x0000000081b00000, 0x0000000081b00000|100%| O|  |TAMS 0x0000000081b00000, 0x0000000081a00000| Untracked 
|  27|0x0000000081b00000, 0x0000000081c00000, 0x0000000081c00000|100%| O|  |TAMS 0x0000000081c00000, 0x0000000081b00000| Untracked 
|  28|0x0000000081c00000, 0x0000000081d00000, 0x0000000081d00000|100%| O|  |TAMS 0x0000000081d00000, 0x0000000081c00000| Untracked 
|  29|0x0000000081d00000, 0x0000000081e00000, 0x0000000081e00000|100%| O|  |TAMS 0x0000000081e00000, 0x0000000081d00000| Untracked 
|  30|0x0000000081e00000, 0x0000000081f00000, 0x0000000081f00000|100%| O|  |TAMS 0x0000000081f00000, 0x0000000081e00000| Untracked 
|  31|0x0000000081f00000, 0x0000000082000000, 0x0000000082000000|100%| O|  |TAMS 0x0000000082000000, 0x0000000081f00000| Untracked 
|  32|0x0000000082000000, 0x0000000082100000, 0x0000000082100000|100%| O|  |TAMS 0x0000000082100000, 0x0000000082000000| Untracked 
|  33|0x0000000082100000, 0x0000000082200000, 0x0000000082200000|100%| O|  |TAMS 0x0000000082200000, 0x0000000082100000| Untracked 
|  34|0x0000000082200000, 0x0000000082300000, 0x0000000082300000|100%| O|  |TAMS 0x0000000082300000, 0x0000000082200000| Untracked 
|  35|0x0000000082300000, 0x0000000082400000, 0x0000000082400000|100%| O|  |TAMS 0x0000000082400000, 0x0000000082300000| Untracked 
|  36|0x0000000082400000, 0x0000000082500000, 0x0000000082500000|100%| O|  |TAMS 0x0000000082500000, 0x0000000082400000| Untracked 
|  37|0x0000000082500000, 0x0000000082600000, 0x0000000082600000|100%|HS|  |TAMS 0x0000000082600000, 0x0000000082500000| Complete 
|  38|0x0000000082600000, 0x0000000082700000, 0x0000000082700000|100%| O|  |TAMS 0x0000000082700000, 0x0000000082600000| Untracked 
|  39|0x0000000082700000, 0x0000000082800000, 0x0000000082800000|100%| O|  |TAMS 0x0000000082800000, 0x0000000082700000| Untracked 
|  40|0x0000000082800000, 0x0000000082900000, 0x0000000082900000|100%| O|  |TAMS 0x0000000082900000, 0x0000000082800000| Untracked 
|  41|0x0000000082900000, 0x0000000082a00000, 0x0000000082a00000|100%| O|  |TAMS 0x0000000082a00000, 0x0000000082900000| Untracked 
|  42|0x0000000082a00000, 0x0000000082b00000, 0x0000000082b00000|100%|HS|  |TAMS 0x0000000082b00000, 0x0000000082a00000| Complete 
|  43|0x0000000082b00000, 0x0000000082c00000, 0x0000000082c00000|100%|HC|  |TAMS 0x0000000082c00000, 0x0000000082b00000| Complete 
|  44|0x0000000082c00000, 0x0000000082d00000, 0x0000000082d00000|100%|HS|  |TAMS 0x0000000082d00000, 0x0000000082c00000| Complete 
|  45|0x0000000082d00000, 0x0000000082e00000, 0x0000000082e00000|100%|HC|  |TAMS 0x0000000082e00000, 0x0000000082d00000| Complete 
|  46|0x0000000082e00000, 0x0000000082f00000, 0x0000000082f00000|100%|HS|  |TAMS 0x0000000082f00000, 0x0000000082e00000| Complete 
|  47|0x0000000082f00000, 0x0000000083000000, 0x0000000083000000|100%| O|  |TAMS 0x0000000083000000, 0x0000000082f00000| Untracked 
|  48|0x0000000083000000, 0x0000000083100000, 0x0000000083100000|100%| O|  |TAMS 0x0000000083100000, 0x0000000083000000| Untracked 
|  49|0x0000000083100000, 0x0000000083200000, 0x0000000083200000|100%| O|  |TAMS 0x0000000083200000, 0x0000000083100000| Untracked 
|  50|0x0000000083200000, 0x0000000083300000, 0x0000000083300000|100%| O|  |TAMS 0x0000000083300000, 0x0000000083200000| Untracked 
|  51|0x0000000083300000, 0x0000000083400000, 0x0000000083400000|100%| O|  |TAMS 0x0000000083400000, 0x0000000083300000| Untracked 
|  52|0x0000000083400000, 0x0000000083500000, 0x0000000083500000|100%|HS|  |TAMS 0x0000000083500000, 0x0000000083400000| Complete 
|  53|0x0000000083500000, 0x0000000083600000, 0x0000000083600000|100%|HC|  |TAMS 0x0000000083600000, 0x0000000083500000| Complete 
|  54|0x0000000083600000, 0x0000000083700000, 0x0000000083700000|100%|HC|  |TAMS 0x0000000083700000, 0x0000000083600000| Complete 
|  55|0x0000000083700000, 0x0000000083800000, 0x0000000083800000|100%|HC|  |TAMS 0x0000000083800000, 0x0000000083700000| Complete 
|  56|0x0000000083800000, 0x0000000083900000, 0x0000000083900000|100%|HS|  |TAMS 0x0000000083900000, 0x0000000083800000| Complete 
|  57|0x0000000083900000, 0x0000000083a00000, 0x0000000083a00000|100%|HC|  |TAMS 0x0000000083a00000, 0x0000000083900000| Complete 
|  58|0x0000000083a00000, 0x0000000083b00000, 0x0000000083b00000|100%|HC|  |TAMS 0x0000000083b00000, 0x0000000083a00000| Complete 
|  59|0x0000000083b00000, 0x0000000083c00000, 0x0000000083c00000|100%|HC|  |TAMS 0x0000000083c00000, 0x0000000083b00000| Complete 
|  60|0x0000000083c00000, 0x0000000083d00000, 0x0000000083d00000|100%| O|  |TAMS 0x0000000083d00000, 0x0000000083c00000| Untracked 
|  61|0x0000000083d00000, 0x0000000083e00000, 0x0000000083e00000|100%| O|  |TAMS 0x0000000083e00000, 0x0000000083d00000| Untracked 
|  62|0x0000000083e00000, 0x0000000083f00000, 0x0000000083f00000|100%| O|  |TAMS 0x0000000083f00000, 0x0000000083e00000| Untracked 
|  63|0x0000000083f00000, 0x0000000084000000, 0x0000000084000000|100%| O|  |TAMS 0x0000000084000000, 0x0000000083f00000| Untracked 
|  64|0x0000000084000000, 0x0000000084000000, 0x0000000084100000|  0%| F|  |TAMS 0x0000000084000000, 0x0000000084000000| Untracked 
|  65|0x0000000084100000, 0x0000000084100000, 0x0000000084200000|  0%| F|  |TAMS 0x0000000084100000, 0x0000000084100000| Untracked 
|  66|0x0000000084200000, 0x0000000084300000, 0x0000000084300000|100%| O|  |TAMS 0x0000000084300000, 0x0000000084200000| Untracked 
|  67|0x0000000084300000, 0x0000000084400000, 0x0000000084400000|100%| O|  |TAMS 0x0000000084400000, 0x0000000084300000| Untracked 
|  68|0x0000000084400000, 0x0000000084500000, 0x0000000084500000|100%| O|  |TAMS 0x0000000084500000, 0x0000000084400000| Untracked 
|  69|0x0000000084500000, 0x0000000084600000, 0x0000000084600000|100%| O|  |TAMS 0x0000000084600000, 0x0000000084500000| Untracked 
|  70|0x0000000084600000, 0x0000000084700000, 0x0000000084700000|100%| O|  |TAMS 0x0000000084700000, 0x0000000084600000| Untracked 
|  71|0x0000000084700000, 0x0000000084800000, 0x0000000084800000|100%| O|  |TAMS 0x0000000084800000, 0x0000000084700000| Untracked 
|  72|0x0000000084800000, 0x0000000084900000, 0x0000000084900000|100%|HS|  |TAMS 0x0000000084900000, 0x0000000084800000| Complete 
|  73|0x0000000084900000, 0x0000000084a00000, 0x0000000084a00000|100%|HS|  |TAMS 0x0000000084a00000, 0x0000000084900000| Complete 
|  74|0x0000000084a00000, 0x0000000084b00000, 0x0000000084b00000|100%|HS|  |TAMS 0x0000000084b00000, 0x0000000084a00000| Complete 
|  75|0x0000000084b00000, 0x0000000084c00000, 0x0000000084c00000|100%| O|  |TAMS 0x0000000084c00000, 0x0000000084b00000| Untracked 
|  76|0x0000000084c00000, 0x0000000084d00000, 0x0000000084d00000|100%| O|  |TAMS 0x0000000084d00000, 0x0000000084c00000| Untracked 
|  77|0x0000000084d00000, 0x0000000084e00000, 0x0000000084e00000|100%| O|  |TAMS 0x0000000084e00000, 0x0000000084d00000| Untracked 
|  78|0x0000000084e00000, 0x0000000084f00000, 0x0000000084f00000|100%| O|  |TAMS 0x0000000084f00000, 0x0000000084e00000| Untracked 
|  79|0x0000000084f00000, 0x0000000085000000, 0x0000000085000000|100%| O|  |TAMS 0x0000000085000000, 0x0000000084f00000| Untracked 
|  80|0x0000000085000000, 0x0000000085100000, 0x0000000085100000|100%| O|  |TAMS 0x0000000085100000, 0x0000000085000000| Untracked 
|  81|0x0000000085100000, 0x0000000085200000, 0x0000000085200000|100%| O|  |TAMS 0x0000000085200000, 0x0000000085100000| Untracked 
|  82|0x0000000085200000, 0x0000000085300000, 0x0000000085300000|100%| O|  |TAMS 0x0000000085300000, 0x0000000085200000| Untracked 
|  83|0x0000000085300000, 0x0000000085400000, 0x0000000085400000|100%| O|  |TAMS 0x0000000085400000, 0x0000000085300000| Untracked 
|  84|0x0000000085400000, 0x0000000085500000, 0x0000000085500000|100%| O|  |TAMS 0x0000000085500000, 0x0000000085400000| Untracked 
|  85|0x0000000085500000, 0x0000000085600000, 0x0000000085600000|100%| O|  |TAMS 0x0000000085600000, 0x0000000085500000| Untracked 
|  86|0x0000000085600000, 0x0000000085700000, 0x0000000085700000|100%| O|  |TAMS 0x0000000085700000, 0x0000000085600000| Untracked 
|  87|0x0000000085700000, 0x0000000085800000, 0x0000000085800000|100%| O|  |TAMS 0x0000000085800000, 0x0000000085700000| Untracked 
|  88|0x0000000085800000, 0x0000000085900000, 0x0000000085900000|100%| O|  |TAMS 0x0000000085900000, 0x0000000085800000| Untracked 
|  89|0x0000000085900000, 0x0000000085a00000, 0x0000000085a00000|100%| O|  |TAMS 0x0000000085a00000, 0x0000000085900000| Untracked 
|  90|0x0000000085a00000, 0x0000000085a00000, 0x0000000085b00000|  0%| F|  |TAMS 0x0000000085a00000, 0x0000000085a00000| Untracked 
|  91|0x0000000085b00000, 0x0000000085c00000, 0x0000000085c00000|100%| O|  |TAMS 0x0000000085c00000, 0x0000000085b00000| Untracked 
|  92|0x0000000085c00000, 0x0000000085d00000, 0x0000000085d00000|100%| O|  |TAMS 0x0000000085d00000, 0x0000000085c00000| Untracked 
|  93|0x0000000085d00000, 0x0000000085e00000, 0x0000000085e00000|100%| O|  |TAMS 0x0000000085e00000, 0x0000000085d00000| Untracked 
|  94|0x0000000085e00000, 0x0000000085f00000, 0x0000000085f00000|100%| O|  |TAMS 0x0000000085f00000, 0x0000000085e00000| Untracked 
|  95|0x0000000085f00000, 0x0000000086000000, 0x0000000086000000|100%| O|  |TAMS 0x0000000086000000, 0x0000000085f00000| Untracked 
|  96|0x0000000086000000, 0x0000000086100000, 0x0000000086100000|100%| O|  |TAMS 0x0000000086100000, 0x0000000086000000| Untracked 
|  97|0x0000000086100000, 0x0000000086200000, 0x0000000086200000|100%| O|  |TAMS 0x0000000086200000, 0x0000000086100000| Untracked 
|  98|0x0000000086200000, 0x0000000086300000, 0x0000000086300000|100%| O|  |TAMS 0x0000000086300000, 0x0000000086200000| Untracked 
|  99|0x0000000086300000, 0x0000000086400000, 0x0000000086400000|100%| O|  |TAMS 0x0000000086400000, 0x0000000086300000| Untracked 
| 100|0x0000000086400000, 0x0000000086500000, 0x0000000086500000|100%| O|  |TAMS 0x0000000086500000, 0x0000000086400000| Untracked 
| 101|0x0000000086500000, 0x0000000086600000, 0x0000000086600000|100%| O|  |TAMS 0x0000000086600000, 0x0000000086500000| Untracked 
| 102|0x0000000086600000, 0x0000000086700000, 0x0000000086700000|100%| O|  |TAMS 0x0000000086700000, 0x0000000086600000| Untracked 
| 103|0x0000000086700000, 0x0000000086800000, 0x0000000086800000|100%| O|  |TAMS 0x0000000086800000, 0x0000000086700000| Untracked 
| 104|0x0000000086800000, 0x0000000086900000, 0x0000000086900000|100%| O|  |TAMS 0x0000000086900000, 0x0000000086800000| Untracked 
| 105|0x0000000086900000, 0x0000000086a00000, 0x0000000086a00000|100%| O|  |TAMS 0x0000000086a00000, 0x0000000086900000| Untracked 
| 106|0x0000000086a00000, 0x0000000086b00000, 0x0000000086b00000|100%| O|  |TAMS 0x0000000086b00000, 0x0000000086a00000| Untracked 
| 107|0x0000000086b00000, 0x0000000086c00000, 0x0000000086c00000|100%| O|  |TAMS 0x0000000086c00000, 0x0000000086b00000| Untracked 
| 108|0x0000000086c00000, 0x0000000086d00000, 0x0000000086d00000|100%| O|  |TAMS 0x0000000086d00000, 0x0000000086c00000| Untracked 
| 109|0x0000000086d00000, 0x0000000086e00000, 0x0000000086e00000|100%| O|  |TAMS 0x0000000086e00000, 0x0000000086d00000| Untracked 
| 110|0x0000000086e00000, 0x0000000086f00000, 0x0000000086f00000|100%| O|  |TAMS 0x0000000086f00000, 0x0000000086e00000| Untracked 
| 111|0x0000000086f00000, 0x0000000087000000, 0x0000000087000000|100%| O|  |TAMS 0x0000000087000000, 0x0000000086f00000| Untracked 
| 112|0x0000000087000000, 0x0000000087100000, 0x0000000087100000|100%| O|  |TAMS 0x0000000087100000, 0x0000000087000000| Untracked 
| 113|0x0000000087100000, 0x0000000087200000, 0x0000000087200000|100%| O|  |TAMS 0x0000000087200000, 0x0000000087100000| Untracked 
| 114|0x0000000087200000, 0x0000000087300000, 0x0000000087300000|100%| O|  |TAMS 0x0000000087300000, 0x0000000087200000| Untracked 
| 115|0x0000000087300000, 0x0000000087400000, 0x0000000087400000|100%| O|  |TAMS 0x0000000087400000, 0x0000000087300000| Untracked 
| 116|0x0000000087400000, 0x0000000087500000, 0x0000000087500000|100%| O|  |TAMS 0x0000000087500000, 0x0000000087400000| Untracked 
| 117|0x0000000087500000, 0x0000000087600000, 0x0000000087600000|100%| O|  |TAMS 0x0000000087600000, 0x0000000087500000| Untracked 
| 118|0x0000000087600000, 0x0000000087700000, 0x0000000087700000|100%| O|  |TAMS 0x0000000087700000, 0x0000000087600000| Untracked 
| 119|0x0000000087700000, 0x0000000087800000, 0x0000000087800000|100%| O|  |TAMS 0x0000000087800000, 0x0000000087700000| Untracked 
| 120|0x0000000087800000, 0x0000000087900000, 0x0000000087900000|100%| O|  |TAMS 0x0000000087900000, 0x0000000087800000| Untracked 
| 121|0x0000000087900000, 0x0000000087a00000, 0x0000000087a00000|100%| O|  |TAMS 0x0000000087a00000, 0x0000000087900000| Untracked 
| 122|0x0000000087a00000, 0x0000000087b00000, 0x0000000087b00000|100%| O|  |TAMS 0x0000000087b00000, 0x0000000087a00000| Untracked 
| 123|0x0000000087b00000, 0x0000000087c00000, 0x0000000087c00000|100%| O|  |TAMS 0x0000000087c00000, 0x0000000087b00000| Untracked 
| 124|0x0000000087c00000, 0x0000000087d00000, 0x0000000087d00000|100%|HS|  |TAMS 0x0000000087d00000, 0x0000000087c00000| Complete 
| 125|0x0000000087d00000, 0x0000000087e00000, 0x0000000087e00000|100%|HS|  |TAMS 0x0000000087e00000, 0x0000000087d00000| Complete 
| 126|0x0000000087e00000, 0x0000000087f00000, 0x0000000087f00000|100%|HS|  |TAMS 0x0000000087f00000, 0x0000000087e00000| Complete 
| 127|0x0000000087f00000, 0x0000000088000000, 0x0000000088000000|100%| O|  |TAMS 0x0000000088000000, 0x0000000087f00000| Untracked 
| 128|0x0000000088000000, 0x0000000088100000, 0x0000000088100000|100%| O|  |TAMS 0x0000000088100000, 0x0000000088000000| Untracked 
| 129|0x0000000088100000, 0x0000000088200000, 0x0000000088200000|100%| O|  |TAMS 0x0000000088200000, 0x0000000088100000| Untracked 
| 130|0x0000000088200000, 0x0000000088300000, 0x0000000088300000|100%| O|  |TAMS 0x0000000088300000, 0x0000000088200000| Untracked 
| 131|0x0000000088300000, 0x0000000088400000, 0x0000000088400000|100%| O|  |TAMS 0x0000000088400000, 0x0000000088300000| Untracked 
| 132|0x0000000088400000, 0x0000000088500000, 0x0000000088500000|100%| O|  |TAMS 0x0000000088500000, 0x0000000088400000| Untracked 
| 133|0x0000000088500000, 0x0000000088600000, 0x0000000088600000|100%| O|  |TAMS 0x0000000088600000, 0x0000000088500000| Untracked 
| 134|0x0000000088600000, 0x0000000088700000, 0x0000000088700000|100%| O|  |TAMS 0x0000000088700000, 0x0000000088600000| Untracked 
| 135|0x0000000088700000, 0x0000000088800000, 0x0000000088800000|100%| O|  |TAMS 0x0000000088800000, 0x0000000088700000| Untracked 
| 136|0x0000000088800000, 0x0000000088900000, 0x0000000088900000|100%| O|  |TAMS 0x0000000088900000, 0x0000000088800000| Untracked 
| 137|0x0000000088900000, 0x0000000088a00000, 0x0000000088a00000|100%| O|  |TAMS 0x0000000088a00000, 0x0000000088900000| Untracked 
| 138|0x0000000088a00000, 0x0000000088a00000, 0x0000000088b00000|  0%| F|  |TAMS 0x0000000088a00000, 0x0000000088a00000| Untracked 
| 139|0x0000000088b00000, 0x0000000088c00000, 0x0000000088c00000|100%|HS|  |TAMS 0x0000000088c00000, 0x0000000088b00000| Complete 
| 140|0x0000000088c00000, 0x0000000088d00000, 0x0000000088d00000|100%|HS|  |TAMS 0x0000000088d00000, 0x0000000088c00000| Complete 
| 141|0x0000000088d00000, 0x0000000088e00000, 0x0000000088e00000|100%|HS|  |TAMS 0x0000000088e00000, 0x0000000088d00000| Complete 
| 142|0x0000000088e00000, 0x0000000088f00000, 0x0000000088f00000|100%|HC|  |TAMS 0x0000000088f00000, 0x0000000088e00000| Complete 
| 143|0x0000000088f00000, 0x0000000089000000, 0x0000000089000000|100%| O|  |TAMS 0x0000000089000000, 0x0000000088f00000| Untracked 
| 144|0x0000000089000000, 0x0000000089100000, 0x0000000089100000|100%| O|  |TAMS 0x0000000089100000, 0x0000000089000000| Untracked 
| 145|0x0000000089100000, 0x0000000089200000, 0x0000000089200000|100%| O|  |TAMS 0x0000000089200000, 0x0000000089100000| Untracked 
| 146|0x0000000089200000, 0x0000000089300000, 0x0000000089300000|100%| O|  |TAMS 0x0000000089300000, 0x0000000089200000| Untracked 
| 147|0x0000000089300000, 0x0000000089400000, 0x0000000089400000|100%| O|  |TAMS 0x0000000089400000, 0x0000000089300000| Untracked 
| 148|0x0000000089400000, 0x0000000089500000, 0x0000000089500000|100%| O|  |TAMS 0x0000000089500000, 0x0000000089400000| Untracked 
| 149|0x0000000089500000, 0x0000000089600000, 0x0000000089600000|100%| O|  |TAMS 0x0000000089600000, 0x0000000089500000| Untracked 
| 150|0x0000000089600000, 0x0000000089700000, 0x0000000089700000|100%| O|  |TAMS 0x0000000089700000, 0x0000000089600000| Untracked 
| 151|0x0000000089700000, 0x0000000089700000, 0x0000000089800000|  0%| F|  |TAMS 0x0000000089700000, 0x0000000089700000| Untracked 
| 152|0x0000000089800000, 0x0000000089900000, 0x0000000089900000|100%| O|  |TAMS 0x0000000089900000, 0x0000000089800000| Untracked 
| 153|0x0000000089900000, 0x0000000089a00000, 0x0000000089a00000|100%| O|  |TAMS 0x0000000089a00000, 0x0000000089900000| Untracked 
| 154|0x0000000089a00000, 0x0000000089b00000, 0x0000000089b00000|100%| O|  |TAMS 0x0000000089b00000, 0x0000000089a00000| Untracked 
| 155|0x0000000089b00000, 0x0000000089c00000, 0x0000000089c00000|100%| O|  |TAMS 0x0000000089c00000, 0x0000000089b00000| Untracked 
| 156|0x0000000089c00000, 0x0000000089d00000, 0x0000000089d00000|100%| O|  |TAMS 0x0000000089d00000, 0x0000000089c00000| Untracked 
| 157|0x0000000089d00000, 0x0000000089e00000, 0x0000000089e00000|100%| O|  |TAMS 0x0000000089e00000, 0x0000000089d00000| Untracked 
| 158|0x0000000089e00000, 0x0000000089f00000, 0x0000000089f00000|100%| O|  |TAMS 0x0000000089f00000, 0x0000000089e00000| Untracked 
| 159|0x0000000089f00000, 0x000000008a000000, 0x000000008a000000|100%| O|  |TAMS 0x000000008a000000, 0x0000000089f00000| Untracked 
| 160|0x000000008a000000, 0x000000008a100000, 0x000000008a100000|100%| O|  |TAMS 0x000000008a100000, 0x000000008a000000| Untracked 
| 161|0x000000008a100000, 0x000000008a100000, 0x000000008a200000|  0%| F|  |TAMS 0x000000008a100000, 0x000000008a100000| Untracked 
| 162|0x000000008a200000, 0x000000008a300000, 0x000000008a300000|100%| O|  |TAMS 0x000000008a300000, 0x000000008a200000| Untracked 
| 163|0x000000008a300000, 0x000000008a300000, 0x000000008a400000|  0%| F|  |TAMS 0x000000008a300000, 0x000000008a300000| Untracked 
| 164|0x000000008a400000, 0x000000008a500000, 0x000000008a500000|100%| O|  |TAMS 0x000000008a500000, 0x000000008a400000| Untracked 
| 165|0x000000008a500000, 0x000000008a600000, 0x000000008a600000|100%| O|  |TAMS 0x000000008a600000, 0x000000008a500000| Untracked 
| 166|0x000000008a600000, 0x000000008a700000, 0x000000008a700000|100%| O|  |TAMS 0x000000008a700000, 0x000000008a600000| Untracked 
| 167|0x000000008a700000, 0x000000008a800000, 0x000000008a800000|100%| O|  |TAMS 0x000000008a800000, 0x000000008a700000| Untracked 
| 168|0x000000008a800000, 0x000000008a900000, 0x000000008a900000|100%| O|  |TAMS 0x000000008a900000, 0x000000008a800000| Untracked 
| 169|0x000000008a900000, 0x000000008a900000, 0x000000008aa00000|  0%| F|  |TAMS 0x000000008a900000, 0x000000008a900000| Untracked 
| 170|0x000000008aa00000, 0x000000008ab00000, 0x000000008ab00000|100%| O|  |TAMS 0x000000008ab00000, 0x000000008aa00000| Untracked 
| 171|0x000000008ab00000, 0x000000008ac00000, 0x000000008ac00000|100%| O|  |TAMS 0x000000008ac00000, 0x000000008ab00000| Untracked 
| 172|0x000000008ac00000, 0x000000008ad00000, 0x000000008ad00000|100%| O|  |TAMS 0x000000008ad00000, 0x000000008ac00000| Untracked 
| 173|0x000000008ad00000, 0x000000008ae00000, 0x000000008ae00000|100%| O|  |TAMS 0x000000008ae00000, 0x000000008ad00000| Untracked 
| 174|0x000000008ae00000, 0x000000008af00000, 0x000000008af00000|100%| O|  |TAMS 0x000000008af00000, 0x000000008ae00000| Untracked 
| 175|0x000000008af00000, 0x000000008b000000, 0x000000008b000000|100%| O|  |TAMS 0x000000008b000000, 0x000000008af00000| Untracked 
| 176|0x000000008b000000, 0x000000008b100000, 0x000000008b100000|100%| O|  |TAMS 0x000000008b100000, 0x000000008b000000| Untracked 
| 177|0x000000008b100000, 0x000000008b200000, 0x000000008b200000|100%| O|  |TAMS 0x000000008b200000, 0x000000008b100000| Untracked 
| 178|0x000000008b200000, 0x000000008b300000, 0x000000008b300000|100%|HS|  |TAMS 0x000000008b300000, 0x000000008b200000| Complete 
| 179|0x000000008b300000, 0x000000008b400000, 0x000000008b400000|100%|HS|  |TAMS 0x000000008b400000, 0x000000008b300000| Complete 
| 180|0x000000008b400000, 0x000000008b500000, 0x000000008b500000|100%| O|  |TAMS 0x000000008b500000, 0x000000008b400000| Untracked 
| 181|0x000000008b500000, 0x000000008b600000, 0x000000008b600000|100%| O|  |TAMS 0x000000008b600000, 0x000000008b500000| Untracked 
| 182|0x000000008b600000, 0x000000008b700000, 0x000000008b700000|100%| O|  |TAMS 0x000000008b700000, 0x000000008b600000| Untracked 
| 183|0x000000008b700000, 0x000000008b800000, 0x000000008b800000|100%| O|  |TAMS 0x000000008b800000, 0x000000008b700000| Untracked 
| 184|0x000000008b800000, 0x000000008b900000, 0x000000008b900000|100%| O|  |TAMS 0x000000008b900000, 0x000000008b800000| Untracked 
| 185|0x000000008b900000, 0x000000008ba00000, 0x000000008ba00000|100%| O|  |TAMS 0x000000008b917c00, 0x000000008b900000| Untracked 
| 186|0x000000008ba00000, 0x000000008bb00000, 0x000000008bb00000|100%| O|  |TAMS 0x000000008ba00000, 0x000000008ba00000| Untracked 
| 187|0x000000008bb00000, 0x000000008bc00000, 0x000000008bc00000|100%| O|  |TAMS 0x000000008bb00000, 0x000000008bb00000| Untracked 
| 188|0x000000008bc00000, 0x000000008bd00000, 0x000000008bd00000|100%| O|  |TAMS 0x000000008bc00000, 0x000000008bc00000| Untracked 
| 189|0x000000008bd00000, 0x000000008be00000, 0x000000008be00000|100%| O|  |TAMS 0x000000008bd00000, 0x000000008bd00000| Untracked 
| 190|0x000000008be00000, 0x000000008bf00000, 0x000000008bf00000|100%| O|  |TAMS 0x000000008be00000, 0x000000008be00000| Untracked 
| 191|0x000000008bf00000, 0x000000008c000000, 0x000000008c000000|100%| O|  |TAMS 0x000000008bf00000, 0x000000008bf00000| Untracked 
| 192|0x000000008c000000, 0x000000008c100000, 0x000000008c100000|100%| O|  |TAMS 0x000000008c000000, 0x000000008c000000| Untracked 
| 193|0x000000008c100000, 0x000000008c200000, 0x000000008c200000|100%| O|  |TAMS 0x000000008c100000, 0x000000008c100000| Untracked 
| 194|0x000000008c200000, 0x000000008c300000, 0x000000008c300000|100%| O|  |TAMS 0x000000008c200000, 0x000000008c200000| Untracked 
| 195|0x000000008c300000, 0x000000008c400000, 0x000000008c400000|100%| O|  |TAMS 0x000000008c300000, 0x000000008c300000| Untracked 
| 196|0x000000008c400000, 0x000000008c500000, 0x000000008c500000|100%| O|  |TAMS 0x000000008c400000, 0x000000008c400000| Untracked 
| 197|0x000000008c500000, 0x000000008c600000, 0x000000008c600000|100%| O|  |TAMS 0x000000008c500000, 0x000000008c500000| Untracked 
| 198|0x000000008c600000, 0x000000008c700000, 0x000000008c700000|100%| O|  |TAMS 0x000000008c600000, 0x000000008c600000| Untracked 
| 199|0x000000008c700000, 0x000000008c800000, 0x000000008c800000|100%| O|  |TAMS 0x000000008c700000, 0x000000008c700000| Untracked 
| 200|0x000000008c800000, 0x000000008c900000, 0x000000008c900000|100%| O|  |TAMS 0x000000008c800000, 0x000000008c800000| Untracked 
| 201|0x000000008c900000, 0x000000008ca00000, 0x000000008ca00000|100%| O|  |TAMS 0x000000008c900000, 0x000000008c900000| Untracked 
| 202|0x000000008ca00000, 0x000000008cb00000, 0x000000008cb00000|100%| O|  |TAMS 0x000000008ca00000, 0x000000008ca00000| Untracked 
| 203|0x000000008cb00000, 0x000000008cc00000, 0x000000008cc00000|100%| O|  |TAMS 0x000000008cb00000, 0x000000008cb00000| Untracked 
| 204|0x000000008cc00000, 0x000000008cd00000, 0x000000008cd00000|100%| O|  |TAMS 0x000000008cc00000, 0x000000008cc00000| Untracked 
| 205|0x000000008cd00000, 0x000000008ce00000, 0x000000008ce00000|100%| O|  |TAMS 0x000000008cd00000, 0x000000008cd00000| Untracked 
| 206|0x000000008ce00000, 0x000000008cf00000, 0x000000008cf00000|100%| O|  |TAMS 0x000000008ce00000, 0x000000008ce00000| Untracked 
| 207|0x000000008cf00000, 0x000000008d000000, 0x000000008d000000|100%| O|  |TAMS 0x000000008cf00000, 0x000000008cf00000| Untracked 
| 208|0x000000008d000000, 0x000000008d100000, 0x000000008d100000|100%| O|  |TAMS 0x000000008d000000, 0x000000008d000000| Untracked 
| 209|0x000000008d100000, 0x000000008d200000, 0x000000008d200000|100%| O|  |TAMS 0x000000008d100000, 0x000000008d100000| Untracked 
| 210|0x000000008d200000, 0x000000008d300000, 0x000000008d300000|100%| O|  |TAMS 0x000000008d200000, 0x000000008d200000| Untracked 
| 211|0x000000008d300000, 0x000000008d400000, 0x000000008d400000|100%| O|  |TAMS 0x000000008d300000, 0x000000008d300000| Untracked 
| 212|0x000000008d400000, 0x000000008d500000, 0x000000008d500000|100%| O|  |TAMS 0x000000008d400000, 0x000000008d400000| Untracked 
| 213|0x000000008d500000, 0x000000008d600000, 0x000000008d600000|100%| O|  |TAMS 0x000000008d500000, 0x000000008d500000| Untracked 
| 214|0x000000008d600000, 0x000000008d700000, 0x000000008d700000|100%| O|  |TAMS 0x000000008d600000, 0x000000008d600000| Untracked 
| 215|0x000000008d700000, 0x000000008d800000, 0x000000008d800000|100%| O|  |TAMS 0x000000008d700000, 0x000000008d700000| Untracked 
| 216|0x000000008d800000, 0x000000008d900000, 0x000000008d900000|100%| O|  |TAMS 0x000000008d800000, 0x000000008d800000| Untracked 
| 217|0x000000008d900000, 0x000000008da00000, 0x000000008da00000|100%| O|  |TAMS 0x000000008d900000, 0x000000008d900000| Untracked 
| 218|0x000000008da00000, 0x000000008da53200, 0x000000008db00000| 32%| O|  |TAMS 0x000000008da00000, 0x000000008da00000| Untracked 
| 219|0x000000008db00000, 0x000000008db00000, 0x000000008dc00000|  0%| F|  |TAMS 0x000000008db00000, 0x000000008db00000| Untracked 
| 220|0x000000008dc00000, 0x000000008dc00000, 0x000000008dd00000|  0%| F|  |TAMS 0x000000008dc00000, 0x000000008dc00000| Untracked 
| 221|0x000000008dd00000, 0x000000008dd00000, 0x000000008de00000|  0%| F|  |TAMS 0x000000008dd00000, 0x000000008dd00000| Untracked 
| 222|0x000000008de00000, 0x000000008de00000, 0x000000008df00000|  0%| F|  |TAMS 0x000000008de00000, 0x000000008de00000| Untracked 
| 223|0x000000008df00000, 0x000000008df00000, 0x000000008e000000|  0%| F|  |TAMS 0x000000008df00000, 0x000000008df00000| Untracked 
| 224|0x000000008e000000, 0x000000008e000000, 0x000000008e100000|  0%| F|  |TAMS 0x000000008e000000, 0x000000008e000000| Untracked 
| 225|0x000000008e100000, 0x000000008e100000, 0x000000008e200000|  0%| F|  |TAMS 0x000000008e100000, 0x000000008e100000| Untracked 
| 226|0x000000008e200000, 0x000000008e200000, 0x000000008e300000|  0%| F|  |TAMS 0x000000008e200000, 0x000000008e200000| Untracked 
| 227|0x000000008e300000, 0x000000008e300000, 0x000000008e400000|  0%| F|  |TAMS 0x000000008e300000, 0x000000008e300000| Untracked 
| 228|0x000000008e400000, 0x000000008e400000, 0x000000008e500000|  0%| F|  |TAMS 0x000000008e400000, 0x000000008e400000| Untracked 
| 229|0x000000008e500000, 0x000000008e500000, 0x000000008e600000|  0%| F|  |TAMS 0x000000008e500000, 0x000000008e500000| Untracked 
| 230|0x000000008e600000, 0x000000008e600000, 0x000000008e700000|  0%| F|  |TAMS 0x000000008e600000, 0x000000008e600000| Untracked 
| 231|0x000000008e700000, 0x000000008e700000, 0x000000008e800000|  0%| F|  |TAMS 0x000000008e700000, 0x000000008e700000| Untracked 
| 232|0x000000008e800000, 0x000000008e800000, 0x000000008e900000|  0%| F|  |TAMS 0x000000008e800000, 0x000000008e800000| Untracked 
| 233|0x000000008e900000, 0x000000008e900000, 0x000000008ea00000|  0%| F|  |TAMS 0x000000008e900000, 0x000000008e900000| Untracked 
| 234|0x000000008ea00000, 0x000000008ea00000, 0x000000008eb00000|  0%| F|  |TAMS 0x000000008ea00000, 0x000000008ea00000| Untracked 
| 235|0x000000008eb00000, 0x000000008eb00000, 0x000000008ec00000|  0%| F|  |TAMS 0x000000008eb00000, 0x000000008eb00000| Untracked 
| 236|0x000000008ec00000, 0x000000008ec00000, 0x000000008ed00000|  0%| F|  |TAMS 0x000000008ec00000, 0x000000008ec00000| Untracked 
| 237|0x000000008ed00000, 0x000000008ed00000, 0x000000008ee00000|  0%| F|  |TAMS 0x000000008ed00000, 0x000000008ed00000| Untracked 
| 238|0x000000008ee00000, 0x000000008ee00000, 0x000000008ef00000|  0%| F|  |TAMS 0x000000008ee00000, 0x000000008ee00000| Untracked 
| 239|0x000000008ef00000, 0x000000008ef00000, 0x000000008f000000|  0%| F|  |TAMS 0x000000008ef00000, 0x000000008ef00000| Untracked 
| 240|0x000000008f000000, 0x000000008f000000, 0x000000008f100000|  0%| F|  |TAMS 0x000000008f000000, 0x000000008f000000| Untracked 
| 241|0x000000008f100000, 0x000000008f100000, 0x000000008f200000|  0%| F|  |TAMS 0x000000008f100000, 0x000000008f100000| Untracked 
| 242|0x000000008f200000, 0x000000008f200000, 0x000000008f300000|  0%| F|  |TAMS 0x000000008f200000, 0x000000008f200000| Untracked 
| 243|0x000000008f300000, 0x000000008f300000, 0x000000008f400000|  0%| F|  |TAMS 0x000000008f300000, 0x000000008f300000| Untracked 
| 244|0x000000008f400000, 0x000000008f400000, 0x000000008f500000|  0%| F|  |TAMS 0x000000008f400000, 0x000000008f400000| Untracked 
| 245|0x000000008f500000, 0x000000008f500000, 0x000000008f600000|  0%| F|  |TAMS 0x000000008f500000, 0x000000008f500000| Untracked 
| 246|0x000000008f600000, 0x000000008f600000, 0x000000008f700000|  0%| F|  |TAMS 0x000000008f600000, 0x000000008f600000| Untracked 
| 247|0x000000008f700000, 0x000000008f700000, 0x000000008f800000|  0%| F|  |TAMS 0x000000008f700000, 0x000000008f700000| Untracked 
| 248|0x000000008f800000, 0x000000008f800000, 0x000000008f900000|  0%| F|  |TAMS 0x000000008f800000, 0x000000008f800000| Untracked 
| 249|0x000000008f900000, 0x000000008f900000, 0x000000008fa00000|  0%| F|  |TAMS 0x000000008f900000, 0x000000008f900000| Untracked 
| 250|0x000000008fa00000, 0x000000008fa00000, 0x000000008fb00000|  0%| F|  |TAMS 0x000000008fa00000, 0x000000008fa00000| Untracked 
| 251|0x000000008fb00000, 0x000000008fb00000, 0x000000008fc00000|  0%| F|  |TAMS 0x000000008fb00000, 0x000000008fb00000| Untracked 
| 252|0x000000008fc00000, 0x000000008fc00000, 0x000000008fd00000|  0%| F|  |TAMS 0x000000008fc00000, 0x000000008fc00000| Untracked 
| 253|0x000000008fd00000, 0x000000008fd00000, 0x000000008fe00000|  0%| F|  |TAMS 0x000000008fd00000, 0x000000008fd00000| Untracked 
| 254|0x000000008fe00000, 0x000000008fe00000, 0x000000008ff00000|  0%| F|  |TAMS 0x000000008fe00000, 0x000000008fe00000| Untracked 
| 255|0x000000008ff00000, 0x000000008ff00000, 0x0000000090000000|  0%| F|  |TAMS 0x000000008ff00000, 0x000000008ff00000| Untracked 
| 256|0x0000000090000000, 0x0000000090000000, 0x0000000090100000|  0%| F|  |TAMS 0x0000000090000000, 0x0000000090000000| Untracked 
| 257|0x0000000090100000, 0x0000000090100000, 0x0000000090200000|  0%| F|  |TAMS 0x0000000090100000, 0x0000000090100000| Untracked 
| 258|0x0000000090200000, 0x0000000090200000, 0x0000000090300000|  0%| F|  |TAMS 0x0000000090200000, 0x0000000090200000| Untracked 
| 259|0x0000000090300000, 0x0000000090300000, 0x0000000090400000|  0%| F|  |TAMS 0x0000000090300000, 0x0000000090300000| Untracked 
| 260|0x0000000090400000, 0x0000000090400000, 0x0000000090500000|  0%| F|  |TAMS 0x0000000090400000, 0x0000000090400000| Untracked 
| 261|0x0000000090500000, 0x0000000090500000, 0x0000000090600000|  0%| F|  |TAMS 0x0000000090500000, 0x0000000090500000| Untracked 
| 262|0x0000000090600000, 0x0000000090600000, 0x0000000090700000|  0%| F|  |TAMS 0x0000000090600000, 0x0000000090600000| Untracked 
| 263|0x0000000090700000, 0x0000000090700000, 0x0000000090800000|  0%| F|  |TAMS 0x0000000090700000, 0x0000000090700000| Untracked 
| 264|0x0000000090800000, 0x0000000090800000, 0x0000000090900000|  0%| F|  |TAMS 0x0000000090800000, 0x0000000090800000| Untracked 
| 265|0x0000000090900000, 0x0000000090900000, 0x0000000090a00000|  0%| F|  |TAMS 0x0000000090900000, 0x0000000090900000| Untracked 
| 266|0x0000000090a00000, 0x0000000090a00000, 0x0000000090b00000|  0%| F|  |TAMS 0x0000000090a00000, 0x0000000090a00000| Untracked 
| 267|0x0000000090b00000, 0x0000000090b00000, 0x0000000090c00000|  0%| F|  |TAMS 0x0000000090b00000, 0x0000000090b00000| Untracked 
| 268|0x0000000090c00000, 0x0000000090c00000, 0x0000000090d00000|  0%| F|  |TAMS 0x0000000090c00000, 0x0000000090c00000| Untracked 
| 269|0x0000000090d00000, 0x0000000090d00000, 0x0000000090e00000|  0%| F|  |TAMS 0x0000000090d00000, 0x0000000090d00000| Untracked 
| 270|0x0000000090e00000, 0x0000000090e00000, 0x0000000090f00000|  0%| F|  |TAMS 0x0000000090e00000, 0x0000000090e00000| Untracked 
| 271|0x0000000090f00000, 0x0000000090f00000, 0x0000000091000000|  0%| F|  |TAMS 0x0000000090f00000, 0x0000000090f00000| Untracked 
| 272|0x0000000091000000, 0x0000000091000000, 0x0000000091100000|  0%| F|  |TAMS 0x0000000091000000, 0x0000000091000000| Untracked 
| 273|0x0000000091100000, 0x0000000091100000, 0x0000000091200000|  0%| F|  |TAMS 0x0000000091100000, 0x0000000091100000| Untracked 
| 274|0x0000000091200000, 0x0000000091200000, 0x0000000091300000|  0%| F|  |TAMS 0x0000000091200000, 0x0000000091200000| Untracked 
| 275|0x0000000091300000, 0x0000000091300000, 0x0000000091400000|  0%| F|  |TAMS 0x0000000091300000, 0x0000000091300000| Untracked 
| 276|0x0000000091400000, 0x0000000091400000, 0x0000000091500000|  0%| F|  |TAMS 0x0000000091400000, 0x0000000091400000| Untracked 
| 277|0x0000000091500000, 0x0000000091500000, 0x0000000091600000|  0%| F|  |TAMS 0x0000000091500000, 0x0000000091500000| Untracked 
| 278|0x0000000091600000, 0x0000000091600000, 0x0000000091700000|  0%| F|  |TAMS 0x0000000091600000, 0x0000000091600000| Untracked 
| 279|0x0000000091700000, 0x0000000091700000, 0x0000000091800000|  0%| F|  |TAMS 0x0000000091700000, 0x0000000091700000| Untracked 
| 280|0x0000000091800000, 0x0000000091800000, 0x0000000091900000|  0%| F|  |TAMS 0x0000000091800000, 0x0000000091800000| Untracked 
| 281|0x0000000091900000, 0x0000000091900000, 0x0000000091a00000|  0%| F|  |TAMS 0x0000000091900000, 0x0000000091900000| Untracked 
| 282|0x0000000091a00000, 0x0000000091a00000, 0x0000000091b00000|  0%| F|  |TAMS 0x0000000091a00000, 0x0000000091a00000| Untracked 
| 283|0x0000000091b00000, 0x0000000091b00000, 0x0000000091c00000|  0%| F|  |TAMS 0x0000000091b00000, 0x0000000091b00000| Untracked 
| 284|0x0000000091c00000, 0x0000000091c00000, 0x0000000091d00000|  0%| F|  |TAMS 0x0000000091c00000, 0x0000000091c00000| Untracked 
| 285|0x0000000091d00000, 0x0000000091d00000, 0x0000000091e00000|  0%| F|  |TAMS 0x0000000091d00000, 0x0000000091d00000| Untracked 
| 286|0x0000000091e00000, 0x0000000091e00000, 0x0000000091f00000|  0%| F|  |TAMS 0x0000000091e00000, 0x0000000091e00000| Untracked 
| 287|0x0000000091f00000, 0x0000000091f00000, 0x0000000092000000|  0%| F|  |TAMS 0x0000000091f00000, 0x0000000091f00000| Untracked 
| 288|0x0000000092000000, 0x0000000092000000, 0x0000000092100000|  0%| F|  |TAMS 0x0000000092000000, 0x0000000092000000| Untracked 
| 289|0x0000000092100000, 0x0000000092100000, 0x0000000092200000|  0%| F|  |TAMS 0x0000000092100000, 0x0000000092100000| Untracked 
| 290|0x0000000092200000, 0x0000000092200000, 0x0000000092300000|  0%| F|  |TAMS 0x0000000092200000, 0x0000000092200000| Untracked 
| 291|0x0000000092300000, 0x0000000092300000, 0x0000000092400000|  0%| F|  |TAMS 0x0000000092300000, 0x0000000092300000| Untracked 
| 292|0x0000000092400000, 0x0000000092400000, 0x0000000092500000|  0%| F|  |TAMS 0x0000000092400000, 0x0000000092400000| Untracked 
| 293|0x0000000092500000, 0x0000000092500000, 0x0000000092600000|  0%| F|  |TAMS 0x0000000092500000, 0x0000000092500000| Untracked 
| 294|0x0000000092600000, 0x0000000092600000, 0x0000000092700000|  0%| F|  |TAMS 0x0000000092600000, 0x0000000092600000| Untracked 
| 295|0x0000000092700000, 0x0000000092700000, 0x0000000092800000|  0%| F|  |TAMS 0x0000000092700000, 0x0000000092700000| Untracked 
| 296|0x0000000092800000, 0x0000000092800000, 0x0000000092900000|  0%| F|  |TAMS 0x0000000092800000, 0x0000000092800000| Untracked 
| 297|0x0000000092900000, 0x0000000092900000, 0x0000000092a00000|  0%| F|  |TAMS 0x0000000092900000, 0x0000000092900000| Untracked 
| 298|0x0000000092a00000, 0x0000000092a00000, 0x0000000092b00000|  0%| F|  |TAMS 0x0000000092a00000, 0x0000000092a00000| Untracked 
| 299|0x0000000092b00000, 0x0000000092b00000, 0x0000000092c00000|  0%| F|  |TAMS 0x0000000092b00000, 0x0000000092b00000| Untracked 
| 300|0x0000000092c00000, 0x0000000092c00000, 0x0000000092d00000|  0%| F|  |TAMS 0x0000000092c00000, 0x0000000092c00000| Untracked 
| 301|0x0000000092d00000, 0x0000000092d00000, 0x0000000092e00000|  0%| F|  |TAMS 0x0000000092d00000, 0x0000000092d00000| Untracked 
| 302|0x0000000092e00000, 0x0000000092e00000, 0x0000000092f00000|  0%| F|  |TAMS 0x0000000092e00000, 0x0000000092e00000| Untracked 
| 303|0x0000000092f00000, 0x0000000092f00000, 0x0000000093000000|  0%| F|  |TAMS 0x0000000092f00000, 0x0000000092f00000| Untracked 
| 304|0x0000000093000000, 0x0000000093000000, 0x0000000093100000|  0%| F|  |TAMS 0x0000000093000000, 0x0000000093000000| Untracked 
| 305|0x0000000093100000, 0x0000000093100000, 0x0000000093200000|  0%| F|  |TAMS 0x0000000093100000, 0x0000000093100000| Untracked 
| 306|0x0000000093200000, 0x0000000093200000, 0x0000000093300000|  0%| F|  |TAMS 0x0000000093200000, 0x0000000093200000| Untracked 
| 307|0x0000000093300000, 0x0000000093300000, 0x0000000093400000|  0%| F|  |TAMS 0x0000000093300000, 0x0000000093300000| Untracked 
| 308|0x0000000093400000, 0x0000000093400000, 0x0000000093500000|  0%| F|  |TAMS 0x0000000093400000, 0x0000000093400000| Untracked 
| 309|0x0000000093500000, 0x0000000093500000, 0x0000000093600000|  0%| F|  |TAMS 0x0000000093500000, 0x0000000093500000| Untracked 
| 310|0x0000000093600000, 0x0000000093600000, 0x0000000093700000|  0%| F|  |TAMS 0x0000000093600000, 0x0000000093600000| Untracked 
| 311|0x0000000093700000, 0x0000000093700000, 0x0000000093800000|  0%| F|  |TAMS 0x0000000093700000, 0x0000000093700000| Untracked 
| 312|0x0000000093800000, 0x0000000093800000, 0x0000000093900000|  0%| F|  |TAMS 0x0000000093800000, 0x0000000093800000| Untracked 
| 313|0x0000000093900000, 0x0000000093900000, 0x0000000093a00000|  0%| F|  |TAMS 0x0000000093900000, 0x0000000093900000| Untracked 
| 314|0x0000000093a00000, 0x0000000093a00000, 0x0000000093b00000|  0%| F|  |TAMS 0x0000000093a00000, 0x0000000093a00000| Untracked 
| 315|0x0000000093b00000, 0x0000000093b00000, 0x0000000093c00000|  0%| F|  |TAMS 0x0000000093b00000, 0x0000000093b00000| Untracked 
| 316|0x0000000093c00000, 0x0000000093c00000, 0x0000000093d00000|  0%| F|  |TAMS 0x0000000093c00000, 0x0000000093c00000| Untracked 
| 317|0x0000000093d00000, 0x0000000093d00000, 0x0000000093e00000|  0%| F|  |TAMS 0x0000000093d00000, 0x0000000093d00000| Untracked 
| 318|0x0000000093e00000, 0x0000000093e00000, 0x0000000093f00000|  0%| F|  |TAMS 0x0000000093e00000, 0x0000000093e00000| Untracked 
| 319|0x0000000093f00000, 0x0000000093f00000, 0x0000000094000000|  0%| F|  |TAMS 0x0000000093f00000, 0x0000000093f00000| Untracked 
| 320|0x0000000094000000, 0x0000000094000000, 0x0000000094100000|  0%| F|  |TAMS 0x0000000094000000, 0x0000000094000000| Untracked 
| 321|0x0000000094100000, 0x0000000094100000, 0x0000000094200000|  0%| F|  |TAMS 0x0000000094100000, 0x0000000094100000| Untracked 
| 322|0x0000000094200000, 0x0000000094200000, 0x0000000094300000|  0%| F|  |TAMS 0x0000000094200000, 0x0000000094200000| Untracked 
| 323|0x0000000094300000, 0x0000000094300000, 0x0000000094400000|  0%| F|  |TAMS 0x0000000094300000, 0x0000000094300000| Untracked 
| 324|0x0000000094400000, 0x0000000094400000, 0x0000000094500000|  0%| F|  |TAMS 0x0000000094400000, 0x0000000094400000| Untracked 
| 325|0x0000000094500000, 0x0000000094500000, 0x0000000094600000|  0%| F|  |TAMS 0x0000000094500000, 0x0000000094500000| Untracked 
| 326|0x0000000094600000, 0x0000000094600000, 0x0000000094700000|  0%| F|  |TAMS 0x0000000094600000, 0x0000000094600000| Untracked 
| 327|0x0000000094700000, 0x0000000094700000, 0x0000000094800000|  0%| F|  |TAMS 0x0000000094700000, 0x0000000094700000| Untracked 
| 328|0x0000000094800000, 0x0000000094800000, 0x0000000094900000|  0%| F|  |TAMS 0x0000000094800000, 0x0000000094800000| Untracked 
| 329|0x0000000094900000, 0x0000000094900000, 0x0000000094a00000|  0%| F|  |TAMS 0x0000000094900000, 0x0000000094900000| Untracked 
| 330|0x0000000094a00000, 0x0000000094a00000, 0x0000000094b00000|  0%| F|  |TAMS 0x0000000094a00000, 0x0000000094a00000| Untracked 
| 331|0x0000000094b00000, 0x0000000094b00000, 0x0000000094c00000|  0%| F|  |TAMS 0x0000000094b00000, 0x0000000094b00000| Untracked 
| 332|0x0000000094c00000, 0x0000000094c00000, 0x0000000094d00000|  0%| F|  |TAMS 0x0000000094c00000, 0x0000000094c00000| Untracked 
| 333|0x0000000094d00000, 0x0000000094d00000, 0x0000000094e00000|  0%| F|  |TAMS 0x0000000094d00000, 0x0000000094d00000| Untracked 
| 334|0x0000000094e00000, 0x0000000094e00000, 0x0000000094f00000|  0%| F|  |TAMS 0x0000000094e00000, 0x0000000094e00000| Untracked 
| 335|0x0000000094f00000, 0x0000000094f00000, 0x0000000095000000|  0%| F|  |TAMS 0x0000000094f00000, 0x0000000094f00000| Untracked 
| 336|0x0000000095000000, 0x0000000095000000, 0x0000000095100000|  0%| F|  |TAMS 0x0000000095000000, 0x0000000095000000| Untracked 
| 337|0x0000000095100000, 0x0000000095100000, 0x0000000095200000|  0%| F|  |TAMS 0x0000000095100000, 0x0000000095100000| Untracked 
| 338|0x0000000095200000, 0x0000000095200000, 0x0000000095300000|  0%| F|  |TAMS 0x0000000095200000, 0x0000000095200000| Untracked 
| 339|0x0000000095300000, 0x0000000095300000, 0x0000000095400000|  0%| F|  |TAMS 0x0000000095300000, 0x0000000095300000| Untracked 
| 340|0x0000000095400000, 0x0000000095400000, 0x0000000095500000|  0%| F|  |TAMS 0x0000000095400000, 0x0000000095400000| Untracked 
| 341|0x0000000095500000, 0x0000000095500000, 0x0000000095600000|  0%| F|  |TAMS 0x0000000095500000, 0x0000000095500000| Untracked 
| 342|0x0000000095600000, 0x0000000095600000, 0x0000000095700000|  0%| F|  |TAMS 0x0000000095600000, 0x0000000095600000| Untracked 
| 343|0x0000000095700000, 0x0000000095700000, 0x0000000095800000|  0%| F|  |TAMS 0x0000000095700000, 0x0000000095700000| Untracked 
| 344|0x0000000095800000, 0x00000000958ab090, 0x0000000095900000| 66%| S|CS|TAMS 0x0000000095800000, 0x0000000095800000| Complete 
| 345|0x0000000095900000, 0x0000000095a00000, 0x0000000095a00000|100%| S|CS|TAMS 0x0000000095900000, 0x0000000095900000| Complete 
| 346|0x0000000095a00000, 0x0000000095b00000, 0x0000000095b00000|100%| S|CS|TAMS 0x0000000095a00000, 0x0000000095a00000| Complete 
| 347|0x0000000095b00000, 0x0000000095c00000, 0x0000000095c00000|100%| S|CS|TAMS 0x0000000095b00000, 0x0000000095b00000| Complete 
| 348|0x0000000095c00000, 0x0000000095d00000, 0x0000000095d00000|100%| S|CS|TAMS 0x0000000095c00000, 0x0000000095c00000| Complete 
| 349|0x0000000095d00000, 0x0000000095e00000, 0x0000000095e00000|100%| S|CS|TAMS 0x0000000095d00000, 0x0000000095d00000| Complete 
| 350|0x0000000095e00000, 0x0000000095f00000, 0x0000000095f00000|100%| S|CS|TAMS 0x0000000095e00000, 0x0000000095e00000| Complete 
| 351|0x0000000095f00000, 0x0000000096000000, 0x0000000096000000|100%| S|CS|TAMS 0x0000000095f00000, 0x0000000095f00000| Complete 
| 352|0x0000000096000000, 0x0000000096100000, 0x0000000096100000|100%| S|CS|TAMS 0x0000000096000000, 0x0000000096000000| Complete 
| 353|0x0000000096100000, 0x0000000096200000, 0x0000000096200000|100%| S|CS|TAMS 0x0000000096100000, 0x0000000096100000| Complete 
| 354|0x0000000096200000, 0x0000000096300000, 0x0000000096300000|100%| S|CS|TAMS 0x0000000096200000, 0x0000000096200000| Complete 
| 355|0x0000000096300000, 0x0000000096400000, 0x0000000096400000|100%| S|CS|TAMS 0x0000000096300000, 0x0000000096300000| Complete 
| 356|0x0000000096400000, 0x0000000096500000, 0x0000000096500000|100%| S|CS|TAMS 0x0000000096400000, 0x0000000096400000| Complete 
| 357|0x0000000096500000, 0x0000000096600000, 0x0000000096600000|100%| S|CS|TAMS 0x0000000096500000, 0x0000000096500000| Complete 
| 358|0x0000000096600000, 0x0000000096600000, 0x0000000096700000|  0%| F|  |TAMS 0x0000000096600000, 0x0000000096600000| Untracked 
| 359|0x0000000096700000, 0x0000000096700000, 0x0000000096800000|  0%| F|  |TAMS 0x0000000096700000, 0x0000000096700000| Untracked 
| 360|0x0000000096800000, 0x0000000096800000, 0x0000000096900000|  0%| F|  |TAMS 0x0000000096800000, 0x0000000096800000| Untracked 
| 361|0x0000000096900000, 0x0000000096900000, 0x0000000096a00000|  0%| F|  |TAMS 0x0000000096900000, 0x0000000096900000| Untracked 
| 362|0x0000000096a00000, 0x0000000096a00000, 0x0000000096b00000|  0%| F|  |TAMS 0x0000000096a00000, 0x0000000096a00000| Untracked 
| 363|0x0000000096b00000, 0x0000000096b00000, 0x0000000096c00000|  0%| F|  |TAMS 0x0000000096b00000, 0x0000000096b00000| Untracked 
| 364|0x0000000096c00000, 0x0000000096c558d8, 0x0000000096d00000| 33%| E|  |TAMS 0x0000000096c00000, 0x0000000096c00000| Complete 
| 365|0x0000000096d00000, 0x0000000096e00000, 0x0000000096e00000|100%| E|CS|TAMS 0x0000000096d00000, 0x0000000096d00000| Complete 
| 366|0x0000000096e00000, 0x0000000096f00000, 0x0000000096f00000|100%| E|CS|TAMS 0x0000000096e00000, 0x0000000096e00000| Complete 
| 367|0x0000000096f00000, 0x0000000097000000, 0x0000000097000000|100%| E|CS|TAMS 0x0000000096f00000, 0x0000000096f00000| Complete 
| 368|0x0000000097000000, 0x0000000097100000, 0x0000000097100000|100%| E|CS|TAMS 0x0000000097000000, 0x0000000097000000| Complete 
| 369|0x0000000097100000, 0x0000000097200000, 0x0000000097200000|100%| E|CS|TAMS 0x0000000097100000, 0x0000000097100000| Complete 
| 370|0x0000000097200000, 0x0000000097300000, 0x0000000097300000|100%| E|CS|TAMS 0x0000000097200000, 0x0000000097200000| Complete 
| 371|0x0000000097300000, 0x0000000097400000, 0x0000000097400000|100%| E|CS|TAMS 0x0000000097300000, 0x0000000097300000| Complete 
| 372|0x0000000097400000, 0x0000000097500000, 0x0000000097500000|100%| E|CS|TAMS 0x0000000097400000, 0x0000000097400000| Complete 
| 373|0x0000000097500000, 0x0000000097600000, 0x0000000097600000|100%| E|CS|TAMS 0x0000000097500000, 0x0000000097500000| Complete 
| 374|0x0000000097600000, 0x0000000097700000, 0x0000000097700000|100%| E|CS|TAMS 0x0000000097600000, 0x0000000097600000| Complete 
| 375|0x0000000097700000, 0x0000000097800000, 0x0000000097800000|100%| E|CS|TAMS 0x0000000097700000, 0x0000000097700000| Complete 
| 376|0x0000000097800000, 0x0000000097900000, 0x0000000097900000|100%| E|CS|TAMS 0x0000000097800000, 0x0000000097800000| Complete 
| 377|0x0000000097900000, 0x0000000097a00000, 0x0000000097a00000|100%| E|CS|TAMS 0x0000000097900000, 0x0000000097900000| Complete 
| 378|0x0000000097a00000, 0x0000000097b00000, 0x0000000097b00000|100%| E|CS|TAMS 0x0000000097a00000, 0x0000000097a00000| Complete 
| 379|0x0000000097b00000, 0x0000000097c00000, 0x0000000097c00000|100%| E|CS|TAMS 0x0000000097b00000, 0x0000000097b00000| Complete 
| 380|0x0000000097c00000, 0x0000000097d00000, 0x0000000097d00000|100%| E|CS|TAMS 0x0000000097c00000, 0x0000000097c00000| Complete 
| 381|0x0000000097d00000, 0x0000000097e00000, 0x0000000097e00000|100%| E|CS|TAMS 0x0000000097d00000, 0x0000000097d00000| Complete 
| 382|0x0000000097e00000, 0x0000000097f00000, 0x0000000097f00000|100%| E|CS|TAMS 0x0000000097e00000, 0x0000000097e00000| Complete 
| 383|0x0000000097f00000, 0x0000000098000000, 0x0000000098000000|100%| E|CS|TAMS 0x0000000097f00000, 0x0000000097f00000| Complete 
| 384|0x0000000098000000, 0x0000000098100000, 0x0000000098100000|100%| E|CS|TAMS 0x0000000098000000, 0x0000000098000000| Complete 
| 385|0x0000000098100000, 0x0000000098200000, 0x0000000098200000|100%| E|CS|TAMS 0x0000000098100000, 0x0000000098100000| Complete 
| 386|0x0000000098200000, 0x0000000098300000, 0x0000000098300000|100%| E|CS|TAMS 0x0000000098200000, 0x0000000098200000| Complete 
| 387|0x0000000098300000, 0x0000000098400000, 0x0000000098400000|100%| E|CS|TAMS 0x0000000098300000, 0x0000000098300000| Complete 
| 388|0x0000000098400000, 0x0000000098500000, 0x0000000098500000|100%| E|CS|TAMS 0x0000000098400000, 0x0000000098400000| Complete 
| 389|0x0000000098500000, 0x0000000098600000, 0x0000000098600000|100%| E|CS|TAMS 0x0000000098500000, 0x0000000098500000| Complete 
| 390|0x0000000098600000, 0x0000000098700000, 0x0000000098700000|100%| E|CS|TAMS 0x0000000098600000, 0x0000000098600000| Complete 
| 391|0x0000000098700000, 0x0000000098800000, 0x0000000098800000|100%| E|CS|TAMS 0x0000000098700000, 0x0000000098700000| Complete 
| 392|0x0000000098800000, 0x0000000098900000, 0x0000000098900000|100%| E|CS|TAMS 0x0000000098800000, 0x0000000098800000| Complete 
| 393|0x0000000098900000, 0x0000000098a00000, 0x0000000098a00000|100%| E|CS|TAMS 0x0000000098900000, 0x0000000098900000| Complete 
| 394|0x0000000098a00000, 0x0000000098b00000, 0x0000000098b00000|100%| E|CS|TAMS 0x0000000098a00000, 0x0000000098a00000| Complete 
| 395|0x0000000098b00000, 0x0000000098c00000, 0x0000000098c00000|100%| E|CS|TAMS 0x0000000098b00000, 0x0000000098b00000| Complete 
| 396|0x0000000098c00000, 0x0000000098d00000, 0x0000000098d00000|100%| E|CS|TAMS 0x0000000098c00000, 0x0000000098c00000| Complete 
| 397|0x0000000098d00000, 0x0000000098e00000, 0x0000000098e00000|100%| E|CS|TAMS 0x0000000098d00000, 0x0000000098d00000| Complete 
| 398|0x0000000098e00000, 0x0000000098f00000, 0x0000000098f00000|100%| E|CS|TAMS 0x0000000098e00000, 0x0000000098e00000| Complete 
| 399|0x0000000098f00000, 0x0000000099000000, 0x0000000099000000|100%| E|CS|TAMS 0x0000000098f00000, 0x0000000098f00000| Complete 
| 400|0x0000000099000000, 0x0000000099100000, 0x0000000099100000|100%| E|CS|TAMS 0x0000000099000000, 0x0000000099000000| Complete 
| 401|0x0000000099100000, 0x0000000099200000, 0x0000000099200000|100%| E|CS|TAMS 0x0000000099100000, 0x0000000099100000| Complete 
| 402|0x0000000099200000, 0x0000000099300000, 0x0000000099300000|100%| E|CS|TAMS 0x0000000099200000, 0x0000000099200000| Complete 
| 403|0x0000000099300000, 0x0000000099400000, 0x0000000099400000|100%| E|CS|TAMS 0x0000000099300000, 0x0000000099300000| Complete 
| 404|0x0000000099400000, 0x0000000099500000, 0x0000000099500000|100%| E|CS|TAMS 0x0000000099400000, 0x0000000099400000| Complete 
| 405|0x0000000099500000, 0x0000000099600000, 0x0000000099600000|100%| E|CS|TAMS 0x0000000099500000, 0x0000000099500000| Complete 
| 406|0x0000000099600000, 0x0000000099700000, 0x0000000099700000|100%| E|CS|TAMS 0x0000000099600000, 0x0000000099600000| Complete 
| 407|0x0000000099700000, 0x0000000099800000, 0x0000000099800000|100%| E|CS|TAMS 0x0000000099700000, 0x0000000099700000| Complete 
| 408|0x0000000099800000, 0x0000000099900000, 0x0000000099900000|100%| E|CS|TAMS 0x0000000099800000, 0x0000000099800000| Complete 
| 409|0x0000000099900000, 0x0000000099a00000, 0x0000000099a00000|100%| E|CS|TAMS 0x0000000099900000, 0x0000000099900000| Complete 
| 410|0x0000000099a00000, 0x0000000099b00000, 0x0000000099b00000|100%| E|CS|TAMS 0x0000000099a00000, 0x0000000099a00000| Complete 
| 411|0x0000000099b00000, 0x0000000099c00000, 0x0000000099c00000|100%| E|CS|TAMS 0x0000000099b00000, 0x0000000099b00000| Complete 
| 412|0x0000000099c00000, 0x0000000099d00000, 0x0000000099d00000|100%| E|CS|TAMS 0x0000000099c00000, 0x0000000099c00000| Complete 
| 413|0x0000000099d00000, 0x0000000099e00000, 0x0000000099e00000|100%| E|CS|TAMS 0x0000000099d00000, 0x0000000099d00000| Complete 
| 414|0x0000000099e00000, 0x0000000099f00000, 0x0000000099f00000|100%| E|CS|TAMS 0x0000000099e00000, 0x0000000099e00000| Complete 
| 415|0x0000000099f00000, 0x000000009a000000, 0x000000009a000000|100%| E|CS|TAMS 0x0000000099f00000, 0x0000000099f00000| Complete 
| 416|0x000000009a000000, 0x000000009a100000, 0x000000009a100000|100%| E|CS|TAMS 0x000000009a000000, 0x000000009a000000| Complete 
| 417|0x000000009a100000, 0x000000009a200000, 0x000000009a200000|100%| E|CS|TAMS 0x000000009a100000, 0x000000009a100000| Complete 
| 418|0x000000009a200000, 0x000000009a300000, 0x000000009a300000|100%| E|CS|TAMS 0x000000009a200000, 0x000000009a200000| Complete 
| 419|0x000000009a300000, 0x000000009a400000, 0x000000009a400000|100%| E|CS|TAMS 0x000000009a300000, 0x000000009a300000| Complete 
| 420|0x000000009a400000, 0x000000009a500000, 0x000000009a500000|100%| E|CS|TAMS 0x000000009a400000, 0x000000009a400000| Complete 
| 421|0x000000009a500000, 0x000000009a600000, 0x000000009a600000|100%| E|CS|TAMS 0x000000009a500000, 0x000000009a500000| Complete 
| 422|0x000000009a600000, 0x000000009a700000, 0x000000009a700000|100%| E|CS|TAMS 0x000000009a600000, 0x000000009a600000| Complete 
| 423|0x000000009a700000, 0x000000009a800000, 0x000000009a800000|100%| E|CS|TAMS 0x000000009a700000, 0x000000009a700000| Complete 
| 424|0x000000009a800000, 0x000000009a900000, 0x000000009a900000|100%| E|CS|TAMS 0x000000009a800000, 0x000000009a800000| Complete 
| 425|0x000000009a900000, 0x000000009aa00000, 0x000000009aa00000|100%| E|CS|TAMS 0x000000009a900000, 0x000000009a900000| Complete 
| 426|0x000000009aa00000, 0x000000009ab00000, 0x000000009ab00000|100%| E|CS|TAMS 0x000000009aa00000, 0x000000009aa00000| Complete 
| 427|0x000000009ab00000, 0x000000009ac00000, 0x000000009ac00000|100%| E|CS|TAMS 0x000000009ab00000, 0x000000009ab00000| Complete 
| 428|0x000000009ac00000, 0x000000009ad00000, 0x000000009ad00000|100%| E|CS|TAMS 0x000000009ac00000, 0x000000009ac00000| Complete 
| 429|0x000000009ad00000, 0x000000009ae00000, 0x000000009ae00000|100%| E|CS|TAMS 0x000000009ad00000, 0x000000009ad00000| Complete 
| 430|0x000000009ae00000, 0x000000009af00000, 0x000000009af00000|100%| E|CS|TAMS 0x000000009ae00000, 0x000000009ae00000| Complete 
| 431|0x000000009af00000, 0x000000009b000000, 0x000000009b000000|100%| E|  |TAMS 0x000000009af00000, 0x000000009af00000| Complete 
| 432|0x000000009b000000, 0x000000009b100000, 0x000000009b100000|100%| E|CS|TAMS 0x000000009b000000, 0x000000009b000000| Complete 
| 433|0x000000009b100000, 0x000000009b200000, 0x000000009b200000|100%| E|CS|TAMS 0x000000009b100000, 0x000000009b100000| Complete 
| 434|0x000000009b200000, 0x000000009b300000, 0x000000009b300000|100%| E|CS|TAMS 0x000000009b200000, 0x000000009b200000| Complete 
| 435|0x000000009b300000, 0x000000009b400000, 0x000000009b400000|100%| E|CS|TAMS 0x000000009b300000, 0x000000009b300000| Complete 
| 436|0x000000009b400000, 0x000000009b500000, 0x000000009b500000|100%| E|CS|TAMS 0x000000009b400000, 0x000000009b400000| Complete 
| 437|0x000000009b500000, 0x000000009b600000, 0x000000009b600000|100%| E|CS|TAMS 0x000000009b500000, 0x000000009b500000| Complete 
| 438|0x000000009b600000, 0x000000009b700000, 0x000000009b700000|100%| E|CS|TAMS 0x000000009b600000, 0x000000009b600000| Complete 
| 439|0x000000009b700000, 0x000000009b800000, 0x000000009b800000|100%| E|CS|TAMS 0x000000009b700000, 0x000000009b700000| Complete 
| 440|0x000000009b800000, 0x000000009b900000, 0x000000009b900000|100%| E|CS|TAMS 0x000000009b800000, 0x000000009b800000| Complete 
| 441|0x000000009b900000, 0x000000009ba00000, 0x000000009ba00000|100%| E|CS|TAMS 0x000000009b900000, 0x000000009b900000| Complete 
| 442|0x000000009ba00000, 0x000000009bb00000, 0x000000009bb00000|100%| E|CS|TAMS 0x000000009ba00000, 0x000000009ba00000| Complete 
| 443|0x000000009bb00000, 0x000000009bc00000, 0x000000009bc00000|100%| E|CS|TAMS 0x000000009bb00000, 0x000000009bb00000| Complete 
| 444|0x000000009bc00000, 0x000000009bd00000, 0x000000009bd00000|100%| E|CS|TAMS 0x000000009bc00000, 0x000000009bc00000| Complete 
| 445|0x000000009bd00000, 0x000000009be00000, 0x000000009be00000|100%| E|CS|TAMS 0x000000009bd00000, 0x000000009bd00000| Complete 
| 446|0x000000009be00000, 0x000000009bf00000, 0x000000009bf00000|100%| E|CS|TAMS 0x000000009be00000, 0x000000009be00000| Complete 
| 447|0x000000009bf00000, 0x000000009c000000, 0x000000009c000000|100%| E|CS|TAMS 0x000000009bf00000, 0x000000009bf00000| Complete 
| 448|0x000000009c000000, 0x000000009c100000, 0x000000009c100000|100%| E|CS|TAMS 0x000000009c000000, 0x000000009c000000| Complete 
| 449|0x000000009c100000, 0x000000009c200000, 0x000000009c200000|100%| E|CS|TAMS 0x000000009c100000, 0x000000009c100000| Complete 
| 450|0x000000009c200000, 0x000000009c300000, 0x000000009c300000|100%| E|CS|TAMS 0x000000009c200000, 0x000000009c200000| Complete 
| 451|0x000000009c300000, 0x000000009c400000, 0x000000009c400000|100%| E|CS|TAMS 0x000000009c300000, 0x000000009c300000| Complete 
| 452|0x000000009c400000, 0x000000009c500000, 0x000000009c500000|100%| E|CS|TAMS 0x000000009c400000, 0x000000009c400000| Complete 
| 453|0x000000009c500000, 0x000000009c600000, 0x000000009c600000|100%| E|CS|TAMS 0x000000009c500000, 0x000000009c500000| Complete 
| 454|0x000000009c600000, 0x000000009c700000, 0x000000009c700000|100%| E|CS|TAMS 0x000000009c600000, 0x000000009c600000| Complete 
| 455|0x000000009c700000, 0x000000009c800000, 0x000000009c800000|100%| E|CS|TAMS 0x000000009c700000, 0x000000009c700000| Complete 
| 456|0x000000009c800000, 0x000000009c900000, 0x000000009c900000|100%| E|CS|TAMS 0x000000009c800000, 0x000000009c800000| Complete 
| 457|0x000000009c900000, 0x000000009ca00000, 0x000000009ca00000|100%| E|CS|TAMS 0x000000009c900000, 0x000000009c900000| Complete 
| 458|0x000000009ca00000, 0x000000009cb00000, 0x000000009cb00000|100%| E|CS|TAMS 0x000000009ca00000, 0x000000009ca00000| Complete 
| 459|0x000000009cb00000, 0x000000009cc00000, 0x000000009cc00000|100%| E|CS|TAMS 0x000000009cb00000, 0x000000009cb00000| Complete 
| 460|0x000000009cc00000, 0x000000009cd00000, 0x000000009cd00000|100%| E|CS|TAMS 0x000000009cc00000, 0x000000009cc00000| Complete 
| 461|0x000000009cd00000, 0x000000009ce00000, 0x000000009ce00000|100%| E|CS|TAMS 0x000000009cd00000, 0x000000009cd00000| Complete 
| 462|0x000000009ce00000, 0x000000009cf00000, 0x000000009cf00000|100%| E|CS|TAMS 0x000000009ce00000, 0x000000009ce00000| Complete 
| 463|0x000000009cf00000, 0x000000009d000000, 0x000000009d000000|100%| E|CS|TAMS 0x000000009cf00000, 0x000000009cf00000| Complete 
| 464|0x000000009d000000, 0x000000009d100000, 0x000000009d100000|100%| E|CS|TAMS 0x000000009d000000, 0x000000009d000000| Complete 
| 465|0x000000009d100000, 0x000000009d200000, 0x000000009d200000|100%| E|CS|TAMS 0x000000009d100000, 0x000000009d100000| Complete 
| 466|0x000000009d200000, 0x000000009d300000, 0x000000009d300000|100%| E|CS|TAMS 0x000000009d200000, 0x000000009d200000| Complete 
| 467|0x000000009d300000, 0x000000009d400000, 0x000000009d400000|100%| E|CS|TAMS 0x000000009d300000, 0x000000009d300000| Complete 
| 468|0x000000009d400000, 0x000000009d500000, 0x000000009d500000|100%| E|CS|TAMS 0x000000009d400000, 0x000000009d400000| Complete 
| 469|0x000000009d500000, 0x000000009d600000, 0x000000009d600000|100%| E|CS|TAMS 0x000000009d500000, 0x000000009d500000| Complete 
| 470|0x000000009d600000, 0x000000009d700000, 0x000000009d700000|100%| E|CS|TAMS 0x000000009d600000, 0x000000009d600000| Complete 
| 471|0x000000009d700000, 0x000000009d800000, 0x000000009d800000|100%| E|CS|TAMS 0x000000009d700000, 0x000000009d700000| Complete 
| 472|0x000000009d800000, 0x000000009d900000, 0x000000009d900000|100%| E|CS|TAMS 0x000000009d800000, 0x000000009d800000| Complete 
| 473|0x000000009d900000, 0x000000009da00000, 0x000000009da00000|100%| E|CS|TAMS 0x000000009d900000, 0x000000009d900000| Complete 
| 474|0x000000009da00000, 0x000000009db00000, 0x000000009db00000|100%| E|CS|TAMS 0x000000009da00000, 0x000000009da00000| Complete 
| 475|0x000000009db00000, 0x000000009dc00000, 0x000000009dc00000|100%| E|CS|TAMS 0x000000009db00000, 0x000000009db00000| Complete 
| 476|0x000000009dc00000, 0x000000009dd00000, 0x000000009dd00000|100%| E|CS|TAMS 0x000000009dc00000, 0x000000009dc00000| Complete 
| 477|0x000000009dd00000, 0x000000009de00000, 0x000000009de00000|100%| E|CS|TAMS 0x000000009dd00000, 0x000000009dd00000| Complete 
| 478|0x000000009de00000, 0x000000009df00000, 0x000000009df00000|100%| E|CS|TAMS 0x000000009de00000, 0x000000009de00000| Complete 
| 479|0x000000009df00000, 0x000000009e000000, 0x000000009e000000|100%| E|CS|TAMS 0x000000009df00000, 0x000000009df00000| Complete 
| 480|0x000000009e000000, 0x000000009e100000, 0x000000009e100000|100%| E|CS|TAMS 0x000000009e000000, 0x000000009e000000| Complete 
| 481|0x000000009e100000, 0x000000009e200000, 0x000000009e200000|100%| E|CS|TAMS 0x000000009e100000, 0x000000009e100000| Complete 
| 482|0x000000009e200000, 0x000000009e300000, 0x000000009e300000|100%| E|CS|TAMS 0x000000009e200000, 0x000000009e200000| Complete 
| 483|0x000000009e300000, 0x000000009e400000, 0x000000009e400000|100%| E|CS|TAMS 0x000000009e300000, 0x000000009e300000| Complete 
| 484|0x000000009e400000, 0x000000009e500000, 0x000000009e500000|100%| E|CS|TAMS 0x000000009e400000, 0x000000009e400000| Complete 
| 485|0x000000009e500000, 0x000000009e600000, 0x000000009e600000|100%| E|CS|TAMS 0x000000009e500000, 0x000000009e500000| Complete 
| 486|0x000000009e600000, 0x000000009e700000, 0x000000009e700000|100%| E|CS|TAMS 0x000000009e600000, 0x000000009e600000| Complete 
| 487|0x000000009e700000, 0x000000009e800000, 0x000000009e800000|100%| E|CS|TAMS 0x000000009e700000, 0x000000009e700000| Complete 
| 488|0x000000009e800000, 0x000000009e900000, 0x000000009e900000|100%| E|CS|TAMS 0x000000009e800000, 0x000000009e800000| Complete 
| 489|0x000000009e900000, 0x000000009ea00000, 0x000000009ea00000|100%| E|CS|TAMS 0x000000009e900000, 0x000000009e900000| Complete 
| 490|0x000000009ea00000, 0x000000009eb00000, 0x000000009eb00000|100%| E|CS|TAMS 0x000000009ea00000, 0x000000009ea00000| Complete 
| 491|0x000000009eb00000, 0x000000009ec00000, 0x000000009ec00000|100%| E|CS|TAMS 0x000000009eb00000, 0x000000009eb00000| Complete 
| 492|0x000000009ec00000, 0x000000009ed00000, 0x000000009ed00000|100%| E|CS|TAMS 0x000000009ec00000, 0x000000009ec00000| Complete 
| 493|0x000000009ed00000, 0x000000009ee00000, 0x000000009ee00000|100%| E|CS|TAMS 0x000000009ed00000, 0x000000009ed00000| Complete 
| 494|0x000000009ee00000, 0x000000009ef00000, 0x000000009ef00000|100%| E|CS|TAMS 0x000000009ee00000, 0x000000009ee00000| Complete 
| 495|0x000000009ef00000, 0x000000009f000000, 0x000000009f000000|100%| E|CS|TAMS 0x000000009ef00000, 0x000000009ef00000| Complete 
| 496|0x000000009f000000, 0x000000009f100000, 0x000000009f100000|100%| E|CS|TAMS 0x000000009f000000, 0x000000009f000000| Complete 
| 497|0x000000009f100000, 0x000000009f200000, 0x000000009f200000|100%| E|CS|TAMS 0x000000009f100000, 0x000000009f100000| Complete 
| 498|0x000000009f200000, 0x000000009f300000, 0x000000009f300000|100%| E|CS|TAMS 0x000000009f200000, 0x000000009f200000| Complete 
| 499|0x000000009f300000, 0x000000009f400000, 0x000000009f400000|100%| E|CS|TAMS 0x000000009f300000, 0x000000009f300000| Complete 
| 500|0x000000009f400000, 0x000000009f500000, 0x000000009f500000|100%| E|CS|TAMS 0x000000009f400000, 0x000000009f400000| Complete 
| 501|0x000000009f500000, 0x000000009f600000, 0x000000009f600000|100%| E|CS|TAMS 0x000000009f500000, 0x000000009f500000| Complete 
| 502|0x000000009f600000, 0x000000009f700000, 0x000000009f700000|100%| E|CS|TAMS 0x000000009f600000, 0x000000009f600000| Complete 
| 503|0x000000009f700000, 0x000000009f800000, 0x000000009f800000|100%| E|CS|TAMS 0x000000009f700000, 0x000000009f700000| Complete 
| 504|0x000000009f800000, 0x000000009f900000, 0x000000009f900000|100%| E|CS|TAMS 0x000000009f800000, 0x000000009f800000| Complete 
| 505|0x000000009f900000, 0x000000009fa00000, 0x000000009fa00000|100%| E|CS|TAMS 0x000000009f900000, 0x000000009f900000| Complete 
| 506|0x000000009fa00000, 0x000000009fb00000, 0x000000009fb00000|100%| E|CS|TAMS 0x000000009fa00000, 0x000000009fa00000| Complete 
| 507|0x000000009fb00000, 0x000000009fc00000, 0x000000009fc00000|100%| E|CS|TAMS 0x000000009fb00000, 0x000000009fb00000| Complete 
| 508|0x000000009fc00000, 0x000000009fd00000, 0x000000009fd00000|100%| E|CS|TAMS 0x000000009fc00000, 0x000000009fc00000| Complete 
| 509|0x000000009fd00000, 0x000000009fe00000, 0x000000009fe00000|100%| E|CS|TAMS 0x000000009fd00000, 0x000000009fd00000| Complete 
| 510|0x000000009fe00000, 0x000000009ff00000, 0x000000009ff00000|100%| E|CS|TAMS 0x000000009fe00000, 0x000000009fe00000| Complete 
| 511|0x000000009ff00000, 0x00000000a0000000, 0x00000000a0000000|100%| E|CS|TAMS 0x000000009ff00000, 0x000000009ff00000| Complete 
| 512|0x00000000a0000000, 0x00000000a0100000, 0x00000000a0100000|100%| E|CS|TAMS 0x00000000a0000000, 0x00000000a0000000| Complete 
| 513|0x00000000a0100000, 0x00000000a0200000, 0x00000000a0200000|100%| E|CS|TAMS 0x00000000a0100000, 0x00000000a0100000| Complete 
| 514|0x00000000a0200000, 0x00000000a0300000, 0x00000000a0300000|100%| E|CS|TAMS 0x00000000a0200000, 0x00000000a0200000| Complete 
| 515|0x00000000a0300000, 0x00000000a0400000, 0x00000000a0400000|100%| E|CS|TAMS 0x00000000a0300000, 0x00000000a0300000| Complete 
| 516|0x00000000a0400000, 0x00000000a0500000, 0x00000000a0500000|100%| E|CS|TAMS 0x00000000a0400000, 0x00000000a0400000| Complete 
| 517|0x00000000a0500000, 0x00000000a0600000, 0x00000000a0600000|100%| E|CS|TAMS 0x00000000a0500000, 0x00000000a0500000| Complete 
| 518|0x00000000a0600000, 0x00000000a0700000, 0x00000000a0700000|100%| E|CS|TAMS 0x00000000a0600000, 0x00000000a0600000| Complete 
| 519|0x00000000a0700000, 0x00000000a0800000, 0x00000000a0800000|100%| E|CS|TAMS 0x00000000a0700000, 0x00000000a0700000| Complete 
| 520|0x00000000a0800000, 0x00000000a0900000, 0x00000000a0900000|100%| E|CS|TAMS 0x00000000a0800000, 0x00000000a0800000| Complete 
| 521|0x00000000a0900000, 0x00000000a0a00000, 0x00000000a0a00000|100%| E|CS|TAMS 0x00000000a0900000, 0x00000000a0900000| Complete 
| 522|0x00000000a0a00000, 0x00000000a0b00000, 0x00000000a0b00000|100%| E|CS|TAMS 0x00000000a0a00000, 0x00000000a0a00000| Complete 
| 523|0x00000000a0b00000, 0x00000000a0c00000, 0x00000000a0c00000|100%| E|CS|TAMS 0x00000000a0b00000, 0x00000000a0b00000| Complete 
| 524|0x00000000a0c00000, 0x00000000a0d00000, 0x00000000a0d00000|100%| E|CS|TAMS 0x00000000a0c00000, 0x00000000a0c00000| Complete 
| 525|0x00000000a0d00000, 0x00000000a0e00000, 0x00000000a0e00000|100%| E|CS|TAMS 0x00000000a0d00000, 0x00000000a0d00000| Complete 
| 526|0x00000000a0e00000, 0x00000000a0f00000, 0x00000000a0f00000|100%| E|CS|TAMS 0x00000000a0e00000, 0x00000000a0e00000| Complete 
| 527|0x00000000a0f00000, 0x00000000a1000000, 0x00000000a1000000|100%| E|CS|TAMS 0x00000000a0f00000, 0x00000000a0f00000| Complete 
| 528|0x00000000a1000000, 0x00000000a1100000, 0x00000000a1100000|100%| E|CS|TAMS 0x00000000a1000000, 0x00000000a1000000| Complete 
| 529|0x00000000a1100000, 0x00000000a1200000, 0x00000000a1200000|100%| E|CS|TAMS 0x00000000a1100000, 0x00000000a1100000| Complete 
| 530|0x00000000a1200000, 0x00000000a1300000, 0x00000000a1300000|100%| E|CS|TAMS 0x00000000a1200000, 0x00000000a1200000| Complete 
| 531|0x00000000a1300000, 0x00000000a1400000, 0x00000000a1400000|100%| E|CS|TAMS 0x00000000a1300000, 0x00000000a1300000| Complete 
| 532|0x00000000a1400000, 0x00000000a1500000, 0x00000000a1500000|100%| E|CS|TAMS 0x00000000a1400000, 0x00000000a1400000| Complete 
| 533|0x00000000a1500000, 0x00000000a1600000, 0x00000000a1600000|100%| E|CS|TAMS 0x00000000a1500000, 0x00000000a1500000| Complete 
| 534|0x00000000a1600000, 0x00000000a1700000, 0x00000000a1700000|100%| E|CS|TAMS 0x00000000a1600000, 0x00000000a1600000| Complete 
| 535|0x00000000a1700000, 0x00000000a1800000, 0x00000000a1800000|100%| E|CS|TAMS 0x00000000a1700000, 0x00000000a1700000| Complete 
| 536|0x00000000a1800000, 0x00000000a1900000, 0x00000000a1900000|100%| E|CS|TAMS 0x00000000a1800000, 0x00000000a1800000| Complete 
| 537|0x00000000a1900000, 0x00000000a1a00000, 0x00000000a1a00000|100%| E|CS|TAMS 0x00000000a1900000, 0x00000000a1900000| Complete 
| 538|0x00000000a1a00000, 0x00000000a1b00000, 0x00000000a1b00000|100%| E|CS|TAMS 0x00000000a1a00000, 0x00000000a1a00000| Complete 
| 539|0x00000000a1b00000, 0x00000000a1c00000, 0x00000000a1c00000|100%| E|CS|TAMS 0x00000000a1b00000, 0x00000000a1b00000| Complete 
| 540|0x00000000a1c00000, 0x00000000a1d00000, 0x00000000a1d00000|100%| E|CS|TAMS 0x00000000a1c00000, 0x00000000a1c00000| Complete 
| 541|0x00000000a1d00000, 0x00000000a1e00000, 0x00000000a1e00000|100%| E|CS|TAMS 0x00000000a1d00000, 0x00000000a1d00000| Complete 
| 542|0x00000000a1e00000, 0x00000000a1f00000, 0x00000000a1f00000|100%| E|CS|TAMS 0x00000000a1e00000, 0x00000000a1e00000| Complete 
| 543|0x00000000a1f00000, 0x00000000a2000000, 0x00000000a2000000|100%| E|CS|TAMS 0x00000000a1f00000, 0x00000000a1f00000| Complete 
| 544|0x00000000a2000000, 0x00000000a2100000, 0x00000000a2100000|100%| E|CS|TAMS 0x00000000a2000000, 0x00000000a2000000| Complete 

Card table byte_map: [0x000001f5d5ec0000,0x000001f5d62c0000] _byte_map_base: 0x000001f5d5ac0000

Marking Bits (Prev, Next): (CMBitMap*) 0x000001f5becfee80, (CMBitMap*) 0x000001f5becfee40
 Prev Bits: [0x000001f5d86c0000, 0x000001f5da6c0000)
 Next Bits: [0x000001f5d66c0000, 0x000001f5d86c0000)

Polling page: 0x000001f5bcc60000

Metaspace:

Usage:
  Non-class:     91.90 MB used.
      Class:     14.88 MB used.
       Both:    106.78 MB used.

Virtual space:
  Non-class space:      128.00 MB reserved,      92.88 MB ( 73%) committed,  2 nodes.
      Class space:      416.00 MB reserved,      15.62 MB (  4%) committed,  1 nodes.
             Both:      544.00 MB reserved,     108.50 MB ( 20%) committed. 

Chunk freelists:
   Non-Class:  2.91 MB
       Class:  317.00 KB
        Both:  3.22 MB

MaxMetaspaceSize: 512.00 MB
CompressedClassSpaceSize: 416.00 MB
Initial GC threshold: 21.00 MB
Current GC threshold: 165.44 MB
CDS: on
MetaspaceReclaimPolicy: balanced
 - commit_granule_bytes: 65536.
 - commit_granule_words: 8192.
 - virtual_space_node_default_size: 8388608.
 - enlarge_chunks_in_place: 1.
 - new_chunks_are_fully_committed: 0.
 - uncommit_free_chunks: 1.
 - use_allocation_guard: 0.
 - handle_deallocations: 1.


Internal statistics:

num_allocs_failed_limit: 6.
num_arena_births: 2156.
num_arena_deaths: 0.
num_vsnodes_births: 3.
num_vsnodes_deaths: 0.
num_space_committed: 1735.
num_space_uncommitted: 0.
num_chunks_returned_to_freelist: 6.
num_chunks_taken_from_freelist: 7334.
num_chunk_merges: 6.
num_chunk_splits: 4556.
num_chunks_enlarged: 2604.
num_inconsistent_stats: 0.

CodeHeap 'non-profiled nmethods': size=120000Kb used=10628Kb max_used=10747Kb free=109371Kb
 bounds [0x000001f5ce260000, 0x000001f5cecf0000, 0x000001f5d5790000]
CodeHeap 'profiled nmethods': size=120000Kb used=28807Kb max_used=30102Kb free=91193Kb
 bounds [0x000001f5c6790000, 0x000001f5c8500000, 0x000001f5cdcc0000]
CodeHeap 'non-nmethods': size=5760Kb used=2436Kb max_used=2532Kb free=3323Kb
 bounds [0x000001f5cdcc0000, 0x000001f5cdf50000, 0x000001f5ce260000]
 total_blobs=15628 nmethods=14670 adapters=869
 compilation: enabled
              stopped_count=0, restarted_count=0
 full_count=0

Compilation events (20 events):
Event: 25.656 Thread 0x000001f5830ef020 nmethod 17279 0x000001f5ce678710 code [0x000001f5ce6788a0, 0x000001f5ce6789b8]
Event: 25.656 Thread 0x000001f5830ef020 17281   !   4       org.gradle.cache.internal.DefaultMultiProcessSafeIndexedCache::getIfPresent (25 bytes)
Event: 25.658 Thread 0x000001f581a02350 nmethod 17280 0x000001f5cea84c10 code [0x000001f5cea84dc0, 0x000001f5cea84fb8]
Event: 25.658 Thread 0x000001f581a02350 17282       4       org.gradle.cache.internal.DefaultCacheCoordinator$UnitOfWorkFileAccess::readFile (14 bytes)
Event: 25.667 Thread 0x000001f5dd1407e0 nmethod 17270 0x000001f5ce507710 code [0x000001f5ce5079c0, 0x000001f5ce509960]
Event: 25.667 Thread 0x000001f5dd1407e0 17283       4       org.gradle.cache.internal.DefaultMultiProcessSafeIndexedCache$$Lambda$552/0x000001f5df48f568::create (12 bytes)
Event: 25.682 Thread 0x000001f5dd1407e0 nmethod 17283 0x000001f5ce3f3490 code [0x000001f5ce3f36c0, 0x000001f5ce3f4560]
Event: 25.682 Thread 0x000001f5dd1407e0 17284   !   4       org.gradle.cache.internal.btree.BTreePersistentIndexedCache::get (57 bytes)
Event: 25.683 Thread 0x000001f581a02350 nmethod 17282 0x000001f5cea6ed90 code [0x000001f5cea6f020, 0x000001f5cea704c0]
Event: 25.684 Thread 0x000001f581a02350 17285       4       org.gradle.cache.internal.btree.BTreePersistentIndexedCache$IndexBlock::get (38 bytes)
Event: 25.687 Thread 0x000001f581a02350 nmethod 17285 0x000001f5ce355c90 code [0x000001f5ce355e60, 0x000001f5ce3560e8]
Event: 25.687 Thread 0x000001f581a02350 17232       4       java.util.concurrent.ConcurrentHashMap::containsKey (14 bytes)
Event: 25.693 Thread 0x000001f581a02350 nmethod 17232 0x000001f5ce664d10 code [0x000001f5ce664ec0, 0x000001f5ce665228]
Event: 25.693 Thread 0x000001f581a02350 17259       4       org.gradle.internal.file.impl.DefaultFileMetadata::file (15 bytes)
Event: 25.694 Thread 0x000001f581a02350 nmethod 17259 0x000001f5ce482f10 code [0x000001f5ce4830a0, 0x000001f5ce483178]
Event: 25.694 Thread 0x000001f581a02350 17269   !   4       org.gradle.api.internal.changedetection.state.GradleUserHomeScopeFileTimeStampInspector::timestampCanBeUsedToDetectFileChange (94 bytes)
Event: 25.695 Thread 0x000001f581a02350 nmethod 17269 0x000001f5ce353f10 code [0x000001f5ce354080, 0x000001f5ce354158]
Event: 25.696 Thread 0x000001f581a02350 17275       4       org.gradle.internal.snapshot.FileSystemLocationSnapshot$$Lambda$513/0x000001f5df479880::compare (12 bytes)
Event: 25.702 Thread 0x000001f5dd1407e0 nmethod 17284 0x000001f5ce782010 code [0x000001f5ce782240, 0x000001f5ce783040]
Event: 25.706 Thread 0x000001f581a02350 nmethod 17275 0x000001f5ce3f2690 code [0x000001f5ce3f2840, 0x000001f5ce3f2e78]

GC Heap History (20 events):
Event: 20.163 GC heap before
{Heap before GC invocations=43 (full 0):
 garbage-first heap   total 238592K, used 197482K [0x0000000080000000, 0x0000000100000000)
  region size 1024K, 29 young (29696K), 5 survivors (5120K)
 Metaspace       used 98874K, committed 100160K, reserved 557056K
  class space    used 13917K, committed 14528K, reserved 425984K
}
Event: 20.167 GC heap after
{Heap after GC invocations=44 (full 0):
 garbage-first heap   total 238592K, used 175459K [0x0000000080000000, 0x0000000100000000)
  region size 1024K, 2 young (2048K), 2 survivors (2048K)
 Metaspace       used 98874K, committed 100160K, reserved 557056K
  class space    used 13917K, committed 14528K, reserved 425984K
}
Event: 20.527 GC heap before
{Heap before GC invocations=44 (full 0):
 garbage-first heap   total 238592K, used 199011K [0x0000000080000000, 0x0000000100000000)
  region size 1024K, 25 young (25600K), 2 survivors (2048K)
 Metaspace       used 99296K, committed 100672K, reserved 557056K
  class space    used 13977K, committed 14592K, reserved 425984K
}
Event: 20.532 GC heap after
{Heap after GC invocations=45 (full 0):
 garbage-first heap   total 238592K, used 181039K [0x0000000080000000, 0x0000000100000000)
  region size 1024K, 4 young (4096K), 4 survivors (4096K)
 Metaspace       used 99296K, committed 100672K, reserved 557056K
  class space    used 13977K, committed 14592K, reserved 425984K
}
Event: 20.607 GC heap before
{Heap before GC invocations=45 (full 0):
 garbage-first heap   total 238592K, used 200495K [0x0000000080000000, 0x0000000100000000)
  region size 1024K, 24 young (24576K), 4 survivors (4096K)
 Metaspace       used 99322K, committed 100672K, reserved 557056K
  class space    used 13978K, committed 14592K, reserved 425984K
}
Event: 20.612 GC heap after
{Heap after GC invocations=46 (full 0):
 garbage-first heap   total 238592K, used 184453K [0x0000000080000000, 0x0000000100000000)
  region size 1024K, 3 young (3072K), 3 survivors (3072K)
 Metaspace       used 99322K, committed 100672K, reserved 557056K
  class space    used 13978K, committed 14592K, reserved 425984K
}
Event: 20.808 GC heap before
{Heap before GC invocations=46 (full 0):
 garbage-first heap   total 238592K, used 203909K [0x0000000080000000, 0x0000000100000000)
  region size 1024K, 21 young (21504K), 3 survivors (3072K)
 Metaspace       used 99689K, committed 101184K, reserved 557056K
  class space    used 14032K, committed 14720K, reserved 425984K
}
Event: 20.813 GC heap after
{Heap after GC invocations=47 (full 0):
 garbage-first heap   total 238592K, used 192457K [0x0000000080000000, 0x0000000100000000)
  region size 1024K, 3 young (3072K), 3 survivors (3072K)
 Metaspace       used 99689K, committed 101184K, reserved 557056K
  class space    used 14032K, committed 14720K, reserved 425984K
}
Event: 20.934 GC heap before
{Heap before GC invocations=47 (full 0):
 garbage-first heap   total 238592K, used 204745K [0x0000000080000000, 0x0000000100000000)
  region size 1024K, 15 young (15360K), 3 survivors (3072K)
 Metaspace       used 99897K, committed 101376K, reserved 557056K
  class space    used 14057K, committed 14720K, reserved 425984K
}
Event: 20.938 GC heap after
{Heap after GC invocations=48 (full 0):
 garbage-first heap   total 238592K, used 196315K [0x0000000080000000, 0x0000000100000000)
  region size 1024K, 2 young (2048K), 2 survivors (2048K)
 Metaspace       used 99897K, committed 101376K, reserved 557056K
  class space    used 14057K, committed 14720K, reserved 425984K
}
Event: 21.072 GC heap before
{Heap before GC invocations=48 (full 0):
 garbage-first heap   total 238592K, used 206555K [0x0000000080000000, 0x0000000100000000)
  region size 1024K, 12 young (12288K), 2 survivors (2048K)
 Metaspace       used 100025K, committed 101504K, reserved 557056K
  class space    used 14066K, committed 14720K, reserved 425984K
}
Event: 21.076 GC heap after
{Heap after GC invocations=49 (full 0):
 garbage-first heap   total 238592K, used 198319K [0x0000000080000000, 0x0000000100000000)
  region size 1024K, 2 young (2048K), 2 survivors (2048K)
 Metaspace       used 100025K, committed 101504K, reserved 557056K
  class space    used 14066K, committed 14720K, reserved 425984K
}
Event: 21.197 GC heap before
{Heap before GC invocations=49 (full 0):
 garbage-first heap   total 337920K, used 207535K [0x0000000080000000, 0x0000000100000000)
  region size 1024K, 11 young (11264K), 2 survivors (2048K)
 Metaspace       used 100421K, committed 101888K, reserved 557056K
  class space    used 14130K, committed 14784K, reserved 425984K
}
Event: 21.201 GC heap after
{Heap after GC invocations=50 (full 0):
 garbage-first heap   total 558080K, used 199292K [0x0000000080000000, 0x0000000100000000)
  region size 1024K, 1 young (1024K), 1 survivors (1024K)
 Metaspace       used 100421K, committed 101888K, reserved 557056K
  class space    used 14130K, committed 14784K, reserved 425984K
}
Event: 23.546 GC heap before
{Heap before GC invocations=51 (full 0):
 garbage-first heap   total 558080K, used 401020K [0x0000000080000000, 0x0000000100000000)
  region size 1024K, 198 young (202752K), 1 survivors (1024K)
 Metaspace       used 107057K, committed 108608K, reserved 557056K
  class space    used 15002K, committed 15680K, reserved 425984K
}
Event: 23.565 GC heap after
{Heap after GC invocations=52 (full 0):
 garbage-first heap   total 558080K, used 221036K [0x0000000080000000, 0x0000000100000000)
  region size 1024K, 23 young (23552K), 23 survivors (23552K)
 Metaspace       used 107057K, committed 108608K, reserved 557056K
  class space    used 15002K, committed 15680K, reserved 425984K
}
Event: 23.602 GC heap before
{Heap before GC invocations=52 (full 0):
 garbage-first heap   total 558080K, used 225132K [0x0000000080000000, 0x0000000100000000)
  region size 1024K, 27 young (27648K), 23 survivors (23552K)
 Metaspace       used 107085K, committed 108672K, reserved 557056K
  class space    used 15007K, committed 15680K, reserved 425984K
}
Event: 23.621 GC heap after
{Heap after GC invocations=53 (full 0):
 garbage-first heap   total 558080K, used 218112K [0x0000000080000000, 0x0000000100000000)
  region size 1024K, 3 young (3072K), 3 survivors (3072K)
 Metaspace       used 107085K, committed 108672K, reserved 557056K
  class space    used 15007K, committed 15680K, reserved 425984K
}
Event: 24.988 GC heap before
{Heap before GC invocations=53 (full 0):
 garbage-first heap   total 558080K, used 410624K [0x0000000080000000, 0x0000000100000000)
  region size 1024K, 187 young (191488K), 3 survivors (3072K)
 Metaspace       used 109336K, committed 111104K, reserved 557056K
  class space    used 15233K, committed 16000K, reserved 425984K
}
Event: 25.001 GC heap after
{Heap after GC invocations=54 (full 0):
 garbage-first heap   total 558080K, used 229219K [0x0000000080000000, 0x0000000100000000)
  region size 1024K, 14 young (14336K), 14 survivors (14336K)
 Metaspace       used 109336K, committed 111104K, reserved 557056K
  class space    used 15233K, committed 16000K, reserved 425984K
}

Dll operation events (14 events):
Event: 0.011 Loaded shared library C:\Program Files\Microsoft\jdk-17.0.8.7-hotspot\bin\java.dll
Event: 0.025 Loaded shared library C:\Program Files\Microsoft\jdk-17.0.8.7-hotspot\bin\jsvml.dll
Event: 0.064 Loaded shared library C:\Program Files\Microsoft\jdk-17.0.8.7-hotspot\bin\zip.dll
Event: 0.066 Loaded shared library C:\Program Files\Microsoft\jdk-17.0.8.7-hotspot\bin\instrument.dll
Event: 0.069 Loaded shared library C:\Program Files\Microsoft\jdk-17.0.8.7-hotspot\bin\net.dll
Event: 0.070 Loaded shared library C:\Program Files\Microsoft\jdk-17.0.8.7-hotspot\bin\nio.dll
Event: 0.072 Loaded shared library C:\Program Files\Microsoft\jdk-17.0.8.7-hotspot\bin\zip.dll
Event: 0.201 Loaded shared library C:\Program Files\Microsoft\jdk-17.0.8.7-hotspot\bin\jimage.dll
Event: 0.245 Loaded shared library C:\Program Files\Microsoft\jdk-17.0.8.7-hotspot\bin\verify.dll
Event: 0.361 Loaded shared library C:\Users\Danis\.gradle\native\c067742578af261105cb4f569cf0c3c89f3d7b1fecec35dd04571415982c5e48\windows-amd64\native-platform.dll
Event: 0.370 Loaded shared library C:\Users\Danis\.gradle\native\38dada09dfb8b06ba9b0570ebf7e218e3eb74d4ef43ca46872605cf95ebc2f47\windows-amd64\native-platform-file-events.dll
Event: 1.135 Loaded shared library C:\Program Files\Microsoft\jdk-17.0.8.7-hotspot\bin\management.dll
Event: 1.137 Loaded shared library C:\Program Files\Microsoft\jdk-17.0.8.7-hotspot\bin\management_ext.dll
Event: 1.493 Loaded shared library C:\Program Files\Microsoft\jdk-17.0.8.7-hotspot\bin\sunmscapi.dll

Deoptimization events (20 events):
Event: 24.874 Thread 0x000001f58172fdb0 DEOPT PACKING pc=0x000001f5cec6e2c0 sp=0x000000e1ebafe6e0
Event: 24.874 Thread 0x000001f58172fdb0 DEOPT UNPACKING pc=0x000001f5cdd1a1a3 sp=0x000000e1ebafe668 mode 2
Event: 24.878 Thread 0x000001f58172fdb0 Uncommon trap: trap_request=0xffffffc6 fr.pc=0x000001f5cec6e2c0 relative=0x00000000000000a0
Event: 24.878 Thread 0x000001f58172fdb0 Uncommon trap: reason=bimorphic_or_optimized_type_check action=maybe_recompile pc=0x000001f5cec6e2c0 method=org.gradle.execution.plan.ActionNode.hasPendingPreExecutionNodes()Z @ 11 c2
Event: 24.878 Thread 0x000001f58172fdb0 DEOPT PACKING pc=0x000001f5cec6e2c0 sp=0x000000e1ebafe6e0
Event: 24.879 Thread 0x000001f58172fdb0 DEOPT UNPACKING pc=0x000001f5cdd1a1a3 sp=0x000000e1ebafe668 mode 2
Event: 24.879 Thread 0x000001f58172c0f0 DEOPT PACKING pc=0x000001f5c8412af2 sp=0x000000e1eb9fe970
Event: 24.879 Thread 0x000001f58172c0f0 DEOPT UNPACKING pc=0x000001f5cdd1ace3 sp=0x000000e1eb9fdec0 mode 0
Event: 24.929 Thread 0x000001f58172df50 DEOPT PACKING pc=0x000001f5c8412af2 sp=0x000000e1eb6fed50
Event: 24.929 Thread 0x000001f58172df50 DEOPT UNPACKING pc=0x000001f5cdd1ace3 sp=0x000000e1eb6fe2a0 mode 0
Event: 24.965 Thread 0x000001f581728940 DEOPT PACKING pc=0x000001f5c82d9f51 sp=0x000000e1eb7fc6f0
Event: 24.965 Thread 0x000001f581728940 DEOPT UNPACKING pc=0x000001f5cdd1ace3 sp=0x000000e1eb7fbc18 mode 0
Event: 25.370 Thread 0x000001f5831e9790 Uncommon trap: trap_request=0xffffff76 fr.pc=0x000001f5cecbf878 relative=0x0000000000001718
Event: 25.370 Thread 0x000001f5895859d0 Uncommon trap: trap_request=0xffffff76 fr.pc=0x000001f5cecbf878 relative=0x0000000000001718
Event: 25.371 Thread 0x000001f5831e9790 Uncommon trap: reason=predicate action=maybe_recompile pc=0x000001f5cecbf878 method=java.util.TimSort.reverseRange([Ljava/lang/Object;II)V @ 5 c2
Event: 25.371 Thread 0x000001f5895859d0 Uncommon trap: reason=predicate action=maybe_recompile pc=0x000001f5cecbf878 method=java.util.TimSort.reverseRange([Ljava/lang/Object;II)V @ 5 c2
Event: 25.371 Thread 0x000001f5831e9790 DEOPT PACKING pc=0x000001f5cecbf878 sp=0x000000e1ee6fda10
Event: 25.371 Thread 0x000001f5895859d0 DEOPT PACKING pc=0x000001f5cecbf878 sp=0x000000e1eecfd520
Event: 25.371 Thread 0x000001f5831e9790 DEOPT UNPACKING pc=0x000001f5cdd1a1a3 sp=0x000000e1ee6fd8d0 mode 2
Event: 25.371 Thread 0x000001f5895859d0 DEOPT UNPACKING pc=0x000001f5cdd1a1a3 sp=0x000000e1eecfd3e0 mode 2

Classes unloaded (0 events):
No events

Classes redefined (0 events):
No events

Internal exceptions (20 events):
Event: 23.566 Thread 0x000001f5dd121370 Implicit null exception at 0x000001f5cea82afd to 0x000001f5cea83224
Event: 24.166 Thread 0x000001f589583150 Exception <a 'java/lang/NoSuchMethodError'{0x000000009d4e2528}: 'java.lang.Object java.lang.invoke.DirectMethodHandle$Holder.invokeSpecialIFC(java.lang.Object, java.lang.Object, java.lang.Object)'> (0x000000009d4e2528) 
thrown [s\src\hotspot\share\interpreter\linkResolver.cpp, line 759]
Event: 24.166 Thread 0x000001f589584fb0 Exception <a 'java/lang/NoSuchMethodError'{0x000000009d6700e8}: 'java.lang.Object java.lang.invoke.DirectMethodHandle$Holder.invokeSpecialIFC(java.lang.Object, java.lang.Object, java.lang.Object)'> (0x000000009d6700e8) 
thrown [s\src\hotspot\share\interpreter\linkResolver.cpp, line 759]
Event: 24.166 Thread 0x000001f581729d80 Exception <a 'java/lang/NoSuchMethodError'{0x000000009d524060}: 'java.lang.Object java.lang.invoke.DirectMethodHandle$Holder.invokeSpecialIFC(java.lang.Object, java.lang.Object, java.lang.Object)'> (0x000000009d524060) 
thrown [s\src\hotspot\share\interpreter\linkResolver.cpp, line 759]
Event: 24.166 Thread 0x000001f5fe919f70 Exception <a 'java/lang/NoSuchMethodError'{0x000000009d6d8ad8}: 'java.lang.Object java.lang.invoke.DirectMethodHandle$Holder.invokeSpecialIFC(java.lang.Object, java.lang.Object, java.lang.Object)'> (0x000000009d6d8ad8) 
thrown [s\src\hotspot\share\interpreter\linkResolver.cpp, line 759]
Event: 24.167 Thread 0x000001f589583b70 Exception <a 'java/lang/NoSuchMethodError'{0x000000009d60a020}: 'java.lang.Object java.lang.invoke.DirectMethodHandle$Holder.invokeSpecialIFC(java.lang.Object, java.lang.Object, java.lang.Object)'> (0x000000009d60a020) 
thrown [s\src\hotspot\share\interpreter\linkResolver.cpp, line 759]
Event: 24.167 Thread 0x000001f58c797bd0 Exception <a 'java/lang/NoSuchMethodError'{0x000000009d406cc0}: 'java.lang.Object java.lang.invoke.DirectMethodHandle$Holder.invokeSpecialIFC(java.lang.Object, java.lang.Object, java.lang.Object)'> (0x000000009d406cc0) 
thrown [s\src\hotspot\share\interpreter\linkResolver.cpp, line 759]
Event: 24.742 Thread 0x000001f58172fdb0 Exception <a 'java/lang/ClassNotFoundException'{0x00000000975f5928}: groovy/util/FileTreeBuilderBeanInfo> (0x00000000975f5928) 
thrown [s\src\hotspot\share\classfile\systemDictionary.cpp, line 256]
Event: 24.743 Thread 0x000001f58172fdb0 Exception <a 'java/lang/ClassNotFoundException'{0x0000000097463d70}: groovy/util/FileTreeBuilderCustomizer> (0x0000000097463d70) 
thrown [s\src\hotspot\share\classfile\systemDictionary.cpp, line 256]
Event: 24.748 Thread 0x000001f58172fdb0 Exception <a 'java/lang/ClassNotFoundException'{0x00000000974a1e88}: java/io/BufferedWriterBeanInfo> (0x00000000974a1e88) 
thrown [s\src\hotspot\share\classfile\systemDictionary.cpp, line 256]
Event: 24.748 Thread 0x000001f58172fdb0 Exception <a 'java/lang/ClassNotFoundException'{0x00000000974a7e90}: java/io/WriterBeanInfo> (0x00000000974a7e90) 
thrown [s\src\hotspot\share\classfile\systemDictionary.cpp, line 256]
Event: 24.748 Thread 0x000001f58172fdb0 Exception <a 'java/lang/ClassNotFoundException'{0x00000000974adec8}: java/io/WriterCustomizer> (0x00000000974adec8) 
thrown [s\src\hotspot\share\classfile\systemDictionary.cpp, line 256]
Event: 24.748 Thread 0x000001f58172fdb0 Exception <a 'java/lang/ClassNotFoundException'{0x00000000974bdfb0}: java/io/BufferedWriterCustomizer> (0x00000000974bdfb0) 
thrown [s\src\hotspot\share\classfile\systemDictionary.cpp, line 256]
Event: 24.778 Thread 0x000001f58172fdb0 Exception <a 'java/lang/NoSuchMethodError'{0x0000000097324c60}: static Lcom/android/build/api/variant/BuildConfigField;.<clinit>()V> (0x0000000097324c60) 
thrown [s\src\hotspot\share\prims\jni.cpp, line 1107]
Event: 24.815 Thread 0x000001f58172fdb0 Exception <a 'sun/nio/fs/WindowsException'{0x000000009700d880}> (0x000000009700d880) 
thrown [s\src\hotspot\share\prims\jni.cpp, line 516]
Event: 24.815 Thread 0x000001f58172fdb0 Exception <a 'sun/nio/fs/WindowsException'{0x000000009700dc70}> (0x000000009700dc70) 
thrown [s\src\hotspot\share\prims\jni.cpp, line 516]
Event: 24.815 Thread 0x000001f58172fdb0 Exception <a 'sun/nio/fs/WindowsException'{0x000000009700fec0}> (0x000000009700fec0) 
thrown [s\src\hotspot\share\prims\jni.cpp, line 516]
Event: 24.815 Thread 0x000001f58172fdb0 Exception <a 'sun/nio/fs/WindowsException'{0x0000000097010250}> (0x0000000097010250) 
thrown [s\src\hotspot\share\prims\jni.cpp, line 516]
Event: 24.816 Thread 0x000001f58172fdb0 Exception <a 'sun/nio/fs/WindowsException'{0x0000000097012368}> (0x0000000097012368) 
thrown [s\src\hotspot\share\prims\jni.cpp, line 516]
Event: 24.816 Thread 0x000001f58172fdb0 Exception <a 'sun/nio/fs/WindowsException'{0x00000000970126a8}> (0x00000000970126a8) 
thrown [s\src\hotspot\share\prims\jni.cpp, line 516]

VM Operations (20 events):
Event: 24.071 Executing VM operation: ICBufferFull
Event: 24.071 Executing VM operation: ICBufferFull done
Event: 24.120 Executing VM operation: HandshakeAllThreads
Event: 24.120 Executing VM operation: HandshakeAllThreads done
Event: 24.291 Executing VM operation: HandshakeAllThreads
Event: 24.292 Executing VM operation: HandshakeAllThreads done
Event: 24.456 Executing VM operation: ICBufferFull
Event: 24.456 Executing VM operation: ICBufferFull done
Event: 24.846 Executing VM operation: HandshakeAllThreads
Event: 24.846 Executing VM operation: HandshakeAllThreads done
Event: 24.848 Executing VM operation: HandshakeAllThreads
Event: 24.848 Executing VM operation: HandshakeAllThreads done
Event: 24.848 Executing VM operation: ICBufferFull
Event: 24.849 Executing VM operation: ICBufferFull done
Event: 24.988 Executing VM operation: G1CollectForAllocation
Event: 25.001 Executing VM operation: G1CollectForAllocation done
Event: 25.452 Executing VM operation: HandshakeAllThreads
Event: 25.452 Executing VM operation: HandshakeAllThreads done
Event: 25.567 Executing VM operation: HandshakeAllThreads
Event: 25.568 Executing VM operation: HandshakeAllThreads done

Events (20 events):
Event: 25.587 Thread 0x000001f5dd146670 flushing nmethod 0x000001f5c7bfaa90
Event: 25.587 Thread 0x000001f5dd146670 flushing nmethod 0x000001f5c7bff490
Event: 25.588 Thread 0x000001f5dd146670 flushing nmethod 0x000001f5c7c2de90
Event: 25.588 Thread 0x000001f5dd146670 flushing nmethod 0x000001f5c7d0e810
Event: 25.588 Thread 0x000001f5dd146670 flushing nmethod 0x000001f5c7d30310
Event: 25.588 Thread 0x000001f5dd146670 flushing nmethod 0x000001f5c7d47b10
Event: 25.588 Thread 0x000001f5dd146670 flushing nmethod 0x000001f5c7d49090
Event: 25.589 Thread 0x000001f5dd146670 flushing nmethod 0x000001f5c7de5690
Event: 25.589 Thread 0x000001f5dd146670 flushing nmethod 0x000001f5c7df1490
Event: 25.589 Thread 0x000001f5dd146670 flushing nmethod 0x000001f5c7e06290
Event: 25.589 Thread 0x000001f5dd146670 flushing nmethod 0x000001f5c7e1c790
Event: 25.589 Thread 0x000001f5dd146670 flushing nmethod 0x000001f5c7e34490
Event: 25.590 Thread 0x000001f5dd146670 flushing nmethod 0x000001f5c7f2a510
Event: 25.590 Thread 0x000001f5dd146670 flushing nmethod 0x000001f5c7f45d90
Event: 25.590 Thread 0x000001f5dd146670 flushing nmethod 0x000001f5c7f55c90
Event: 25.590 Thread 0x000001f5dd146670 flushing nmethod 0x000001f5c7f77610
Event: 25.591 Thread 0x000001f5dd146670 flushing nmethod 0x000001f5c7f81590
Event: 25.591 Thread 0x000001f5dd146670 flushing nmethod 0x000001f5c7fa8b10
Event: 25.591 Thread 0x000001f5dd146670 flushing nmethod 0x000001f5c7fb4c10
Event: 25.591 Thread 0x000001f5dd146670 flushing nmethod 0x000001f5c7fc2f90


Dynamic libraries:
0x00007ff6586f0000 - 0x00007ff6586fe000 	C:\Program Files\Microsoft\jdk-17.0.8.7-hotspot\bin\java.exe
0x00007ffd32c10000 - 0x00007ffd32e27000 	C:\WINDOWS\SYSTEM32\ntdll.dll
0x00007ffd31530000 - 0x00007ffd315f4000 	C:\WINDOWS\System32\KERNEL32.DLL
0x00007ffd30240000 - 0x00007ffd305ed000 	C:\WINDOWS\System32\KERNELBASE.dll
0x00007ffd30000000 - 0x00007ffd30111000 	C:\WINDOWS\System32\ucrtbase.dll
0x00007ffceb630000 - 0x00007ffceb647000 	C:\Program Files\Microsoft\jdk-17.0.8.7-hotspot\bin\jli.dll
0x00007ffce6e80000 - 0x00007ffce6e9b000 	C:\Program Files\Microsoft\jdk-17.0.8.7-hotspot\bin\VCRUNTIME140.dll
0x00007ffd31840000 - 0x00007ffd319ee000 	C:\WINDOWS\System32\USER32.dll
0x00007ffd11050000 - 0x00007ffd112e3000 	C:\WINDOWS\WinSxS\amd64_microsoft.windows.common-controls_6595b64144ccf1df_6.0.22621.3646_none_27105dd3738543d4\COMCTL32.dll
0x00007ffd30830000 - 0x00007ffd30856000 	C:\WINDOWS\System32\win32u.dll
0x00007ffd31500000 - 0x00007ffd31529000 	C:\WINDOWS\System32\GDI32.dll
0x00007ffd322c0000 - 0x00007ffd32367000 	C:\WINDOWS\System32\msvcrt.dll
0x00007ffd30120000 - 0x00007ffd30239000 	C:\WINDOWS\System32\gdi32full.dll
0x00007ffd305f0000 - 0x00007ffd3068a000 	C:\WINDOWS\System32\msvcp_win.dll
0x00007ffd30950000 - 0x00007ffd30981000 	C:\WINDOWS\System32\IMM32.DLL
0x00007ffd2c410000 - 0x00007ffd2c41c000 	C:\Program Files\Microsoft\jdk-17.0.8.7-hotspot\bin\vcruntime140_1.dll
0x00007ffcacac0000 - 0x00007ffcacb4d000 	C:\Program Files\Microsoft\jdk-17.0.8.7-hotspot\bin\msvcp140.dll
0x00007ffc90850000 - 0x00007ffc914b5000 	C:\Program Files\Microsoft\jdk-17.0.8.7-hotspot\bin\server\jvm.dll
0x00007ffd30a90000 - 0x00007ffd30b42000 	C:\WINDOWS\System32\ADVAPI32.dll
0x00007ffd30be0000 - 0x00007ffd30c88000 	C:\WINDOWS\System32\sechost.dll
0x00007ffd30690000 - 0x00007ffd306b8000 	C:\WINDOWS\System32\bcrypt.dll
0x00007ffd30cc0000 - 0x00007ffd30dd5000 	C:\WINDOWS\System32\RPCRT4.dll
0x00007ffd2fc50000 - 0x00007ffd2fc9d000 	C:\WINDOWS\SYSTEM32\POWRPROF.dll
0x00007ffd25ce0000 - 0x00007ffd25ce9000 	C:\WINDOWS\SYSTEM32\WSOCK32.dll
0x00007ffd26b90000 - 0x00007ffd26bc4000 	C:\WINDOWS\SYSTEM32\WINMM.dll
0x00007ffd32240000 - 0x00007ffd322b1000 	C:\WINDOWS\System32\WS2_32.dll
0x00007ffd24ac0000 - 0x00007ffd24aca000 	C:\WINDOWS\SYSTEM32\VERSION.dll
0x00007ffd2fc30000 - 0x00007ffd2fc43000 	C:\WINDOWS\SYSTEM32\UMPDC.dll
0x00007ffd2eed0000 - 0x00007ffd2eee8000 	C:\WINDOWS\SYSTEM32\kernel.appcore.dll
0x00007ffd1e810000 - 0x00007ffd1e81a000 	C:\Program Files\Microsoft\jdk-17.0.8.7-hotspot\bin\jimage.dll
0x00007ffd2d4d0000 - 0x00007ffd2d702000 	C:\WINDOWS\SYSTEM32\DBGHELP.DLL
0x00007ffd31d30000 - 0x00007ffd320b8000 	C:\WINDOWS\System32\combase.dll
0x00007ffd31420000 - 0x00007ffd314f7000 	C:\WINDOWS\System32\OLEAUT32.dll
0x00007ffd09440000 - 0x00007ffd09472000 	C:\WINDOWS\SYSTEM32\dbgcore.DLL
0x00007ffd308d0000 - 0x00007ffd3094b000 	C:\WINDOWS\System32\bcryptPrimitives.dll
0x00007ffd2c440000 - 0x00007ffd2c44e000 	C:\Program Files\Microsoft\jdk-17.0.8.7-hotspot\bin\instrument.dll
0x00007ffcbbf30000 - 0x00007ffcbbf55000 	C:\Program Files\Microsoft\jdk-17.0.8.7-hotspot\bin\java.dll
0x00007ffcac860000 - 0x00007ffcac937000 	C:\Program Files\Microsoft\jdk-17.0.8.7-hotspot\bin\jsvml.dll
0x00007ffd32370000 - 0x00007ffd32bcd000 	C:\WINDOWS\System32\SHELL32.dll
0x00007ffd2de40000 - 0x00007ffd2e739000 	C:\WINDOWS\SYSTEM32\windows.storage.dll
0x00007ffd2dd00000 - 0x00007ffd2de3f000 	C:\WINDOWS\SYSTEM32\wintypes.dll
0x00007ffd31a50000 - 0x00007ffd31b44000 	C:\WINDOWS\System32\SHCORE.dll
0x00007ffd320d0000 - 0x00007ffd3212e000 	C:\WINDOWS\System32\shlwapi.dll
0x00007ffd2fe70000 - 0x00007ffd2fe91000 	C:\WINDOWS\SYSTEM32\profapi.dll
0x00007ffcbb570000 - 0x00007ffcbb588000 	C:\Program Files\Microsoft\jdk-17.0.8.7-hotspot\bin\zip.dll
0x00007ffcd1770000 - 0x00007ffcd1789000 	C:\Program Files\Microsoft\jdk-17.0.8.7-hotspot\bin\net.dll
0x00007ffd28f10000 - 0x00007ffd29046000 	C:\WINDOWS\SYSTEM32\WINHTTP.dll
0x00007ffd2f3a0000 - 0x00007ffd2f409000 	C:\WINDOWS\system32\mswsock.dll
0x00007ffcbf8b0000 - 0x00007ffcbf8c6000 	C:\Program Files\Microsoft\jdk-17.0.8.7-hotspot\bin\nio.dll
0x00007ffd05af0000 - 0x00007ffd05b00000 	C:\Program Files\Microsoft\jdk-17.0.8.7-hotspot\bin\verify.dll
0x00007ffd15040000 - 0x00007ffd15067000 	C:\Users\Danis\.gradle\native\c067742578af261105cb4f569cf0c3c89f3d7b1fecec35dd04571415982c5e48\windows-amd64\native-platform.dll
0x00007ffcacbb0000 - 0x00007ffcaccf4000 	C:\Users\Danis\.gradle\native\38dada09dfb8b06ba9b0570ebf7e218e3eb74d4ef43ca46872605cf95ebc2f47\windows-amd64\native-platform-file-events.dll
0x00007ffd195c0000 - 0x00007ffd195c9000 	C:\Program Files\Microsoft\jdk-17.0.8.7-hotspot\bin\management.dll
0x00007ffd11460000 - 0x00007ffd1146b000 	C:\Program Files\Microsoft\jdk-17.0.8.7-hotspot\bin\management_ext.dll
0x00007ffd31cd0000 - 0x00007ffd31cd8000 	C:\WINDOWS\System32\PSAPI.DLL
0x00007ffd2f5a0000 - 0x00007ffd2f5bb000 	C:\WINDOWS\SYSTEM32\CRYPTSP.dll
0x00007ffd2ee90000 - 0x00007ffd2eec5000 	C:\WINDOWS\system32\rsaenh.dll
0x00007ffd2f440000 - 0x00007ffd2f468000 	C:\WINDOWS\SYSTEM32\USERENV.dll
0x00007ffd2f5c0000 - 0x00007ffd2f5cc000 	C:\WINDOWS\SYSTEM32\CRYPTBASE.dll
0x00007ffd2e9a0000 - 0x00007ffd2e9cd000 	C:\WINDOWS\SYSTEM32\IPHLPAPI.DLL
0x00007ffd30c90000 - 0x00007ffd30c99000 	C:\WINDOWS\System32\NSI.dll
0x00007ffd29320000 - 0x00007ffd29339000 	C:\WINDOWS\SYSTEM32\dhcpcsvc6.DLL
0x00007ffd29300000 - 0x00007ffd2931f000 	C:\WINDOWS\SYSTEM32\dhcpcsvc.DLL
0x00007ffd2ea10000 - 0x00007ffd2eb08000 	C:\WINDOWS\SYSTEM32\DNSAPI.dll
0x00007ffd09f80000 - 0x00007ffd09f8e000 	C:\Program Files\Microsoft\jdk-17.0.8.7-hotspot\bin\sunmscapi.dll
0x00007ffd306c0000 - 0x00007ffd30827000 	C:\WINDOWS\System32\CRYPT32.dll
0x00007ffd2f800000 - 0x00007ffd2f82e000 	C:\WINDOWS\SYSTEM32\ncrypt.dll
0x00007ffd2f7c0000 - 0x00007ffd2f7f7000 	C:\WINDOWS\SYSTEM32\NTASN1.dll
0x00007ffcab560000 - 0x00007ffcab568000 	C:\WINDOWS\system32\wshunix.dll
0x00007ffd062b0000 - 0x00007ffd062c7000 	C:\WINDOWS\system32\napinsp.dll
0x00007ffd06290000 - 0x00007ffd062ab000 	C:\WINDOWS\system32\pnrpnsp.dll
0x00007ffd05ec0000 - 0x00007ffd05ed1000 	C:\WINDOWS\System32\winrnr.dll
0x00007ffd05ea0000 - 0x00007ffd05eb5000 	C:\WINDOWS\system32\wshbth.dll
0x00007ffd05e70000 - 0x00007ffd05e97000 	C:\WINDOWS\system32\nlansp_c.dll
0x00007ffd27210000 - 0x00007ffd2721a000 	C:\Windows\System32\rasadhlp.dll
0x00007ffd250b0000 - 0x00007ffd25133000 	C:\WINDOWS\System32\fwpuclnt.dll

dbghelp: loaded successfully - version: 4.0.5 - missing functions: none
symbol engine: initialized successfully - sym options: 0x614 - pdb path: .;C:\Program Files\Microsoft\jdk-17.0.8.7-hotspot\bin;C:\WINDOWS\SYSTEM32;C:\WINDOWS\WinSxS\amd64_microsoft.windows.common-controls_6595b64144ccf1df_6.0.22621.3646_none_27105dd3738543d4;C:\Program Files\Microsoft\jdk-17.0.8.7-hotspot\bin\server;C:\Users\Danis\.gradle\native\c067742578af261105cb4f569cf0c3c89f3d7b1fecec35dd04571415982c5e48\windows-amd64;C:\Users\Danis\.gradle\native\38dada09dfb8b06ba9b0570ebf7e218e3eb74d4ef43ca46872605cf95ebc2f47\windows-amd64

VM Arguments:
jvm_args: -XX:MaxMetaspaceSize=512m --add-opens=java.base/java.util=ALL-UNNAMED --add-opens=java.base/java.lang=ALL-UNNAMED --add-opens=java.base/java.lang.invoke=ALL-UNNAMED --add-opens=java.prefs/java.util.prefs=ALL-UNNAMED --add-opens=java.base/java.nio.charset=ALL-UNNAMED --add-opens=java.base/java.net=ALL-UNNAMED --add-opens=java.base/java.util.concurrent.atomic=ALL-UNNAMED -Xmx2048m -Dfile.encoding=windows-1252 -Duser.country=US -Duser.language=en -Duser.variant -javaagent:C:\Users\Danis\.gradle\wrapper\dists\gradle-8.6-all\3mbtmo166bl6vumsh5k2lkq5h\gradle-8.6\lib\agents\gradle-instrumentation-agent-8.6.jar 
java_command: org.gradle.launcher.daemon.bootstrap.GradleDaemon 8.6
java_class_path (initial): C:\Users\Danis\.gradle\wrapper\dists\gradle-8.6-all\3mbtmo166bl6vumsh5k2lkq5h\gradle-8.6\lib\gradle-launcher-8.6.jar
Launcher Type: SUN_STANDARD

[Global flags]
     intx CICompilerCount                          = 4                                         {product} {ergonomic}
   size_t CompressedClassSpaceSize                 = 436207616                                 {product} {ergonomic}
     uint ConcGCThreads                            = 2                                         {product} {ergonomic}
     uint G1ConcRefinementThreads                  = 8                                         {product} {ergonomic}
   size_t G1HeapRegionSize                         = 1048576                                   {product} {ergonomic}
    uintx GCDrainStackTargetSize                   = 64                                        {product} {ergonomic}
   size_t InitialHeapSize                          = 199229440                                 {product} {ergonomic}
   size_t MarkStackSize                            = 4194304                                   {product} {ergonomic}
   size_t MaxHeapSize                              = 2147483648                                {product} {command line}
   size_t MaxMetaspaceSize                         = 536870912                                 {product} {command line}
   size_t MaxNewSize                               = 1287651328                                {product} {ergonomic}
   size_t MinHeapDeltaBytes                        = 1048576                                   {product} {ergonomic}
   size_t MinHeapSize                              = 8388608                                   {product} {ergonomic}
    uintx NonNMethodCodeHeapSize                   = 5839372                                {pd product} {ergonomic}
    uintx NonProfiledCodeHeapSize                  = 122909434                              {pd product} {ergonomic}
    uintx ProfiledCodeHeapSize                     = 122909434                              {pd product} {ergonomic}
    uintx ReservedCodeCacheSize                    = 251658240                              {pd product} {ergonomic}
     bool SegmentedCodeCache                       = true                                      {product} {ergonomic}
   size_t SoftMaxHeapSize                          = 2147483648                             {manageable} {ergonomic}
     bool UseCompressedClassPointers               = true                           {product lp64_product} {ergonomic}
     bool UseCompressedOops                        = true                           {product lp64_product} {ergonomic}
     bool UseG1GC                                  = true                                      {product} {ergonomic}
     bool UseLargePagesIndividualAllocation        = false                                  {pd product} {ergonomic}

Logging:
Log output configuration:
 #0: stdout all=warning uptime,level,tags
 #1: stderr all=off uptime,level,tags

Environment Variables:
JAVA_HOME=C:\Program Files\Microsoft\jdk-17.0.8.7-hotspot\
CLASSPATH=D:\Photon-Pos\#24\omniretailer\android\\gradle\wrapper\gradle-wrapper.jar
PATH=D:\Photon-Pos\#24\omniretailer\node_modules\.bin;D:\Photon-Pos\#24\omniretailer\node_modules\.bin;D:\Photon-Pos\#24\node_modules\.bin;D:\Photon-Pos\node_modules\.bin;D:\node_modules\.bin;C:\Users\Danis\AppData\Roaming\npm\node_modules\npm\node_modules\@npmcli\run-script\lib\node-gyp-bin;D:\Photon-Pos\#24\omniretailer\node_modules\.bin;D:\Photon-Pos\#24\node_modules\.bin;D:\Photon-Pos\node_modules\.bin;D:\node_modules\.bin;C:\Users\Danis\AppData\Roaming\npm\node_modules\npm\node_modules\@npmcli\run-script\lib\node-gyp-bin;C:\Program Files\Microsoft\jdk-17.0.8.7-hotspot\bin;C:\WINDOWS\system32;C:\WINDOWS;C:\WINDOWS\System32\Wbem;C:\WINDOWS\System32\WindowsPowerShell\v1.0\;C:\WINDOWS\System32\OpenSSH\;C:\ProgramData\chocolatey\bin;C:\Users\Danis\AppData\Local\Android\Sdk\platform-tools;C:\Program Files\Git\cmd;C:\Program Files\MySQL\MySQL Server 8.0\bin;C:\Program Files\MongoDB\mongosh-1.10.1-win32-x64\bin;C:\Program Files\PuTTY\;C:\Program Files\MongoDB\Server\7.0\bin;C:\Program Files\Microsoft\jdk-11.0.18.10-hotspot\bin;C:\Program Files\HP\HP One Agent;C:\Program Files\OpenSSL-Win64\bin;C:\Users\Danis\AppData\Roaming\nvm;C:\Program Files\nodejs;C:\Users\Danis\AppData\Local\Programs\Python\Launcher\;C:\Users\Danis\AppData\Local\Android\Sdk\tools;C:\Program Files\MySQL\MySQL Shell 8.0\bin\;C:\Users\Danis\AppData\Local\Microsoft\WindowsApps;C:\Users\Danis\AppData\Local\Programs\Microsoft VS Code\bin;C:\software\mongosh-2.0.2-win32-x64\bin;C:\Users\Danis\AppData\Local\Programs\mongosh\;C:\Users\Danis\AppData\Roaming\npm;C:\Users\Danis\AppData\Roaming\nvm;C:\Program Files\nodejs
USERNAME=Danis
LANG=en_US.UTF-8
OS=Windows_NT
PROCESSOR_IDENTIFIER=Intel64 Family 6 Model 140 Stepping 2, GenuineIntel
TMP=C:\Users\Danis\AppData\Local\Temp
TEMP=C:\Users\Danis\AppData\Local\Temp



---------------  S Y S T E M  ---------------

OS:
 Windows 11 , 64 bit Build 22621 (10.0.22621.3646)
OS uptime: 4 days 14:32 hours
Hyper-V role detected

CPU: total 8 (initial active 8) (4 cores per cpu, 2 threads per core) family 6 model 140 stepping 2 microcode 0x2c, cx8, cmov, fxsr, ht, mmx, 3dnowpref, sse, sse2, sse3, ssse3, sse4.1, sse4.2, popcnt, lzcnt, tsc, tscinvbit, avx, avx2, aes, erms, clmul, bmi1, bmi2, adx, avx512f, avx512dq, avx512cd, avx512bw, avx512vl, sha, fma, vzeroupper, avx512_vpopcntdq, avx512_vpclmulqdq, avx512_vaes, avx512_vnni, clflush, clflushopt, clwb, avx512_vbmi2, avx512_vbmi, hv
Processor Information for all 8 processors :
  Max Mhz: 2496, Current Mhz: 2496, Mhz Limit: 2496

Memory: 4k page, system-wide physical 12037M (3314M free)
TotalPageFile size 24075M (AvailPageFile size 5695M)
current process WorkingSet (physical memory assigned to process): 801M, peak: 828M
current process commit charge ("private bytes"): 942M, peak: 970M

vm_info: OpenJDK 64-Bit Server VM (17.0.8+7-LTS) for windows-amd64 JRE (17.0.8+7-LTS), built on Jul  7 2023 17:21:55 by "MicrosoftCorporation" with MS VC++ 16.10 / 16.11 (VS2019)

END.
