#
# A fatal error has been detected by the Java Runtime Environment:
#
#  EXCEPTION_ACCESS_VIOLATION (0xc0000005) at pc=0x00007ffb5f9ae0a9, pid=17800, tid=620
#
# JRE version: OpenJDK Runtime Environment Microsoft-8035246 (17.0.8+7) (build 17.0.8+7-LTS)
# Java VM: OpenJDK 64-Bit Server VM Microsoft-8035246 (17.0.8+7-LTS, mixed mode, sharing, tiered, compressed oops, compressed class ptrs, g1 gc, windows-amd64)
# Problematic frame:
# V  [jvm.dll+0x2be0a9]
#
# No core dump will be written. Minidumps are not enabled by default on client versions of Windows
#
# If you would like to submit a bug report, please visit:
#   https://github.com/microsoft/openjdk/issues
#

---------------  S U M M A R Y ------------

Command Line: -XX:MaxMetaspaceSize=512m --add-opens=java.base/java.util=ALL-UNNAMED --add-opens=java.base/java.lang=ALL-UNNAMED --add-opens=java.base/java.lang.invoke=ALL-UNNAMED --add-opens=java.prefs/java.util.prefs=ALL-UNNAMED --add-opens=java.base/java.nio.charset=ALL-UNNAMED --add-opens=java.base/java.net=ALL-UNNAMED --add-opens=java.base/java.util.concurrent.atomic=ALL-UNNAMED -Xmx2048m -Dfile.encoding=windows-1252 -Duser.country=IN -Duser.language=en -Duser.variant -javaagent:C:\Users\rahul\.gradle\wrapper\dists\gradle-8.6-all\3mbtmo166bl6vumsh5k2lkq5h\gradle-8.6\lib\agents\gradle-instrumentation-agent-8.6.jar org.gradle.launcher.daemon.bootstrap.GradleDaemon 8.6

Host: 12th Gen Intel(R) Core(TM) i5-1235U, 12 cores, 7G,  Windows 11 , 64 bit Build 26100 (10.0.26100.3037)
Time: Tue Mar  4 11:53:43 2025 India Standard Time elapsed time: 50.266796 seconds (0d 0h 0m 50s)

---------------  T H R E A D  ---------------

Current thread (0x00000267d2e6a9a0):  JavaThread "C2 CompilerThread2" daemon [_thread_in_native, id=620, stack(0x00000084b2000000,0x00000084b2100000)]


Current CompileTask:
C2:  50266 17695   !   4       org.gradle.cache.internal.DefaultMultiProcessSafeIndexedCache::getIfPresent (25 bytes)

Stack: [0x00000084b2000000,0x00000084b2100000],  sp=0x00000084b20fb3e0,  free space=1004k
Native frames: (J=compiled Java code, j=interpreted, Vv=VM code, C=native code)
V  [jvm.dll+0x2be0a9]
V  [jvm.dll+0x21ba8b]
V  [jvm.dll+0x21944b]
V  [jvm.dll+0x1a56b6]
V  [jvm.dll+0x2291ea]
V  [jvm.dll+0x22724c]
V  [jvm.dll+0x7efd0c]
V  [jvm.dll+0x7ea13a]
V  [jvm.dll+0x67ad85]
C  [ucrtbase.dll+0x37b0]
C  [KERNEL32.DLL+0x2e8d7]
C  [ntdll.dll+0xbbf2c]


siginfo: EXCEPTION_ACCESS_VIOLATION (0xc0000005), reading address 0x0000000000000028


Register to memory mapping:

RIP=0x00007ffb5f9ae0a9 jvm.dll
RAX=0x00000267e0279820 points into unknown readable memory: 0x0000000000000000 | 00 00 00 00 00 00 00 00
RBX=0x000000000000179f is an unknown value
RCX=0x0 is NULL
RDX=0x0 is NULL
RSP=0x00000084b20fb3e0 is pointing into the stack for thread: 0x00000267d2e6a9a0
RBP=0x00000084b20fb450 is pointing into the stack for thread: 0x00000267d2e6a9a0
RSI=0x0 is NULL
RDI=0x0000000000000048 is an unknown value
R8 =0x000000000000ffe0 is an unknown value
R9 =0x0 is NULL
R10=0x00007ffb98ca0000 VCRUNTIME140.dll
R11=0x00000267e0279840 points into unknown readable memory: 0x0000000000000000 | 00 00 00 00 00 00 00 00
R12=0x0000000000000050 is an unknown value
R13=0x0 is NULL
R14=0x0 is NULL
R15=0x00000084b20fe600 is pointing into the stack for thread: 0x00000267d2e6a9a0


Registers:
RAX=0x00000267e0279820, RBX=0x000000000000179f, RCX=0x0000000000000000, RDX=0x0000000000000000
RSP=0x00000084b20fb3e0, RBP=0x00000084b20fb450, RSI=0x0000000000000000, RDI=0x0000000000000048
R8 =0x000000000000ffe0, R9 =0x0000000000000000, R10=0x00007ffb98ca0000, R11=0x00000267e0279840
R12=0x0000000000000050, R13=0x0000000000000000, R14=0x0000000000000000, R15=0x00000084b20fe600
RIP=0x00007ffb5f9ae0a9, EFLAGS=0x0000000000010202

Top of Stack: (sp=0x00000084b20fb3e0)
0x00000084b20fb3e0:   000000000000179f 0000000000000000
0x00000084b20fb3f0:   00000084b20fe600 00007ffb5f9138d1
0x00000084b20fb400:   00000267de9351b0 00007ffb00002000
0x00000084b20fb410:   00000267e0279820 0000026700000000
0x00000084b20fb420:   0000000000000002 00000267e021eb40
0x00000084b20fb430:   0000000000000002 00000267de9351b0
0x00000084b20fb440:   0000000000000000 0000000000000000
0x00000084b20fb450:   00000267d8220c70 0000026793b582e0
0x00000084b20fb460:   0000000000000048 00007ffb60034c08
0x00000084b20fb470:   00000084b20fb580 00007ffb5f90ba8b
0x00000084b20fb480:   00000084b20fe600 00007ffb60034c08
0x00000084b20fb490:   00000084b20fe600 00000084b20fb580
0x00000084b20fb4a0:   0000026700000000 00007ffb5fd0b7fb
0x00000084b20fb4b0:   000000840000000f 00000084b20fe600
0x00000084b20fb4c0:   00000084b20fb630 0000000000000000
0x00000084b20fb4d0:   0000026700000100 00007ffb60034c08 

Instructions: (pc=0x00007ffb5f9ae0a9)
0x00007ffb5f9adfa9:   3b d0 75 0b ff c1 41 3b c9 7c dc 48 8b c2 c3 33
0x00007ffb5f9adfb9:   c0 c3 cc cc cc cc cc 48 89 5c 24 18 55 56 57 41
0x00007ffb5f9adfc9:   55 41 57 48 8b ec 48 83 ec 70 65 48 8b 04 25 58
0x00007ffb5f9adfd9:   00 00 00 48 8b f2 44 8b 05 d2 8b 90 00 4c 8b f9
0x00007ffb5f9adfe9:   4a 8b 1c c0 b8 50 00 00 00 80 3c 18 00 75 05 e8
0x00007ffb5f9adff9:   8b 6f 5d 00 b8 20 00 00 00 48 8b 04 18 48 8b 98
0x00007ffb5f9ae009:   38 02 00 00 48 89 5d b0 c7 45 b8 04 00 00 00 48
0x00007ffb5f9ae019:   8b 43 18 48 83 f8 df 76 18 4c 8d 05 37 a9 65 00
0x00007ffb5f9ae029:   ba 20 00 00 00 48 8b cb e8 5a eb de ff 48 8b 43
0x00007ffb5f9ae039:   18 48 8d 48 20 48 3b 4b 20 76 11 45 33 c0 48 8b
0x00007ffb5f9ae049:   cb 41 8d 50 20 e8 fd e8 de ff eb 04 48 89 4b 18
0x00007ffb5f9ae059:   44 8b 45 b8 33 d2 49 c1 e0 03 48 8b c8 48 89 45
0x00007ffb5f9ae069:   c0 e8 e3 80 5d 00 45 33 ed 48 8d 4d d0 44 89 6d
0x00007ffb5f9ae079:   c8 e8 01 59 56 00 41 8b 9f 40 02 00 00 41 2b 9f
0x00007ffb5f9ae089:   68 02 00 00 44 89 6d f0 3b 5d b8 72 0b 8b d3 48
0x00007ffb5f9ae099:   8d 4d b0 e8 6f b3 39 00 48 8b 45 c0 4c 89 2c d8
0x00007ffb5f9ae0a9:   8b 7e 28 8b df c1 eb 05 3b 5d d0 72 0b 8b d3 48
0x00007ffb5f9ae0b9:   8d 4d d0 e8 1f 59 56 00 48 8b 45 d8 83 e7 1f 48
0x00007ffb5f9ae0c9:   8d 14 98 40 0f b6 cf 41 b8 01 00 00 00 41 d3 e0
0x00007ffb5f9ae0d9:   8b 0a 8b c1 41 0b c0 89 02 41 85 c8 75 21 8b 5d
0x00007ffb5f9ae0e9:   c8 8d 43 01 89 45 c8 3b 5d b8 72 0b 8b d3 48 8d
0x00007ffb5f9ae0f9:   4d b0 e8 10 b3 39 00 48 8b 45 c0 48 89 34 d8 44
0x00007ffb5f9ae109:   39 6d c8 0f 86 77 01 00 00 4c 89 a4 24 a0 00 00
0x00007ffb5f9ae119:   00 4c 89 b4 24 a8 00 00 00 48 8b 45 c0 41 8b cd
0x00007ffb5f9ae129:   48 8b 34 c8 8b 46 2c 25 ff 1f 00 00 3d 04 10 00
0x00007ffb5f9ae139:   00 0f 85 a7 00 00 00 bb 01 00 00 00 39 5e 18 76
0x00007ffb5f9ae149:   39 66 0f 1f 44 00 00 48 8b 46 08 8b cb 48 8b 14
0x00007ffb5f9ae159:   c8 48 85 d2 74 1d 48 83 7a 10 00 74 16 80 7a 2c
0x00007ffb5f9ae169:   84 74 10 e8 7f 7e ee ff 48 8b d0 49 8b cf e8 a4
0x00007ffb5f9ae179:   61 f6 ff ff c3 3b 5e 18 72 cd 48 8b 5e 10 8b 46
0x00007ffb5f9ae189:   20 4c 8d 34 c3 49 3b de 73 54 48 8b 3b 8b 47 2c
0x00007ffb5f9ae199:   83 e0 03 3c 03 75 2e 48 8b 07 48 8b cf ff 90 88 


Stack slot to memory mapping:
stack at sp + 0 slots: 0x000000000000179f is an unknown value
stack at sp + 1 slots: 0x0 is NULL
stack at sp + 2 slots: 0x00000084b20fe600 is pointing into the stack for thread: 0x00000267d2e6a9a0
stack at sp + 3 slots: 0x00007ffb5f9138d1 jvm.dll
stack at sp + 4 slots: 0x00000267de9351b0 points into unknown readable memory: 0x7404000100000006 | 06 00 00 00 01 00 04 74
stack at sp + 5 slots: 0x00007ffb00002000 is an unknown value
stack at sp + 6 slots: 0x00000267e0279820 points into unknown readable memory: 0x0000000000000000 | 00 00 00 00 00 00 00 00
stack at sp + 7 slots: 0x0000026700000000 is an unknown value


---------------  P R O C E S S  ---------------

Threads class SMR info:
_java_thread_list=0x00000267ddf3bba0, length=211, elements={
0x0000026793b41810, 0x00000267b2808200, 0x00000267b2808cd0, 0x00000267b28210b0,
0x00000267b2823990, 0x00000267b2824260, 0x00000267b2826b40, 0x00000267b28277f0,
0x00000267b282b5d0, 0x00000267b282c4f0, 0x00000267b27f1990, 0x00000267d21bbdc0,
0x00000267d45eadc0, 0x00000267d2edf1d0, 0x00000267d2e67490, 0x00000267d48b15f0,
0x00000267d49d3430, 0x00000267d315e0b0, 0x00000267d315efe0, 0x00000267d315f4f0,
0x00000267d315e5c0, 0x00000267d315fa00, 0x00000267d2cd7e20, 0x00000267d2cd69e0,
0x00000267d2cd8840, 0x00000267d2cd8330, 0x00000267d2cd9770, 0x00000267d2cd64d0,
0x00000267d2cd8d50, 0x00000267d2cd7910, 0x00000267d2cd9260, 0x00000267d2cd6ef0,
0x00000267d2cd7400, 0x00000267d554ed20, 0x00000267d554d8e0, 0x00000267d554cec0,
0x00000267d554c9b0, 0x00000267d554ddf0, 0x00000267d554ba80, 0x00000267d554b570,
0x00000267d554f230, 0x00000267d554f740, 0x00000267d554bf90, 0x00000267d554fc50,
0x00000267d554c4a0, 0x00000267d55524d0, 0x00000267d5552ef0, 0x00000267d5550160,
0x00000267d55515a0, 0x00000267d55529e0, 0x00000267d5550670, 0x00000267d5550b80,
0x00000267d5551ab0, 0x00000267d5551090, 0x00000267d5551fc0, 0x00000267d6c78230,
0x00000267d6c76df0, 0x00000267d6c78740, 0x00000267d6c77d20, 0x00000267d6c75ec0,
0x00000267d6c77300, 0x00000267d6c78c50, 0x00000267d6c754a0, 0x00000267d6c77810,
0x00000267d6c79160, 0x00000267d6c768e0, 0x00000267d6c759b0, 0x00000267d6c7bef0,
0x00000267d6c7a5a0, 0x00000267d6c7a090, 0x00000267d6c79670, 0x00000267d6c7b9e0,
0x00000267d6c7c400, 0x00000267d6c7afc0, 0x00000267d6c7aab0, 0x00000267d6c7b4d0,
0x00000267d6c79b80, 0x00000267d6c7c910, 0x00000267d44c60b0, 0x00000267d44c5ba0,
0x00000267d44c65c0, 0x00000267d44c2e10, 0x00000267d44c3830, 0x00000267d44c4250,
0x00000267d44c6ad0, 0x00000267d44c4c70, 0x00000267d44c5690, 0x00000267d44c3d40,
0x00000267d44c4760, 0x00000267d44c5180, 0x00000267d44c3320, 0x00000267d44ca790,
0x00000267d44c9860, 0x00000267d44c9d70, 0x00000267d44ca280, 0x00000267d44c8420,
0x00000267d44c8930, 0x00000267d44c8e40, 0x00000267d44c74f0, 0x00000267d44c6fe0,
0x00000267d44c7a00, 0x00000267d44c7f10, 0x00000267d44c9350, 0x00000267d7737f90,
0x00000267d77384a0, 0x00000267d7738ec0, 0x00000267d773a300, 0x00000267d7737a80,
0x00000267d77389b0, 0x00000267d77393d0, 0x00000267d77398e0, 0x00000267d773a810,
0x00000267d7739df0, 0x00000267d7737570, 0x00000267d7737060, 0x00000267d773c670,
0x00000267d773cb80, 0x00000267d773d090, 0x00000267d773b740, 0x00000267d773d5a0,
0x00000267d773dab0, 0x00000267d773dfc0, 0x00000267d773e4d0, 0x00000267d73fae10,
0x00000267d73fb320, 0x00000267d73fbd40, 0x00000267d73fc760, 0x00000267d73fcc70,
0x00000267d73f94c0, 0x00000267d73fe5c0, 0x00000267d73fead0, 0x00000267d7400930,
0x00000267d73fefe0, 0x00000267d73fff10, 0x00000267d73ffa00, 0x00000267d7400420,
0x00000267d315ead0, 0x00000267d7e7f810, 0x00000267d7e7e8e0, 0x00000267d7e7d9b0,
0x00000267d7e7e3d0, 0x00000267d7e7dec0, 0x00000267d7e80230, 0x00000267d7e7f300,
0x00000267d7e7edf0, 0x00000267d7e7fd20, 0x00000267d7e80740, 0x00000267d7e80c50,
0x00000267d7e81160, 0x00000267df0518c0, 0x00000267df0513b0, 0x00000267df051dd0,
0x00000267df053210, 0x00000267df050990, 0x00000267df053720, 0x00000267df0522e0,
0x00000267df050ea0, 0x00000267df04ff70, 0x00000267df053c30, 0x00000267df054650,
0x00000267df0527f0, 0x00000267df052d00, 0x00000267df050480, 0x00000267df054140,
0x00000267df0564b0, 0x00000267df055580, 0x00000267df055a90, 0x00000267df055fa0,
0x00000267df0569c0, 0x00000267df0578f0, 0x00000267dd6d0630, 0x00000267dd6cfc10,
0x00000267dd6d0120, 0x00000267dd6d1a70, 0x00000267d2e699b0, 0x00000267d2e6a9a0,
0x00000267dd6cf700, 0x00000267dd6d5220, 0x00000267dd6d38d0, 0x00000267dd6d33c0,
0x00000267dd6d2490, 0x00000267dd6d42f0, 0x00000267dd6d4d10, 0x00000267dd6d5730,
0x00000267dd6d3de0, 0x00000267dd6d4800, 0x00000267dd6d5c40, 0x00000267dd6d6150,
0x00000267dd6d29a0, 0x00000267dd6d6660, 0x00000267dd6d6b70, 0x00000267dd6d7080,
0x00000267df6103d0, 0x00000267df6108e0, 0x00000267df60db50, 0x00000267df60f9b0,
0x00000267df60e570, 0x00000267df610df0, 0x00000267df60e060, 0x00000267df611300,
0x00000267df611810, 0x00000267df60fec0, 0x00000267df60ef90, 0x00000267df611d20,
0x00000267df612230, 0x00000267df60ea80, 0x00000267df612740, 0x00000267df612c50,
0x00000267df60f4a0, 0x00000267df613670, 0x00000267df6145a0
}

Java Threads: ( => current thread )
  0x0000026793b41810 JavaThread "main" [_thread_blocked, id=13108, stack(0x00000084a5900000,0x00000084a5a00000)]
  0x00000267b2808200 JavaThread "Reference Handler" daemon [_thread_blocked, id=11000, stack(0x00000084a6000000,0x00000084a6100000)]
  0x00000267b2808cd0 JavaThread "Finalizer" daemon [_thread_blocked, id=2460, stack(0x00000084a6100000,0x00000084a6200000)]
  0x00000267b28210b0 JavaThread "Signal Dispatcher" daemon [_thread_blocked, id=12060, stack(0x00000084a6200000,0x00000084a6300000)]
  0x00000267b2823990 JavaThread "Attach Listener" daemon [_thread_blocked, id=4244, stack(0x00000084a6300000,0x00000084a6400000)]
  0x00000267b2824260 JavaThread "Service Thread" daemon [_thread_blocked, id=16592, stack(0x00000084a6400000,0x00000084a6500000)]
  0x00000267b2826b40 JavaThread "Monitor Deflation Thread" daemon [_thread_blocked, id=14048, stack(0x00000084a6500000,0x00000084a6600000)]
  0x00000267b28277f0 JavaThread "C2 CompilerThread0" daemon [_thread_in_native, id=9104, stack(0x00000084a6600000,0x00000084a6700000)]
  0x00000267b282b5d0 JavaThread "C1 CompilerThread0" daemon [_thread_blocked, id=3136, stack(0x00000084a6700000,0x00000084a6800000)]
  0x00000267b282c4f0 JavaThread "Sweeper thread" daemon [_thread_blocked, id=2628, stack(0x00000084a6800000,0x00000084a6900000)]
  0x00000267b27f1990 JavaThread "Common-Cleaner" daemon [_thread_blocked, id=12144, stack(0x00000084a6900000,0x00000084a6a00000)]
  0x00000267d21bbdc0 JavaThread "Notification Thread" daemon [_thread_blocked, id=17272, stack(0x00000084a6a00000,0x00000084a6b00000)]
  0x00000267d45eadc0 JavaThread "Daemon health stats" [_thread_blocked, id=15960, stack(0x00000084a7100000,0x00000084a7200000)]
  0x00000267d2edf1d0 JavaThread "Incoming local TCP Connector on port 50024" [_thread_in_native, id=10556, stack(0x00000084a7000000,0x00000084a7100000)]
  0x00000267d2e67490 JavaThread "Daemon periodic checks" [_thread_blocked, id=19144, stack(0x00000084a7200000,0x00000084a7300000)]
  0x00000267d48b15f0 JavaThread "Daemon" [_thread_blocked, id=12196, stack(0x00000084a7400000,0x00000084a7500000)]
  0x00000267d49d3430 JavaThread "Handler for socket connection from /127.0.0.1:50024 to /127.0.0.1:50025" [_thread_in_native, id=11064, stack(0x00000084a7500000,0x00000084a7600000)]
  0x00000267d315e0b0 JavaThread "Cancel handler" [_thread_blocked, id=3464, stack(0x00000084a7300000,0x00000084a7400000)]
  0x00000267d315efe0 JavaThread "Daemon worker" [_thread_blocked, id=12508, stack(0x00000084a7600000,0x00000084a7700000)]
  0x00000267d315f4f0 JavaThread "Asynchronous log dispatcher for DefaultDaemonConnection: socket connection from /127.0.0.1:50024 to /127.0.0.1:50025" [_thread_blocked, id=7036, stack(0x00000084a7700000,0x00000084a7800000)]
  0x00000267d315e5c0 JavaThread "Stdin handler" [_thread_blocked, id=12460, stack(0x00000084a7800000,0x00000084a7900000)]
  0x00000267d315fa00 JavaThread "Daemon client event forwarder" [_thread_blocked, id=9588, stack(0x00000084a7900000,0x00000084a7a00000)]
  0x00000267d2cd7e20 JavaThread "Cache worker for journal cache (C:\Users\rahul\.gradle\caches\journal-1)" [_thread_blocked, id=19396, stack(0x00000084a7a00000,0x00000084a7b00000)]
  0x00000267d2cd69e0 JavaThread "File lock request listener" [_thread_in_native, id=17868, stack(0x00000084a7b00000,0x00000084a7c00000)]
  0x00000267d2cd8840 JavaThread "Cache worker for file hash cache (C:\Users\rahul\.gradle\caches\8.6\fileHashes)" [_thread_in_Java, id=19052, stack(0x00000084a7c00000,0x00000084a7d00000)]
  0x00000267d2cd8330 JavaThread "File watcher server" daemon [_thread_in_native, id=12188, stack(0x00000084a8300000,0x00000084a8400000)]
  0x00000267d2cd9770 JavaThread "File watcher consumer" daemon [_thread_in_vm, id=6068, stack(0x00000084a8400000,0x00000084a8500000)]
  0x00000267d2cd64d0 JavaThread "Cache worker for checksums cache (C:\Users\rahul\Desktop\photon\NanoOmniStoreApp-Retailers\android\.gradle\8.6\checksums)" [_thread_blocked, id=7984, stack(0x00000084a8200000,0x00000084a8300000)]
  0x00000267d2cd8d50 JavaThread "Cache worker for file hash cache (C:\Users\rahul\Desktop\photon\NanoOmniStoreApp-Retailers\android\.gradle\8.6\fileHashes)" [_thread_blocked, id=4172, stack(0x00000084a8700000,0x00000084a8800000)]
  0x00000267d2cd7910 JavaThread "Cache worker for cache directory md-supplier (C:\Users\rahul\.gradle\caches\8.6\md-supplier)" [_thread_blocked, id=9540, stack(0x00000084a8800000,0x00000084a8900000)]
  0x00000267d2cd9260 JavaThread "Cache worker for cache directory md-rule (C:\Users\rahul\.gradle\caches\8.6\md-rule)" [_thread_blocked, id=13872, stack(0x00000084a8900000,0x00000084a8a00000)]
  0x00000267d2cd6ef0 JavaThread "Cache worker for file content cache (C:\Users\rahul\.gradle\caches\8.6\fileContent)" [_thread_blocked, id=10820, stack(0x00000084a8a00000,0x00000084a8b00000)]
  0x00000267d2cd7400 JavaThread "jar transforms" [_thread_blocked, id=10856, stack(0x00000084a8c00000,0x00000084a8d00000)]
  0x00000267d554ed20 JavaThread "jar transforms Thread 2" [_thread_blocked, id=4664, stack(0x00000084a8d00000,0x00000084a8e00000)]
  0x00000267d554d8e0 JavaThread "jar transforms Thread 3" [_thread_blocked, id=11008, stack(0x00000084a8e00000,0x00000084a8f00000)]
  0x00000267d554cec0 JavaThread "jar transforms Thread 4" [_thread_blocked, id=10748, stack(0x00000084a8f00000,0x00000084a9000000)]
  0x00000267d554c9b0 JavaThread "Exec process" [_thread_blocked, id=10420, stack(0x00000084a9000000,0x00000084a9100000)]
  0x00000267d554ddf0 JavaThread "Exec process Thread 2" [_thread_blocked, id=2840, stack(0x00000084a9100000,0x00000084a9200000)]
  0x00000267d554ba80 JavaThread "Exec process Thread 3" [_thread_blocked, id=18912, stack(0x00000084a9200000,0x00000084a9300000)]
  0x00000267d554b570 JavaThread "jar transforms Thread 5" [_thread_blocked, id=16728, stack(0x00000084a9400000,0x00000084a9500000)]
  0x00000267d554f230 JavaThread "jar transforms Thread 6" [_thread_blocked, id=9552, stack(0x00000084a9500000,0x00000084a9600000)]
  0x00000267d554f740 JavaThread "Unconstrained build operations" [_thread_blocked, id=2900, stack(0x00000084a9600000,0x00000084a9700000)]
  0x00000267d554bf90 JavaThread "Unconstrained build operations Thread 2" [_thread_blocked, id=7040, stack(0x00000084a9700000,0x00000084a9800000)]
  0x00000267d554fc50 JavaThread "jar transforms Thread 7" [_thread_blocked, id=16552, stack(0x00000084a9800000,0x00000084a9900000)]
  0x00000267d554c4a0 JavaThread "jar transforms Thread 8" [_thread_blocked, id=2464, stack(0x00000084a9900000,0x00000084a9a00000)]
  0x00000267d55524d0 JavaThread "Cache worker for Build Output Cleanup Cache (C:\Users\rahul\Desktop\photon\NanoOmniStoreApp-Retailers\node_modules\@react-native\gradle-plugin\.gradle\buildOutputCleanup)" [_thread_blocked, id=9640, stack(0x00000084a9a00000,0x00000084a9b00000)]
  0x00000267d5552ef0 JavaThread "jar transforms Thread 9" [_thread_blocked, id=2356, stack(0x00000084a9b00000,0x00000084a9c00000)]
  0x00000267d5550160 JavaThread "jar transforms Thread 10" [_thread_blocked, id=3348, stack(0x00000084a9c00000,0x00000084a9d00000)]
  0x00000267d55515a0 JavaThread "Unconstrained build operations Thread 3" [_thread_blocked, id=13448, stack(0x00000084a9d00000,0x00000084a9e00000)]
  0x00000267d55529e0 JavaThread "Unconstrained build operations Thread 4" [_thread_blocked, id=14320, stack(0x00000084a9e00000,0x00000084a9f00000)]
  0x00000267d5550670 JavaThread "Unconstrained build operations Thread 5" [_thread_blocked, id=16580, stack(0x00000084a9f00000,0x00000084aa000000)]
  0x00000267d5550b80 JavaThread "Unconstrained build operations Thread 6" [_thread_blocked, id=18028, stack(0x00000084aa000000,0x00000084aa100000)]
  0x00000267d5551ab0 JavaThread "Unconstrained build operations Thread 7" [_thread_blocked, id=14224, stack(0x00000084aa100000,0x00000084aa200000)]
  0x00000267d5551090 JavaThread "Unconstrained build operations Thread 8" [_thread_blocked, id=732, stack(0x00000084aa200000,0x00000084aa300000)]
  0x00000267d5551fc0 JavaThread "Unconstrained build operations Thread 9" [_thread_blocked, id=13224, stack(0x00000084aa300000,0x00000084aa400000)]
  0x00000267d6c78230 JavaThread "Unconstrained build operations Thread 10" [_thread_blocked, id=8232, stack(0x00000084aa400000,0x00000084aa500000)]
  0x00000267d6c76df0 JavaThread "Unconstrained build operations Thread 11" [_thread_blocked, id=15648, stack(0x00000084aa500000,0x00000084aa600000)]
  0x00000267d6c78740 JavaThread "Unconstrained build operations Thread 12" [_thread_blocked, id=18488, stack(0x00000084aa600000,0x00000084aa700000)]
  0x00000267d6c77d20 JavaThread "Unconstrained build operations Thread 13" [_thread_blocked, id=14324, stack(0x00000084aa700000,0x00000084aa800000)]
  0x00000267d6c75ec0 JavaThread "build event listener" [_thread_blocked, id=10792, stack(0x00000084aa800000,0x00000084aa900000)]
  0x00000267d6c77300 JavaThread "Memory manager" [_thread_blocked, id=15032, stack(0x00000084a9300000,0x00000084a9400000)]
  0x00000267d6c78c50 JavaThread "jar transforms Thread 11" [_thread_blocked, id=11876, stack(0x00000084aa900000,0x00000084aaa00000)]
  0x00000267d6c754a0 JavaThread "jar transforms Thread 12" [_thread_blocked, id=13320, stack(0x00000084aaa00000,0x00000084aab00000)]
  0x00000267d6c77810 JavaThread "Cache worker for Build Output Cleanup Cache (C:\Users\rahul\Desktop\photon\NanoOmniStoreApp-Retailers\android\.gradle\buildOutputCleanup)" [_thread_blocked, id=12916, stack(0x00000084aab00000,0x00000084aac00000)]
  0x00000267d6c79160 JavaThread "ForkJoinPool.commonPool-worker-1" daemon [_thread_blocked, id=12900, stack(0x00000084aac00000,0x00000084aad00000)]
  0x00000267d6c768e0 JavaThread "ForkJoinPool.commonPool-worker-2" daemon [_thread_blocked, id=18308, stack(0x00000084aad00000,0x00000084aae00000)]
  0x00000267d6c759b0 JavaThread "ForkJoinPool.commonPool-worker-3" daemon [_thread_blocked, id=6336, stack(0x00000084aae00000,0x00000084aaf00000)]
  0x00000267d6c7bef0 JavaThread "ForkJoinPool.commonPool-worker-4" daemon [_thread_blocked, id=13612, stack(0x00000084aaf00000,0x00000084ab000000)]
  0x00000267d6c7a5a0 JavaThread "ForkJoinPool.commonPool-worker-5" daemon [_thread_blocked, id=12184, stack(0x00000084ab000000,0x00000084ab100000)]
  0x00000267d6c7a090 JavaThread "ForkJoinPool.commonPool-worker-6" daemon [_thread_blocked, id=18520, stack(0x00000084ab100000,0x00000084ab200000)]
  0x00000267d6c79670 JavaThread "ForkJoinPool.commonPool-worker-7" daemon [_thread_blocked, id=7140, stack(0x00000084ab200000,0x00000084ab300000)]
  0x00000267d6c7b9e0 JavaThread "ForkJoinPool.commonPool-worker-8" daemon [_thread_blocked, id=1444, stack(0x00000084ab300000,0x00000084ab400000)]
  0x00000267d6c7c400 JavaThread "ForkJoinPool.commonPool-worker-9" daemon [_thread_blocked, id=5464, stack(0x00000084ab400000,0x00000084ab500000)]
  0x00000267d6c7afc0 JavaThread "ForkJoinPool.commonPool-worker-10" daemon [_thread_blocked, id=12328, stack(0x00000084a8b00000,0x00000084a8c00000)]
  0x00000267d6c7aab0 JavaThread "ForkJoinPool.commonPool-worker-11" daemon [_thread_blocked, id=17564, stack(0x00000084ab500000,0x00000084ab600000)]
  0x00000267d6c7b4d0 JavaThread "included builds" [_thread_blocked, id=14812, stack(0x00000084ab700000,0x00000084ab800000)]
  0x00000267d6c79b80 JavaThread "Execution worker" [_thread_blocked, id=18208, stack(0x00000084ab800000,0x00000084ab900000)]
  0x00000267d6c7c910 JavaThread "Execution worker Thread 2" [_thread_blocked, id=1972, stack(0x00000084ab900000,0x00000084aba00000)]
  0x00000267d44c60b0 JavaThread "Execution worker Thread 3" [_thread_blocked, id=2032, stack(0x00000084aba00000,0x00000084abb00000)]
  0x00000267d44c5ba0 JavaThread "Execution worker Thread 4" [_thread_blocked, id=12052, stack(0x00000084abb00000,0x00000084abc00000)]
  0x00000267d44c65c0 JavaThread "Execution worker Thread 5" [_thread_blocked, id=1376, stack(0x00000084abc00000,0x00000084abd00000)]
  0x00000267d44c2e10 JavaThread "Execution worker Thread 6" [_thread_blocked, id=14968, stack(0x00000084abd00000,0x00000084abe00000)]
  0x00000267d44c3830 JavaThread "Execution worker Thread 7" [_thread_blocked, id=18104, stack(0x00000084abe00000,0x00000084abf00000)]
  0x00000267d44c4250 JavaThread "Execution worker Thread 8" [_thread_blocked, id=3268, stack(0x00000084abf00000,0x00000084ac000000)]
  0x00000267d44c6ad0 JavaThread "Execution worker Thread 9" [_thread_blocked, id=3796, stack(0x00000084ac000000,0x00000084ac100000)]
  0x00000267d44c4c70 JavaThread "Execution worker Thread 10" [_thread_blocked, id=7336, stack(0x00000084ac100000,0x00000084ac200000)]
  0x00000267d44c5690 JavaThread "Execution worker Thread 11" [_thread_blocked, id=7164, stack(0x00000084ac200000,0x00000084ac300000)]
  0x00000267d44c3d40 JavaThread "Cache worker for execution history cache (C:\Users\rahul\Desktop\photon\NanoOmniStoreApp-Retailers\node_modules\@react-native\gradle-plugin\.gradle\8.6\executionHistory)" [_thread_blocked, id=10200, stack(0x00000084ac300000,0x00000084ac400000)]
  0x00000267d44c4760 JavaThread "Unconstrained build operations Thread 14" [_thread_blocked, id=4376, stack(0x00000084ac400000,0x00000084ac500000)]
  0x00000267d44c5180 JavaThread "Unconstrained build operations Thread 15" [_thread_blocked, id=17760, stack(0x00000084ac500000,0x00000084ac600000)]
  0x00000267d44c3320 JavaThread "Unconstrained build operations Thread 16" [_thread_blocked, id=13472, stack(0x00000084ac600000,0x00000084ac700000)]
  0x00000267d44ca790 JavaThread "Unconstrained build operations Thread 17" [_thread_blocked, id=15928, stack(0x00000084ac700000,0x00000084ac800000)]
  0x00000267d44c9860 JavaThread "Unconstrained build operations Thread 18" [_thread_blocked, id=17720, stack(0x00000084ac800000,0x00000084ac900000)]
  0x00000267d44c9d70 JavaThread "Unconstrained build operations Thread 19" [_thread_blocked, id=14216, stack(0x00000084ac900000,0x00000084aca00000)]
  0x00000267d44ca280 JavaThread "Unconstrained build operations Thread 20" [_thread_blocked, id=14732, stack(0x00000084aca00000,0x00000084acb00000)]
  0x00000267d44c8420 JavaThread "Unconstrained build operations Thread 21" [_thread_blocked, id=3484, stack(0x00000084acb00000,0x00000084acc00000)]
  0x00000267d44c8930 JavaThread "Unconstrained build operations Thread 22" [_thread_blocked, id=14088, stack(0x00000084acc00000,0x00000084acd00000)]
  0x00000267d44c8e40 JavaThread "Unconstrained build operations Thread 23" [_thread_blocked, id=19000, stack(0x00000084acd00000,0x00000084ace00000)]
  0x00000267d44c74f0 JavaThread "Unconstrained build operations Thread 24" [_thread_blocked, id=16236, stack(0x00000084ace00000,0x00000084acf00000)]
  0x00000267d44c6fe0 JavaThread "Unconstrained build operations Thread 25" [_thread_blocked, id=5988, stack(0x00000084acf00000,0x00000084ad000000)]
  0x00000267d44c7a00 JavaThread "Unconstrained build operations Thread 26" [_thread_blocked, id=13768, stack(0x00000084ad000000,0x00000084ad100000)]
  0x00000267d44c7f10 JavaThread "Unconstrained build operations Thread 27" [_thread_blocked, id=14252, stack(0x00000084ad100000,0x00000084ad200000)]
  0x00000267d44c9350 JavaThread "Unconstrained build operations Thread 28" [_thread_blocked, id=16156, stack(0x00000084ad200000,0x00000084ad300000)]
  0x00000267d7737f90 JavaThread "Unconstrained build operations Thread 29" [_thread_blocked, id=17184, stack(0x00000084ad300000,0x00000084ad400000)]
  0x00000267d77384a0 JavaThread "Unconstrained build operations Thread 30" [_thread_blocked, id=3524, stack(0x00000084ad400000,0x00000084ad500000)]
  0x00000267d7738ec0 JavaThread "Unconstrained build operations Thread 31" [_thread_blocked, id=2528, stack(0x00000084ad500000,0x00000084ad600000)]
  0x00000267d773a300 JavaThread "Unconstrained build operations Thread 32" [_thread_blocked, id=2012, stack(0x00000084ad600000,0x00000084ad700000)]
  0x00000267d7737a80 JavaThread "Unconstrained build operations Thread 33" [_thread_blocked, id=12992, stack(0x00000084ad700000,0x00000084ad800000)]
  0x00000267d77389b0 JavaThread "Unconstrained build operations Thread 34" [_thread_blocked, id=14508, stack(0x00000084ad800000,0x00000084ad900000)]
  0x00000267d77393d0 JavaThread "Unconstrained build operations Thread 35" [_thread_blocked, id=2340, stack(0x00000084ad900000,0x00000084ada00000)]
  0x00000267d77398e0 JavaThread "Unconstrained build operations Thread 36" [_thread_blocked, id=5372, stack(0x00000084ada00000,0x00000084adb00000)]
  0x00000267d773a810 JavaThread "Unconstrained build operations Thread 37" [_thread_blocked, id=11256, stack(0x00000084adb00000,0x00000084adc00000)]
  0x00000267d7739df0 JavaThread "Unconstrained build operations Thread 38" [_thread_blocked, id=3972, stack(0x00000084adc00000,0x00000084add00000)]
  0x00000267d7737570 JavaThread "Unconstrained build operations Thread 39" [_thread_blocked, id=12868, stack(0x00000084add00000,0x00000084ade00000)]
  0x00000267d7737060 JavaThread "Unconstrained build operations Thread 40" [_thread_in_native, id=18216, stack(0x00000084ade00000,0x00000084adf00000)]
  0x00000267d773c670 JavaThread "Unconstrained build operations Thread 41" [_thread_blocked, id=5964, stack(0x00000084adf00000,0x00000084ae000000)]
  0x00000267d773cb80 JavaThread "Unconstrained build operations Thread 42" [_thread_blocked, id=10660, stack(0x00000084ae000000,0x00000084ae100000)]
  0x00000267d773d090 JavaThread "Unconstrained build operations Thread 43" [_thread_blocked, id=10528, stack(0x00000084ae100000,0x00000084ae200000)]
  0x00000267d773b740 JavaThread "Unconstrained build operations Thread 44" [_thread_blocked, id=18548, stack(0x00000084ae200000,0x00000084ae300000)]
  0x00000267d773d5a0 JavaThread "Unconstrained build operations Thread 45" [_thread_blocked, id=6860, stack(0x00000084ae300000,0x00000084ae400000)]
  0x00000267d773dab0 JavaThread "Unconstrained build operations Thread 46" [_thread_blocked, id=2176, stack(0x00000084ae400000,0x00000084ae500000)]
  0x00000267d773dfc0 JavaThread "Unconstrained build operations Thread 47" [_thread_blocked, id=15576, stack(0x00000084ae500000,0x00000084ae600000)]
  0x00000267d773e4d0 JavaThread "Unconstrained build operations Thread 48" [_thread_blocked, id=11744, stack(0x00000084ae600000,0x00000084ae700000)]
  0x00000267d73fae10 JavaThread "build event listener" [_thread_blocked, id=10732, stack(0x00000084ae800000,0x00000084ae900000)]
  0x00000267d73fb320 JavaThread "Unconstrained build operations Thread 49" [_thread_blocked, id=16812, stack(0x00000084aeb00000,0x00000084aec00000)]
  0x00000267d73fbd40 JavaThread "Unconstrained build operations Thread 50" [_thread_blocked, id=4516, stack(0x00000084aec00000,0x00000084aed00000)]
  0x00000267d73fc760 JavaThread "Unconstrained build operations Thread 51" [_thread_blocked, id=4012, stack(0x00000084aed00000,0x00000084aee00000)]
  0x00000267d73fcc70 JavaThread "Unconstrained build operations Thread 52" [_thread_blocked, id=3580, stack(0x00000084aee00000,0x00000084aef00000)]
  0x00000267d73f94c0 JavaThread "Unconstrained build operations Thread 53" [_thread_blocked, id=19100, stack(0x00000084aef00000,0x00000084af000000)]
  0x00000267d73fe5c0 JavaThread "Unconstrained build operations Thread 54" [_thread_blocked, id=13280, stack(0x00000084af000000,0x00000084af100000)]
  0x00000267d73fead0 JavaThread "Unconstrained build operations Thread 55" [_thread_blocked, id=17552, stack(0x00000084af100000,0x00000084af200000)]
  0x00000267d7400930 JavaThread "Unconstrained build operations Thread 56" [_thread_blocked, id=12596, stack(0x00000084af200000,0x00000084af300000)]
  0x00000267d73fefe0 JavaThread "Unconstrained build operations Thread 57" [_thread_blocked, id=7560, stack(0x00000084af300000,0x00000084af400000)]
  0x00000267d73fff10 JavaThread "Unconstrained build operations Thread 58" [_thread_blocked, id=8448, stack(0x00000084af400000,0x00000084af500000)]
  0x00000267d73ffa00 JavaThread "Unconstrained build operations Thread 59" [_thread_blocked, id=13004, stack(0x00000084af500000,0x00000084af600000)]
  0x00000267d7400420 JavaThread "Unconstrained build operations Thread 60" [_thread_blocked, id=10376, stack(0x00000084af600000,0x00000084af700000)]
  0x00000267d315ead0 JavaThread "Unconstrained build operations Thread 61" [_thread_blocked, id=15356, stack(0x00000084af700000,0x00000084af800000)]
  0x00000267d7e7f810 JavaThread "Unconstrained build operations Thread 62" [_thread_blocked, id=3064, stack(0x00000084af800000,0x00000084af900000)]
  0x00000267d7e7e8e0 JavaThread "Unconstrained build operations Thread 63" [_thread_blocked, id=1984, stack(0x00000084af900000,0x00000084afa00000)]
  0x00000267d7e7d9b0 JavaThread "Unconstrained build operations Thread 64" [_thread_blocked, id=16052, stack(0x00000084afa00000,0x00000084afb00000)]
  0x00000267d7e7e3d0 JavaThread "Unconstrained build operations Thread 65" [_thread_blocked, id=1432, stack(0x00000084afb00000,0x00000084afc00000)]
  0x00000267d7e7dec0 JavaThread "Unconstrained build operations Thread 66" [_thread_blocked, id=19268, stack(0x00000084afc00000,0x00000084afd00000)]
  0x00000267d7e80230 JavaThread "Unconstrained build operations Thread 67" [_thread_blocked, id=17764, stack(0x00000084afd00000,0x00000084afe00000)]
  0x00000267d7e7f300 JavaThread "Unconstrained build operations Thread 68" [_thread_blocked, id=11312, stack(0x00000084afe00000,0x00000084aff00000)]
  0x00000267d7e7edf0 JavaThread "Unconstrained build operations Thread 69" [_thread_blocked, id=12920, stack(0x00000084aff00000,0x00000084b0000000)]
  0x00000267d7e7fd20 JavaThread "Unconstrained build operations Thread 70" [_thread_blocked, id=16364, stack(0x00000084b0000000,0x00000084b0100000)]
  0x00000267d7e80740 JavaThread "Unconstrained build operations Thread 71" [_thread_blocked, id=12208, stack(0x00000084b0100000,0x00000084b0200000)]
  0x00000267d7e80c50 JavaThread "Unconstrained build operations Thread 72" [_thread_blocked, id=9184, stack(0x00000084b0200000,0x00000084b0300000)]
  0x00000267d7e81160 JavaThread "Unconstrained build operations Thread 73" [_thread_blocked, id=11788, stack(0x00000084b0300000,0x00000084b0400000)]
  0x00000267df0518c0 JavaThread "Unconstrained build operations Thread 74" [_thread_blocked, id=17728, stack(0x00000084b0400000,0x00000084b0500000)]
  0x00000267df0513b0 JavaThread "Unconstrained build operations Thread 75" [_thread_blocked, id=7296, stack(0x00000084b0500000,0x00000084b0600000)]
  0x00000267df051dd0 JavaThread "Unconstrained build operations Thread 76" [_thread_blocked, id=5604, stack(0x00000084b0600000,0x00000084b0700000)]
  0x00000267df053210 JavaThread "Unconstrained build operations Thread 77" [_thread_blocked, id=17100, stack(0x00000084aea00000,0x00000084aeb00000)]
  0x00000267df050990 JavaThread "Unconstrained build operations Thread 78" [_thread_blocked, id=13480, stack(0x00000084b0700000,0x00000084b0800000)]
  0x00000267df053720 JavaThread "Unconstrained build operations Thread 79" [_thread_blocked, id=10800, stack(0x00000084b0800000,0x00000084b0900000)]
  0x00000267df0522e0 JavaThread "Unconstrained build operations Thread 80" [_thread_blocked, id=8664, stack(0x00000084b0900000,0x00000084b0a00000)]
  0x00000267df050ea0 JavaThread "Unconstrained build operations Thread 81" [_thread_blocked, id=19296, stack(0x00000084b0a00000,0x00000084b0b00000)]
  0x00000267df04ff70 JavaThread "Unconstrained build operations Thread 82" [_thread_blocked, id=14132, stack(0x00000084b0b00000,0x00000084b0c00000)]
  0x00000267df053c30 JavaThread "Unconstrained build operations Thread 83" [_thread_blocked, id=7748, stack(0x00000084b0c00000,0x00000084b0d00000)]
  0x00000267df054650 JavaThread "Unconstrained build operations Thread 84" [_thread_blocked, id=13880, stack(0x00000084b0d00000,0x00000084b0e00000)]
  0x00000267df0527f0 JavaThread "Unconstrained build operations Thread 85" [_thread_blocked, id=2300, stack(0x00000084b0e00000,0x00000084b0f00000)]
  0x00000267df052d00 JavaThread "Unconstrained build operations Thread 86" [_thread_blocked, id=4588, stack(0x00000084b0f00000,0x00000084b1000000)]
  0x00000267df050480 JavaThread "Unconstrained build operations Thread 87" [_thread_blocked, id=14980, stack(0x00000084b1000000,0x00000084b1100000)]
  0x00000267df054140 JavaThread "Unconstrained build operations Thread 88" [_thread_blocked, id=14656, stack(0x00000084b1200000,0x00000084b1300000)]
  0x00000267df0564b0 JavaThread "Unconstrained build operations Thread 89" [_thread_blocked, id=19152, stack(0x00000084b1300000,0x00000084b1400000)]
  0x00000267df055580 JavaThread "Unconstrained build operations Thread 90" [_thread_blocked, id=5832, stack(0x00000084b1400000,0x00000084b1500000)]
  0x00000267df055a90 JavaThread "Unconstrained build operations Thread 91" [_thread_blocked, id=2492, stack(0x00000084b1500000,0x00000084b1600000)]
  0x00000267df055fa0 JavaThread "Unconstrained build operations Thread 92" [_thread_blocked, id=13604, stack(0x00000084b1600000,0x00000084b1700000)]
  0x00000267df0569c0 JavaThread "Unconstrained build operations Thread 93" [_thread_blocked, id=3540, stack(0x00000084b1700000,0x00000084b1800000)]
  0x00000267df0578f0 JavaThread "Unconstrained build operations Thread 94" [_thread_blocked, id=18820, stack(0x00000084b1800000,0x00000084b1900000)]
  0x00000267dd6d0630 JavaThread "Unconstrained build operations Thread 95" [_thread_blocked, id=14192, stack(0x00000084b1900000,0x00000084b1a00000)]
  0x00000267dd6cfc10 JavaThread "Unconstrained build operations Thread 96" [_thread_blocked, id=15540, stack(0x00000084b1a00000,0x00000084b1b00000)]
  0x00000267dd6d0120 JavaThread "Unconstrained build operations Thread 97" [_thread_blocked, id=2604, stack(0x00000084b1b00000,0x00000084b1c00000)]
  0x00000267dd6d1a70 JavaThread "Unconstrained build operations Thread 98" [_thread_blocked, id=11556, stack(0x00000084b1c00000,0x00000084b1d00000)]
  0x00000267d2e699b0 JavaThread "C2 CompilerThread1" daemon [_thread_in_native, id=18780, stack(0x00000084ab600000,0x00000084ab700000)]
=>0x00000267d2e6a9a0 JavaThread "C2 CompilerThread2" daemon [_thread_in_native, id=620, stack(0x00000084b2000000,0x00000084b2100000)]
  0x00000267dd6cf700 JavaThread "Unconstrained build operations Thread 99" [_thread_blocked, id=10064, stack(0x00000084b2100000,0x00000084b2200000)]
  0x00000267dd6d5220 JavaThread "Unconstrained build operations Thread 100" [_thread_blocked, id=18076, stack(0x00000084b2200000,0x00000084b2300000)]
  0x00000267dd6d38d0 JavaThread "Unconstrained build operations Thread 101" [_thread_blocked, id=4752, stack(0x00000084b2300000,0x00000084b2400000)]
  0x00000267dd6d33c0 JavaThread "Unconstrained build operations Thread 102" [_thread_blocked, id=16628, stack(0x00000084b2400000,0x00000084b2500000)]
  0x00000267dd6d2490 JavaThread "Unconstrained build operations Thread 103" [_thread_blocked, id=10136, stack(0x00000084b2500000,0x00000084b2600000)]
  0x00000267dd6d42f0 JavaThread "Unconstrained build operations Thread 104" [_thread_blocked, id=16908, stack(0x00000084b2600000,0x00000084b2700000)]
  0x00000267dd6d4d10 JavaThread "Unconstrained build operations Thread 105" [_thread_blocked, id=11132, stack(0x00000084b2700000,0x00000084b2800000)]
  0x00000267dd6d5730 JavaThread "Unconstrained build operations Thread 106" [_thread_blocked, id=3144, stack(0x00000084b2800000,0x00000084b2900000)]
  0x00000267dd6d3de0 JavaThread "Unconstrained build operations Thread 107" [_thread_blocked, id=9068, stack(0x00000084b2900000,0x00000084b2a00000)]
  0x00000267dd6d4800 JavaThread "Unconstrained build operations Thread 108" [_thread_blocked, id=4880, stack(0x00000084b2a00000,0x00000084b2b00000)]
  0x00000267dd6d5c40 JavaThread "Unconstrained build operations Thread 109" [_thread_blocked, id=10076, stack(0x00000084b2b00000,0x00000084b2c00000)]
  0x00000267dd6d6150 JavaThread "Unconstrained build operations Thread 110" [_thread_blocked, id=16880, stack(0x00000084b2c00000,0x00000084b2d00000)]
  0x00000267dd6d29a0 JavaThread "Unconstrained build operations Thread 111" [_thread_blocked, id=13140, stack(0x00000084b2d00000,0x00000084b2e00000)]
  0x00000267dd6d6660 JavaThread "Unconstrained build operations Thread 112" [_thread_blocked, id=15192, stack(0x00000084b2e00000,0x00000084b2f00000)]
  0x00000267dd6d6b70 JavaThread "Unconstrained build operations Thread 113" [_thread_blocked, id=7900, stack(0x00000084b2f00000,0x00000084b3000000)]
  0x00000267dd6d7080 JavaThread "Unconstrained build operations Thread 114" [_thread_blocked, id=4712, stack(0x00000084b3000000,0x00000084b3100000)]
  0x00000267df6103d0 JavaThread "Unconstrained build operations Thread 115" [_thread_blocked, id=5288, stack(0x00000084b3100000,0x00000084b3200000)]
  0x00000267df6108e0 JavaThread "Unconstrained build operations Thread 116" [_thread_blocked, id=19304, stack(0x00000084b3200000,0x00000084b3300000)]
  0x00000267df60db50 JavaThread "Unconstrained build operations Thread 117" [_thread_blocked, id=4912, stack(0x00000084b3300000,0x00000084b3400000)]
  0x00000267df60f9b0 JavaThread "Unconstrained build operations Thread 118" [_thread_blocked, id=5200, stack(0x00000084b3400000,0x00000084b3500000)]
  0x00000267df60e570 JavaThread "Unconstrained build operations Thread 119" [_thread_blocked, id=18696, stack(0x00000084b3500000,0x00000084b3600000)]
  0x00000267df610df0 JavaThread "Unconstrained build operations Thread 120" [_thread_blocked, id=9940, stack(0x00000084b3600000,0x00000084b3700000)]
  0x00000267df60e060 JavaThread "Cache worker for execution history cache (C:\Users\rahul\Desktop\photon\NanoOmniStoreApp-Retailers\android\.gradle\8.6\executionHistory)" [_thread_blocked, id=8852, stack(0x00000084b3700000,0x00000084b3800000)]
  0x00000267df611300 JavaThread "WorkerExecutor Queue" [_thread_blocked, id=6308, stack(0x00000084b3800000,0x00000084b3900000)]
  0x00000267df611810 JavaThread "WorkerExecutor Queue Thread 2" [_thread_blocked, id=7268, stack(0x00000084b3900000,0x00000084b3a00000)]
  0x00000267df60fec0 JavaThread "WorkerExecutor Queue Thread 3" [_thread_blocked, id=18456, stack(0x00000084b3a00000,0x00000084b3b00000)]
  0x00000267df60ef90 JavaThread "WorkerExecutor Queue Thread 4" [_thread_blocked, id=15744, stack(0x00000084b3b00000,0x00000084b3c00000)]
  0x00000267df611d20 JavaThread "WorkerExecutor Queue Thread 5" [_thread_blocked, id=9688, stack(0x00000084b3c00000,0x00000084b3d00000)]
  0x00000267df612230 JavaThread "WorkerExecutor Queue Thread 6" [_thread_blocked, id=5728, stack(0x00000084b3d00000,0x00000084b3e00000)]
  0x00000267df60ea80 JavaThread "WorkerExecutor Queue Thread 7" [_thread_blocked, id=17892, stack(0x00000084b3e00000,0x00000084b3f00000)]
  0x00000267df612740 JavaThread "WorkerExecutor Queue Thread 8" [_thread_blocked, id=14360, stack(0x00000084b3f00000,0x00000084b4000000)]
  0x00000267df612c50 JavaThread "WorkerExecutor Queue Thread 9" [_thread_blocked, id=13420, stack(0x00000084b4000000,0x00000084b4100000)]
  0x00000267df60f4a0 JavaThread "WorkerExecutor Queue Thread 10" [_thread_blocked, id=8552, stack(0x00000084b4100000,0x00000084b4200000)]
  0x00000267df613670 JavaThread "WorkerExecutor Queue Thread 11" [_thread_blocked, id=18240, stack(0x00000084b4200000,0x00000084b4300000)]
  0x00000267df6145a0 JavaThread "WorkerExecutor Queue Thread 12" [_thread_blocked, id=10832, stack(0x00000084b4300000,0x00000084b4400000)]

Other Threads:
  0x00000267b2802890 VMThread "VM Thread" [stack: 0x00000084a5f00000,0x00000084a6000000] [id=14412]
  0x00000267d21bc2a0 WatcherThread [stack: 0x00000084a6b00000,0x00000084a6c00000] [id=2260]
  0x0000026793b9e7e0 GCTaskThread "GC Thread#0" [stack: 0x00000084a5a00000,0x00000084a5b00000] [id=3904]
  0x00000267d25bcd40 GCTaskThread "GC Thread#1" [stack: 0x00000084a6c00000,0x00000084a6d00000] [id=6224]
  0x00000267d237e6e0 GCTaskThread "GC Thread#2" [stack: 0x00000084a6d00000,0x00000084a6e00000] [id=11948]
  0x00000267d2c59120 GCTaskThread "GC Thread#3" [stack: 0x00000084a6e00000,0x00000084a6f00000] [id=7944]
  0x00000267d3050c00 GCTaskThread "GC Thread#4" [stack: 0x00000084a6f00000,0x00000084a7000000] [id=2264]
  0x00000267d4888c00 GCTaskThread "GC Thread#5" [stack: 0x00000084a7d00000,0x00000084a7e00000] [id=6720]
  0x00000267d2e47680 GCTaskThread "GC Thread#6" [stack: 0x00000084a7e00000,0x00000084a7f00000] [id=11964]
  0x00000267d3fa24c0 GCTaskThread "GC Thread#7" [stack: 0x00000084a7f00000,0x00000084a8000000] [id=17448]
  0x00000267d3fa2780 GCTaskThread "GC Thread#8" [stack: 0x00000084a8000000,0x00000084a8100000] [id=15028]
  0x00000267d3fa2a40 GCTaskThread "GC Thread#9" [stack: 0x00000084a8100000,0x00000084a8200000] [id=13024]
  0x0000026793bb0310 ConcurrentGCThread "G1 Main Marker" [stack: 0x00000084a5b00000,0x00000084a5c00000] [id=7724]
  0x0000026793bb13d0 ConcurrentGCThread "G1 Conc#0" [stack: 0x00000084a5c00000,0x00000084a5d00000] [id=9300]
  0x00000267d424d1e0 ConcurrentGCThread "G1 Conc#1" [stack: 0x00000084a8500000,0x00000084a8600000] [id=15224]
  0x00000267d424c420 ConcurrentGCThread "G1 Conc#2" [stack: 0x00000084a8600000,0x00000084a8700000] [id=4704]
  0x0000026793bee120 ConcurrentGCThread "G1 Refine#0" [stack: 0x00000084a5d00000,0x00000084a5e00000] [id=18600]
  0x00000267d5d28760 ConcurrentGCThread "G1 Refine#1" [stack: 0x00000084b1100000,0x00000084b1200000] [id=284]
  0x00000267d5d27ba0 ConcurrentGCThread "G1 Refine#2" [stack: 0x00000084b1d00000,0x00000084b1e00000] [id=7388]
  0x00000267d5d27e90 ConcurrentGCThread "G1 Refine#3" [stack: 0x00000084b1e00000,0x00000084b1f00000] [id=18916]
  0x00000267d5d28470 ConcurrentGCThread "G1 Refine#4" [stack: 0x00000084b1f00000,0x00000084b2000000] [id=14328]
  0x0000026793bee900 ConcurrentGCThread "G1 Service" [stack: 0x00000084a5e00000,0x00000084a5f00000] [id=6960]

Threads with active compile tasks:
C2 CompilerThread0    50406 17729   !   4       java.util.concurrent.ArrayBlockingQueue::poll (83 bytes)
C2 CompilerThread1    50406 17732       4       java.util.concurrent.ArrayBlockingQueue::enqueue (53 bytes)
C2 CompilerThread2    50406 17695   !   4       org.gradle.cache.internal.DefaultMultiProcessSafeIndexedCache::getIfPresent (25 bytes)

VM state: not at safepoint (normal execution)

VM Mutex/Monitor currently owned by a thread: None

Heap address: 0x0000000080000000, size: 2048 MB, Compressed Oops mode: 32-bit

CDS archive(s) mapped at: [0x00000267b3000000-0x00000267b3bd0000-0x00000267b3bd0000), size 12386304, SharedBaseAddress: 0x00000267b3000000, ArchiveRelocationMode: 1.
Compressed class space mapped at: 0x00000267b4000000-0x00000267ce000000, reserved size: 436207616
Narrow klass base: 0x00000267b3000000, Narrow klass shift: 0, Narrow klass range: 0x100000000

GC Precious Log:
 CPUs: 12 total, 12 available
 Memory: 7863M
 Large Page Support: Disabled
 NUMA Support: Disabled
 Compressed Oops: Enabled (32-bit)
 Heap Region Size: 1M
 Heap Min Capacity: 8M
 Heap Initial Capacity: 124M
 Heap Max Capacity: 2G
 Pre-touch: Disabled
 Parallel Workers: 10
 Concurrent Workers: 3
 Concurrent Refinement Workers: 10
 Periodic GC: Disabled

Heap:
 garbage-first heap   total 550912K, used 389342K [0x0000000080000000, 0x0000000100000000)
  region size 1024K, 164 young (167936K), 18 survivors (18432K)
 Metaspace       used 111835K, committed 113536K, reserved 557056K
  class space    used 15553K, committed 16320K, reserved 425984K

Heap Regions: E=young(eden), S=young(survivor), O=old, HS=humongous(starts), HC=humongous(continues), CS=collection set, F=free, OA=open archive, CA=closed archive, TAMS=top-at-mark-start (previous, next)
|   0|0x0000000080000000, 0x0000000080100000, 0x0000000080100000|100%|HS|  |TAMS 0x0000000080100000, 0x0000000080000000| Complete 
|   1|0x0000000080100000, 0x0000000080200000, 0x0000000080200000|100%|HC|  |TAMS 0x0000000080200000, 0x0000000080100000| Complete 
|   2|0x0000000080200000, 0x0000000080300000, 0x0000000080300000|100%|HC|  |TAMS 0x0000000080300000, 0x0000000080200000| Complete 
|   3|0x0000000080300000, 0x0000000080400000, 0x0000000080400000|100%|HC|  |TAMS 0x0000000080400000, 0x0000000080300000| Complete 
|   4|0x0000000080400000, 0x0000000080500000, 0x0000000080500000|100%| O|  |TAMS 0x0000000080500000, 0x0000000080400000| Untracked 
|   5|0x0000000080500000, 0x0000000080600000, 0x0000000080600000|100%| O|  |TAMS 0x0000000080600000, 0x0000000080500000| Untracked 
|   6|0x0000000080600000, 0x0000000080700000, 0x0000000080700000|100%| O|  |TAMS 0x0000000080700000, 0x0000000080600000| Untracked 
|   7|0x0000000080700000, 0x0000000080800000, 0x0000000080800000|100%| O|  |TAMS 0x0000000080800000, 0x0000000080700000| Untracked 
|   8|0x0000000080800000, 0x0000000080900000, 0x0000000080900000|100%| O|  |TAMS 0x0000000080900000, 0x0000000080800000| Untracked 
|   9|0x0000000080900000, 0x0000000080a00000, 0x0000000080a00000|100%| O|  |TAMS 0x0000000080a00000, 0x0000000080900000| Untracked 
|  10|0x0000000080a00000, 0x0000000080b00000, 0x0000000080b00000|100%| O|  |TAMS 0x0000000080b00000, 0x0000000080a00000| Untracked 
|  11|0x0000000080b00000, 0x0000000080c00000, 0x0000000080c00000|100%| O|  |TAMS 0x0000000080c00000, 0x0000000080b00000| Untracked 
|  12|0x0000000080c00000, 0x0000000080d00000, 0x0000000080d00000|100%| O|  |TAMS 0x0000000080d00000, 0x0000000080c00000| Untracked 
|  13|0x0000000080d00000, 0x0000000080e00000, 0x0000000080e00000|100%| O|  |TAMS 0x0000000080e00000, 0x0000000080d00000| Untracked 
|  14|0x0000000080e00000, 0x0000000080f00000, 0x0000000080f00000|100%| O|  |TAMS 0x0000000080f00000, 0x0000000080e00000| Untracked 
|  15|0x0000000080f00000, 0x0000000081000000, 0x0000000081000000|100%| O|  |TAMS 0x0000000081000000, 0x0000000080f00000| Untracked 
|  16|0x0000000081000000, 0x0000000081100000, 0x0000000081100000|100%| O|  |TAMS 0x0000000081100000, 0x0000000081000000| Untracked 
|  17|0x0000000081100000, 0x0000000081200000, 0x0000000081200000|100%| O|  |TAMS 0x0000000081200000, 0x0000000081100000| Untracked 
|  18|0x0000000081200000, 0x0000000081300000, 0x0000000081300000|100%| O|  |TAMS 0x0000000081300000, 0x0000000081200000| Untracked 
|  19|0x0000000081300000, 0x0000000081400000, 0x0000000081400000|100%| O|  |TAMS 0x0000000081400000, 0x0000000081300000| Untracked 
|  20|0x0000000081400000, 0x0000000081500000, 0x0000000081500000|100%| O|  |TAMS 0x0000000081500000, 0x0000000081400000| Untracked 
|  21|0x0000000081500000, 0x0000000081600000, 0x0000000081600000|100%| O|  |TAMS 0x0000000081600000, 0x0000000081500000| Untracked 
|  22|0x0000000081600000, 0x0000000081700000, 0x0000000081700000|100%| O|  |TAMS 0x0000000081700000, 0x0000000081600000| Untracked 
|  23|0x0000000081700000, 0x0000000081800000, 0x0000000081800000|100%| O|  |TAMS 0x0000000081800000, 0x0000000081700000| Untracked 
|  24|0x0000000081800000, 0x0000000081900000, 0x0000000081900000|100%| O|  |TAMS 0x0000000081900000, 0x0000000081800000| Untracked 
|  25|0x0000000081900000, 0x0000000081a00000, 0x0000000081a00000|100%| O|  |TAMS 0x0000000081a00000, 0x0000000081900000| Untracked 
|  26|0x0000000081a00000, 0x0000000081b00000, 0x0000000081b00000|100%| O|  |TAMS 0x0000000081b00000, 0x0000000081a00000| Untracked 
|  27|0x0000000081b00000, 0x0000000081c00000, 0x0000000081c00000|100%| O|  |TAMS 0x0000000081c00000, 0x0000000081b00000| Untracked 
|  28|0x0000000081c00000, 0x0000000081d00000, 0x0000000081d00000|100%| O|  |TAMS 0x0000000081d00000, 0x0000000081c00000| Untracked 
|  29|0x0000000081d00000, 0x0000000081e00000, 0x0000000081e00000|100%| O|  |TAMS 0x0000000081e00000, 0x0000000081d00000| Untracked 
|  30|0x0000000081e00000, 0x0000000081f00000, 0x0000000081f00000|100%| O|  |TAMS 0x0000000081f00000, 0x0000000081e00000| Untracked 
|  31|0x0000000081f00000, 0x0000000082000000, 0x0000000082000000|100%| O|  |TAMS 0x0000000082000000, 0x0000000081f00000| Untracked 
|  32|0x0000000082000000, 0x0000000082100000, 0x0000000082100000|100%| O|  |TAMS 0x0000000082100000, 0x0000000082000000| Untracked 
|  33|0x0000000082100000, 0x0000000082200000, 0x0000000082200000|100%| O|  |TAMS 0x0000000082200000, 0x0000000082100000| Untracked 
|  34|0x0000000082200000, 0x0000000082300000, 0x0000000082300000|100%|HS|  |TAMS 0x0000000082300000, 0x0000000082200000| Complete 
|  35|0x0000000082300000, 0x0000000082400000, 0x0000000082400000|100%|HC|  |TAMS 0x0000000082400000, 0x0000000082300000| Complete 
|  36|0x0000000082400000, 0x0000000082500000, 0x0000000082500000|100%| O|  |TAMS 0x0000000082500000, 0x0000000082400000| Untracked 
|  37|0x0000000082500000, 0x0000000082600000, 0x0000000082600000|100%| O|  |TAMS 0x0000000082600000, 0x0000000082500000| Untracked 
|  38|0x0000000082600000, 0x0000000082700000, 0x0000000082700000|100%| O|  |TAMS 0x0000000082700000, 0x0000000082600000| Untracked 
|  39|0x0000000082700000, 0x0000000082800000, 0x0000000082800000|100%| O|  |TAMS 0x0000000082800000, 0x0000000082700000| Untracked 
|  40|0x0000000082800000, 0x0000000082900000, 0x0000000082900000|100%|HS|  |TAMS 0x0000000082900000, 0x0000000082800000| Complete 
|  41|0x0000000082900000, 0x0000000082a00000, 0x0000000082a00000|100%|HC|  |TAMS 0x0000000082a00000, 0x0000000082900000| Complete 
|  42|0x0000000082a00000, 0x0000000082b00000, 0x0000000082b00000|100%|HS|  |TAMS 0x0000000082b00000, 0x0000000082a00000| Complete 
|  43|0x0000000082b00000, 0x0000000082c00000, 0x0000000082c00000|100%|HC|  |TAMS 0x0000000082c00000, 0x0000000082b00000| Complete 
|  44|0x0000000082c00000, 0x0000000082d00000, 0x0000000082d00000|100%|HC|  |TAMS 0x0000000082d00000, 0x0000000082c00000| Complete 
|  45|0x0000000082d00000, 0x0000000082e00000, 0x0000000082e00000|100%|HC|  |TAMS 0x0000000082e00000, 0x0000000082d00000| Complete 
|  46|0x0000000082e00000, 0x0000000082f00000, 0x0000000082f00000|100%|HS|  |TAMS 0x0000000082f00000, 0x0000000082e00000| Complete 
|  47|0x0000000082f00000, 0x0000000083000000, 0x0000000083000000|100%|HC|  |TAMS 0x0000000083000000, 0x0000000082f00000| Complete 
|  48|0x0000000083000000, 0x0000000083100000, 0x0000000083100000|100%|HC|  |TAMS 0x0000000083100000, 0x0000000083000000| Complete 
|  49|0x0000000083100000, 0x0000000083200000, 0x0000000083200000|100%|HC|  |TAMS 0x0000000083200000, 0x0000000083100000| Complete 
|  50|0x0000000083200000, 0x0000000083300000, 0x0000000083300000|100%| O|  |TAMS 0x0000000083300000, 0x0000000083200000| Untracked 
|  51|0x0000000083300000, 0x0000000083400000, 0x0000000083400000|100%| O|  |TAMS 0x0000000083400000, 0x0000000083300000| Untracked 
|  52|0x0000000083400000, 0x0000000083500000, 0x0000000083500000|100%| O|  |TAMS 0x0000000083500000, 0x0000000083400000| Untracked 
|  53|0x0000000083500000, 0x0000000083600000, 0x0000000083600000|100%| O|  |TAMS 0x0000000083600000, 0x0000000083500000| Untracked 
|  54|0x0000000083600000, 0x0000000083700000, 0x0000000083700000|100%| O|  |TAMS 0x0000000083700000, 0x0000000083600000| Untracked 
|  55|0x0000000083700000, 0x0000000083800000, 0x0000000083800000|100%| O|  |TAMS 0x0000000083800000, 0x0000000083700000| Untracked 
|  56|0x0000000083800000, 0x0000000083900000, 0x0000000083900000|100%| O|  |TAMS 0x0000000083900000, 0x0000000083800000| Untracked 
|  57|0x0000000083900000, 0x0000000083a00000, 0x0000000083a00000|100%| O|  |TAMS 0x0000000083900000, 0x0000000083900000| Untracked 
|  58|0x0000000083a00000, 0x0000000083b00000, 0x0000000083b00000|100%| O|  |TAMS 0x0000000083b00000, 0x0000000083a00000| Untracked 
|  59|0x0000000083b00000, 0x0000000083c00000, 0x0000000083c00000|100%| O|  |TAMS 0x0000000083c00000, 0x0000000083b00000| Untracked 
|  60|0x0000000083c00000, 0x0000000083d00000, 0x0000000083d00000|100%| O|  |TAMS 0x0000000083d00000, 0x0000000083c00000| Untracked 
|  61|0x0000000083d00000, 0x0000000083e00000, 0x0000000083e00000|100%|HS|  |TAMS 0x0000000083e00000, 0x0000000083d00000| Complete 
|  62|0x0000000083e00000, 0x0000000083f00000, 0x0000000083f00000|100%|HS|  |TAMS 0x0000000083f00000, 0x0000000083e00000| Complete 
|  63|0x0000000083f00000, 0x0000000084000000, 0x0000000084000000|100%|HS|  |TAMS 0x0000000084000000, 0x0000000083f00000| Complete 
|  64|0x0000000084000000, 0x0000000084100000, 0x0000000084100000|100%| O|  |TAMS 0x0000000084100000, 0x0000000084000000| Untracked 
|  65|0x0000000084100000, 0x0000000084200000, 0x0000000084200000|100%| O|  |TAMS 0x0000000084200000, 0x0000000084100000| Untracked 
|  66|0x0000000084200000, 0x0000000084300000, 0x0000000084300000|100%| O|  |TAMS 0x0000000084300000, 0x0000000084200000| Untracked 
|  67|0x0000000084300000, 0x0000000084400000, 0x0000000084400000|100%| O|  |TAMS 0x0000000084400000, 0x0000000084300000| Untracked 
|  68|0x0000000084400000, 0x0000000084500000, 0x0000000084500000|100%| O|  |TAMS 0x0000000084500000, 0x0000000084400000| Untracked 
|  69|0x0000000084500000, 0x0000000084600000, 0x0000000084600000|100%| O|  |TAMS 0x0000000084600000, 0x0000000084500000| Untracked 
|  70|0x0000000084600000, 0x0000000084700000, 0x0000000084700000|100%| O|  |TAMS 0x0000000084700000, 0x0000000084600000| Untracked 
|  71|0x0000000084700000, 0x0000000084800000, 0x0000000084800000|100%| O|  |TAMS 0x0000000084800000, 0x0000000084700000| Untracked 
|  72|0x0000000084800000, 0x0000000084900000, 0x0000000084900000|100%|HS|  |TAMS 0x0000000084900000, 0x0000000084800000| Complete 
|  73|0x0000000084900000, 0x0000000084a00000, 0x0000000084a00000|100%|HS|  |TAMS 0x0000000084a00000, 0x0000000084900000| Complete 
|  74|0x0000000084a00000, 0x0000000084b00000, 0x0000000084b00000|100%| O|  |TAMS 0x0000000084b00000, 0x0000000084a00000| Untracked 
|  75|0x0000000084b00000, 0x0000000084c00000, 0x0000000084c00000|100%| O|  |TAMS 0x0000000084c00000, 0x0000000084b00000| Untracked 
|  76|0x0000000084c00000, 0x0000000084d00000, 0x0000000084d00000|100%| O|  |TAMS 0x0000000084d00000, 0x0000000084c00000| Untracked 
|  77|0x0000000084d00000, 0x0000000084e00000, 0x0000000084e00000|100%| O|  |TAMS 0x0000000084e00000, 0x0000000084d00000| Untracked 
|  78|0x0000000084e00000, 0x0000000084f00000, 0x0000000084f00000|100%| O|  |TAMS 0x0000000084f00000, 0x0000000084e00000| Untracked 
|  79|0x0000000084f00000, 0x0000000085000000, 0x0000000085000000|100%| O|  |TAMS 0x0000000085000000, 0x0000000084f00000| Untracked 
|  80|0x0000000085000000, 0x0000000085100000, 0x0000000085100000|100%| O|  |TAMS 0x0000000085100000, 0x0000000085000000| Untracked 
|  81|0x0000000085100000, 0x0000000085200000, 0x0000000085200000|100%| O|  |TAMS 0x0000000085100000, 0x0000000085100000| Untracked 
|  82|0x0000000085200000, 0x0000000085300000, 0x0000000085300000|100%| O|  |TAMS 0x0000000085300000, 0x0000000085200000| Untracked 
|  83|0x0000000085300000, 0x0000000085400000, 0x0000000085400000|100%| O|  |TAMS 0x0000000085400000, 0x0000000085300000| Untracked 
|  84|0x0000000085400000, 0x0000000085500000, 0x0000000085500000|100%| O|  |TAMS 0x0000000085500000, 0x0000000085400000| Untracked 
|  85|0x0000000085500000, 0x0000000085600000, 0x0000000085600000|100%| O|  |TAMS 0x0000000085600000, 0x0000000085500000| Untracked 
|  86|0x0000000085600000, 0x0000000085700000, 0x0000000085700000|100%| O|  |TAMS 0x0000000085700000, 0x0000000085600000| Untracked 
|  87|0x0000000085700000, 0x0000000085800000, 0x0000000085800000|100%| O|  |TAMS 0x0000000085800000, 0x0000000085700000| Untracked 
|  88|0x0000000085800000, 0x0000000085900000, 0x0000000085900000|100%| O|  |TAMS 0x0000000085900000, 0x0000000085800000| Untracked 
|  89|0x0000000085900000, 0x0000000085a00000, 0x0000000085a00000|100%| O|  |TAMS 0x0000000085a00000, 0x0000000085900000| Untracked 
|  90|0x0000000085a00000, 0x0000000085b00000, 0x0000000085b00000|100%| O|  |TAMS 0x0000000085b00000, 0x0000000085a00000| Untracked 
|  91|0x0000000085b00000, 0x0000000085c00000, 0x0000000085c00000|100%| O|  |TAMS 0x0000000085c00000, 0x0000000085b00000| Untracked 
|  92|0x0000000085c00000, 0x0000000085d00000, 0x0000000085d00000|100%| O|  |TAMS 0x0000000085d00000, 0x0000000085c00000| Untracked 
|  93|0x0000000085d00000, 0x0000000085e00000, 0x0000000085e00000|100%| O|  |TAMS 0x0000000085e00000, 0x0000000085d00000| Untracked 
|  94|0x0000000085e00000, 0x0000000085f00000, 0x0000000085f00000|100%| O|  |TAMS 0x0000000085f00000, 0x0000000085e00000| Untracked 
|  95|0x0000000085f00000, 0x0000000086000000, 0x0000000086000000|100%| O|  |TAMS 0x0000000086000000, 0x0000000085f00000| Untracked 
|  96|0x0000000086000000, 0x0000000086100000, 0x0000000086100000|100%| O|  |TAMS 0x0000000086100000, 0x0000000086000000| Untracked 
|  97|0x0000000086100000, 0x0000000086200000, 0x0000000086200000|100%| O|  |TAMS 0x0000000086200000, 0x0000000086100000| Untracked 
|  98|0x0000000086200000, 0x0000000086300000, 0x0000000086300000|100%| O|  |TAMS 0x0000000086300000, 0x0000000086200000| Untracked 
|  99|0x0000000086300000, 0x0000000086400000, 0x0000000086400000|100%| O|  |TAMS 0x0000000086400000, 0x0000000086300000| Untracked 
| 100|0x0000000086400000, 0x0000000086500000, 0x0000000086500000|100%| O|  |TAMS 0x0000000086500000, 0x0000000086400000| Untracked 
| 101|0x0000000086500000, 0x0000000086600000, 0x0000000086600000|100%| O|  |TAMS 0x0000000086600000, 0x0000000086500000| Untracked 
| 102|0x0000000086600000, 0x0000000086700000, 0x0000000086700000|100%| O|  |TAMS 0x0000000086700000, 0x0000000086600000| Untracked 
| 103|0x0000000086700000, 0x0000000086800000, 0x0000000086800000|100%| O|  |TAMS 0x0000000086800000, 0x0000000086700000| Untracked 
| 104|0x0000000086800000, 0x0000000086900000, 0x0000000086900000|100%| O|  |TAMS 0x0000000086900000, 0x0000000086800000| Untracked 
| 105|0x0000000086900000, 0x0000000086a00000, 0x0000000086a00000|100%| O|  |TAMS 0x0000000086a00000, 0x0000000086900000| Untracked 
| 106|0x0000000086a00000, 0x0000000086b00000, 0x0000000086b00000|100%| O|  |TAMS 0x0000000086b00000, 0x0000000086a00000| Untracked 
| 107|0x0000000086b00000, 0x0000000086c00000, 0x0000000086c00000|100%| O|  |TAMS 0x0000000086c00000, 0x0000000086b00000| Untracked 
| 108|0x0000000086c00000, 0x0000000086d00000, 0x0000000086d00000|100%| O|  |TAMS 0x0000000086cb7400, 0x0000000086c00000| Untracked 
| 109|0x0000000086d00000, 0x0000000086e00000, 0x0000000086e00000|100%| O|  |TAMS 0x0000000086d00000, 0x0000000086d00000| Untracked 
| 110|0x0000000086e00000, 0x0000000086f00000, 0x0000000086f00000|100%| O|  |TAMS 0x0000000086e00000, 0x0000000086e00000| Untracked 
| 111|0x0000000086f00000, 0x0000000087000000, 0x0000000087000000|100%| O|  |TAMS 0x0000000086f00000, 0x0000000086f00000| Untracked 
| 112|0x0000000087000000, 0x0000000087100000, 0x0000000087100000|100%| O|  |TAMS 0x0000000087000000, 0x0000000087000000| Untracked 
| 113|0x0000000087100000, 0x0000000087200000, 0x0000000087200000|100%| O|  |TAMS 0x0000000087100000, 0x0000000087100000| Untracked 
| 114|0x0000000087200000, 0x0000000087300000, 0x0000000087300000|100%| O|  |TAMS 0x0000000087200000, 0x0000000087200000| Untracked 
| 115|0x0000000087300000, 0x0000000087400000, 0x0000000087400000|100%| O|  |TAMS 0x0000000087300000, 0x0000000087300000| Untracked 
| 116|0x0000000087400000, 0x0000000087500000, 0x0000000087500000|100%| O|  |TAMS 0x0000000087400000, 0x0000000087400000| Untracked 
| 117|0x0000000087500000, 0x0000000087600000, 0x0000000087600000|100%| O|  |TAMS 0x0000000087500000, 0x0000000087500000| Untracked 
| 118|0x0000000087600000, 0x0000000087700000, 0x0000000087700000|100%| O|  |TAMS 0x0000000087600000, 0x0000000087600000| Untracked 
| 119|0x0000000087700000, 0x0000000087800000, 0x0000000087800000|100%| O|  |TAMS 0x0000000087700000, 0x0000000087700000| Untracked 
| 120|0x0000000087800000, 0x0000000087900000, 0x0000000087900000|100%| O|  |TAMS 0x0000000087800000, 0x0000000087800000| Untracked 
| 121|0x0000000087900000, 0x0000000087a00000, 0x0000000087a00000|100%| O|  |TAMS 0x0000000087900000, 0x0000000087900000| Untracked 
| 122|0x0000000087a00000, 0x0000000087b00000, 0x0000000087b00000|100%| O|  |TAMS 0x0000000087a00000, 0x0000000087a00000| Untracked 
| 123|0x0000000087b00000, 0x0000000087c00000, 0x0000000087c00000|100%| O|  |TAMS 0x0000000087b00000, 0x0000000087b00000| Untracked 
| 124|0x0000000087c00000, 0x0000000087d00000, 0x0000000087d00000|100%| O|  |TAMS 0x0000000087c00000, 0x0000000087c00000| Untracked 
| 125|0x0000000087d00000, 0x0000000087e00000, 0x0000000087e00000|100%| O|  |TAMS 0x0000000087d00000, 0x0000000087d00000| Untracked 
| 126|0x0000000087e00000, 0x0000000087f00000, 0x0000000087f00000|100%| O|  |TAMS 0x0000000087e00000, 0x0000000087e00000| Untracked 
| 127|0x0000000087f00000, 0x0000000088000000, 0x0000000088000000|100%| O|  |TAMS 0x0000000087f00000, 0x0000000087f00000| Untracked 
| 128|0x0000000088000000, 0x0000000088100000, 0x0000000088100000|100%| O|  |TAMS 0x0000000088000000, 0x0000000088000000| Untracked 
| 129|0x0000000088100000, 0x0000000088200000, 0x0000000088200000|100%| O|  |TAMS 0x0000000088100000, 0x0000000088100000| Untracked 
| 130|0x0000000088200000, 0x0000000088300000, 0x0000000088300000|100%| O|  |TAMS 0x0000000088200000, 0x0000000088200000| Untracked 
| 131|0x0000000088300000, 0x0000000088400000, 0x0000000088400000|100%| O|  |TAMS 0x0000000088300000, 0x0000000088300000| Untracked 
| 132|0x0000000088400000, 0x0000000088500000, 0x0000000088500000|100%| O|  |TAMS 0x0000000088400000, 0x0000000088400000| Untracked 
| 133|0x0000000088500000, 0x0000000088600000, 0x0000000088600000|100%|HS|  |TAMS 0x0000000088500000, 0x0000000088500000| Complete 
| 134|0x0000000088600000, 0x0000000088700000, 0x0000000088700000|100%|HS|  |TAMS 0x0000000088600000, 0x0000000088600000| Complete 
| 135|0x0000000088700000, 0x0000000088800000, 0x0000000088800000|100%| O|  |TAMS 0x0000000088700000, 0x0000000088700000| Untracked 
| 136|0x0000000088800000, 0x0000000088900000, 0x0000000088900000|100%|HS|  |TAMS 0x0000000088800000, 0x0000000088800000| Complete 
| 137|0x0000000088900000, 0x0000000088a00000, 0x0000000088a00000|100%|HS|  |TAMS 0x0000000088900000, 0x0000000088900000| Complete 
| 138|0x0000000088a00000, 0x0000000088b00000, 0x0000000088b00000|100%| O|  |TAMS 0x0000000088a00000, 0x0000000088a00000| Untracked 
| 139|0x0000000088b00000, 0x0000000088c00000, 0x0000000088c00000|100%|HS|  |TAMS 0x0000000088b00000, 0x0000000088b00000| Complete 
| 140|0x0000000088c00000, 0x0000000088d00000, 0x0000000088d00000|100%|HC|  |TAMS 0x0000000088c00000, 0x0000000088c00000| Complete 
| 141|0x0000000088d00000, 0x0000000088e00000, 0x0000000088e00000|100%|HS|  |TAMS 0x0000000088d00000, 0x0000000088d00000| Complete 
| 142|0x0000000088e00000, 0x0000000088f00000, 0x0000000088f00000|100%|HS|  |TAMS 0x0000000088e00000, 0x0000000088e00000| Complete 
| 143|0x0000000088f00000, 0x0000000089000000, 0x0000000089000000|100%|HS|  |TAMS 0x0000000088f00000, 0x0000000088f00000| Complete 
| 144|0x0000000089000000, 0x0000000089100000, 0x0000000089100000|100%| O|  |TAMS 0x0000000089000000, 0x0000000089000000| Untracked 
| 145|0x0000000089100000, 0x0000000089200000, 0x0000000089200000|100%| O|  |TAMS 0x0000000089100000, 0x0000000089100000| Untracked 
| 146|0x0000000089200000, 0x0000000089300000, 0x0000000089300000|100%| O|  |TAMS 0x0000000089200000, 0x0000000089200000| Untracked 
| 147|0x0000000089300000, 0x0000000089400000, 0x0000000089400000|100%| O|  |TAMS 0x0000000089300000, 0x0000000089300000| Untracked 
| 148|0x0000000089400000, 0x0000000089500000, 0x0000000089500000|100%| O|  |TAMS 0x0000000089400000, 0x0000000089400000| Untracked 
| 149|0x0000000089500000, 0x0000000089600000, 0x0000000089600000|100%| O|  |TAMS 0x0000000089500000, 0x0000000089500000| Untracked 
| 150|0x0000000089600000, 0x0000000089700000, 0x0000000089700000|100%| O|  |TAMS 0x0000000089600000, 0x0000000089600000| Untracked 
| 151|0x0000000089700000, 0x0000000089800000, 0x0000000089800000|100%| O|  |TAMS 0x0000000089700000, 0x0000000089700000| Untracked 
| 152|0x0000000089800000, 0x0000000089900000, 0x0000000089900000|100%| O|  |TAMS 0x0000000089800000, 0x0000000089800000| Untracked 
| 153|0x0000000089900000, 0x0000000089a00000, 0x0000000089a00000|100%| O|  |TAMS 0x0000000089900000, 0x0000000089900000| Untracked 
| 154|0x0000000089a00000, 0x0000000089b00000, 0x0000000089b00000|100%| O|  |TAMS 0x0000000089a00000, 0x0000000089a00000| Untracked 
| 155|0x0000000089b00000, 0x0000000089c00000, 0x0000000089c00000|100%| O|  |TAMS 0x0000000089b00000, 0x0000000089b00000| Untracked 
| 156|0x0000000089c00000, 0x0000000089d00000, 0x0000000089d00000|100%| O|  |TAMS 0x0000000089c00000, 0x0000000089c00000| Untracked 
| 157|0x0000000089d00000, 0x0000000089e00000, 0x0000000089e00000|100%| O|  |TAMS 0x0000000089d00000, 0x0000000089d00000| Untracked 
| 158|0x0000000089e00000, 0x0000000089f00000, 0x0000000089f00000|100%| O|  |TAMS 0x0000000089e00000, 0x0000000089e00000| Untracked 
| 159|0x0000000089f00000, 0x000000008a000000, 0x000000008a000000|100%| O|  |TAMS 0x0000000089f00000, 0x0000000089f00000| Untracked 
| 160|0x000000008a000000, 0x000000008a100000, 0x000000008a100000|100%| O|  |TAMS 0x000000008a000000, 0x000000008a000000| Untracked 
| 161|0x000000008a100000, 0x000000008a200000, 0x000000008a200000|100%| O|  |TAMS 0x000000008a100000, 0x000000008a100000| Untracked 
| 162|0x000000008a200000, 0x000000008a300000, 0x000000008a300000|100%| O|  |TAMS 0x000000008a200000, 0x000000008a200000| Untracked 
| 163|0x000000008a300000, 0x000000008a400000, 0x000000008a400000|100%| O|  |TAMS 0x000000008a300000, 0x000000008a300000| Untracked 
| 164|0x000000008a400000, 0x000000008a500000, 0x000000008a500000|100%| O|  |TAMS 0x000000008a400000, 0x000000008a400000| Untracked 
| 165|0x000000008a500000, 0x000000008a600000, 0x000000008a600000|100%| O|  |TAMS 0x000000008a500000, 0x000000008a500000| Untracked 
| 166|0x000000008a600000, 0x000000008a700000, 0x000000008a700000|100%| O|  |TAMS 0x000000008a600000, 0x000000008a600000| Untracked 
| 167|0x000000008a700000, 0x000000008a800000, 0x000000008a800000|100%| O|  |TAMS 0x000000008a700000, 0x000000008a700000| Untracked 
| 168|0x000000008a800000, 0x000000008a900000, 0x000000008a900000|100%| O|  |TAMS 0x000000008a800000, 0x000000008a800000| Untracked 
| 169|0x000000008a900000, 0x000000008aa00000, 0x000000008aa00000|100%| O|  |TAMS 0x000000008a900000, 0x000000008a900000| Untracked 
| 170|0x000000008aa00000, 0x000000008ab00000, 0x000000008ab00000|100%| O|  |TAMS 0x000000008aa00000, 0x000000008aa00000| Untracked 
| 171|0x000000008ab00000, 0x000000008ac00000, 0x000000008ac00000|100%| O|  |TAMS 0x000000008ab00000, 0x000000008ab00000| Untracked 
| 172|0x000000008ac00000, 0x000000008ad00000, 0x000000008ad00000|100%| O|  |TAMS 0x000000008ac00000, 0x000000008ac00000| Untracked 
| 173|0x000000008ad00000, 0x000000008ae00000, 0x000000008ae00000|100%| O|  |TAMS 0x000000008ad00000, 0x000000008ad00000| Untracked 
| 174|0x000000008ae00000, 0x000000008af00000, 0x000000008af00000|100%| O|  |TAMS 0x000000008ae00000, 0x000000008ae00000| Untracked 
| 175|0x000000008af00000, 0x000000008b000000, 0x000000008b000000|100%| O|  |TAMS 0x000000008af00000, 0x000000008af00000| Untracked 
| 176|0x000000008b000000, 0x000000008b100000, 0x000000008b100000|100%| O|  |TAMS 0x000000008b000000, 0x000000008b000000| Untracked 
| 177|0x000000008b100000, 0x000000008b200000, 0x000000008b200000|100%| O|  |TAMS 0x000000008b100000, 0x000000008b100000| Untracked 
| 178|0x000000008b200000, 0x000000008b300000, 0x000000008b300000|100%| O|  |TAMS 0x000000008b200000, 0x000000008b200000| Untracked 
| 179|0x000000008b300000, 0x000000008b400000, 0x000000008b400000|100%| O|  |TAMS 0x000000008b300000, 0x000000008b300000| Untracked 
| 180|0x000000008b400000, 0x000000008b500000, 0x000000008b500000|100%| O|  |TAMS 0x000000008b400000, 0x000000008b400000| Untracked 
| 181|0x000000008b500000, 0x000000008b600000, 0x000000008b600000|100%| O|  |TAMS 0x000000008b500000, 0x000000008b500000| Untracked 
| 182|0x000000008b600000, 0x000000008b700000, 0x000000008b700000|100%| O|  |TAMS 0x000000008b600000, 0x000000008b600000| Untracked 
| 183|0x000000008b700000, 0x000000008b800000, 0x000000008b800000|100%| O|  |TAMS 0x000000008b700000, 0x000000008b700000| Untracked 
| 184|0x000000008b800000, 0x000000008b900000, 0x000000008b900000|100%| O|  |TAMS 0x000000008b800000, 0x000000008b800000| Untracked 
| 185|0x000000008b900000, 0x000000008ba00000, 0x000000008ba00000|100%| O|  |TAMS 0x000000008b900000, 0x000000008b900000| Untracked 
| 186|0x000000008ba00000, 0x000000008bb00000, 0x000000008bb00000|100%| O|  |TAMS 0x000000008ba00000, 0x000000008ba00000| Untracked 
| 187|0x000000008bb00000, 0x000000008bc00000, 0x000000008bc00000|100%| O|  |TAMS 0x000000008bb00000, 0x000000008bb00000| Untracked 
| 188|0x000000008bc00000, 0x000000008bd00000, 0x000000008bd00000|100%| O|  |TAMS 0x000000008bc00000, 0x000000008bc00000| Untracked 
| 189|0x000000008bd00000, 0x000000008be00000, 0x000000008be00000|100%| O|  |TAMS 0x000000008bd00000, 0x000000008bd00000| Untracked 
| 190|0x000000008be00000, 0x000000008bf00000, 0x000000008bf00000|100%| O|  |TAMS 0x000000008be00000, 0x000000008be00000| Untracked 
| 191|0x000000008bf00000, 0x000000008c000000, 0x000000008c000000|100%| O|  |TAMS 0x000000008bf00000, 0x000000008bf00000| Untracked 
| 192|0x000000008c000000, 0x000000008c100000, 0x000000008c100000|100%| O|  |TAMS 0x000000008c000000, 0x000000008c000000| Untracked 
| 193|0x000000008c100000, 0x000000008c200000, 0x000000008c200000|100%| O|  |TAMS 0x000000008c100000, 0x000000008c100000| Untracked 
| 194|0x000000008c200000, 0x000000008c300000, 0x000000008c300000|100%| O|  |TAMS 0x000000008c200000, 0x000000008c200000| Untracked 
| 195|0x000000008c300000, 0x000000008c400000, 0x000000008c400000|100%| O|  |TAMS 0x000000008c300000, 0x000000008c300000| Untracked 
| 196|0x000000008c400000, 0x000000008c500000, 0x000000008c500000|100%| O|  |TAMS 0x000000008c400000, 0x000000008c400000| Untracked 
| 197|0x000000008c500000, 0x000000008c600000, 0x000000008c600000|100%| O|  |TAMS 0x000000008c500000, 0x000000008c500000| Untracked 
| 198|0x000000008c600000, 0x000000008c700000, 0x000000008c700000|100%| O|  |TAMS 0x000000008c600000, 0x000000008c600000| Untracked 
| 199|0x000000008c700000, 0x000000008c800000, 0x000000008c800000|100%| O|  |TAMS 0x000000008c700000, 0x000000008c700000| Untracked 
| 200|0x000000008c800000, 0x000000008c900000, 0x000000008c900000|100%| O|  |TAMS 0x000000008c800000, 0x000000008c800000| Untracked 
| 201|0x000000008c900000, 0x000000008ca00000, 0x000000008ca00000|100%| O|  |TAMS 0x000000008c900000, 0x000000008c900000| Untracked 
| 202|0x000000008ca00000, 0x000000008cb00000, 0x000000008cb00000|100%| O|  |TAMS 0x000000008ca00000, 0x000000008ca00000| Untracked 
| 203|0x000000008cb00000, 0x000000008cc00000, 0x000000008cc00000|100%| O|  |TAMS 0x000000008cb00000, 0x000000008cb00000| Untracked 
| 204|0x000000008cc00000, 0x000000008cd00000, 0x000000008cd00000|100%| O|  |TAMS 0x000000008cc00000, 0x000000008cc00000| Untracked 
| 205|0x000000008cd00000, 0x000000008ce00000, 0x000000008ce00000|100%| O|  |TAMS 0x000000008cd00000, 0x000000008cd00000| Untracked 
| 206|0x000000008ce00000, 0x000000008cf00000, 0x000000008cf00000|100%| O|  |TAMS 0x000000008ce00000, 0x000000008ce00000| Untracked 
| 207|0x000000008cf00000, 0x000000008d000000, 0x000000008d000000|100%| O|  |TAMS 0x000000008cf00000, 0x000000008cf00000| Untracked 
| 208|0x000000008d000000, 0x000000008d100000, 0x000000008d100000|100%| O|  |TAMS 0x000000008d000000, 0x000000008d000000| Untracked 
| 209|0x000000008d100000, 0x000000008d200000, 0x000000008d200000|100%| O|  |TAMS 0x000000008d100000, 0x000000008d100000| Untracked 
| 210|0x000000008d200000, 0x000000008d300000, 0x000000008d300000|100%| O|  |TAMS 0x000000008d200000, 0x000000008d200000| Untracked 
| 211|0x000000008d300000, 0x000000008d400000, 0x000000008d400000|100%| O|  |TAMS 0x000000008d300000, 0x000000008d300000| Untracked 
| 212|0x000000008d400000, 0x000000008d500000, 0x000000008d500000|100%| O|  |TAMS 0x000000008d400000, 0x000000008d400000| Untracked 
| 213|0x000000008d500000, 0x000000008d5cf600, 0x000000008d600000| 81%| O|  |TAMS 0x000000008d500000, 0x000000008d500000| Untracked 
| 214|0x000000008d600000, 0x000000008d700000, 0x000000008d700000|100%|HS|  |TAMS 0x000000008d600000, 0x000000008d600000| Complete 
| 215|0x000000008d700000, 0x000000008d800000, 0x000000008d800000|100%|HS|  |TAMS 0x000000008d700000, 0x000000008d700000| Complete 
| 216|0x000000008d800000, 0x000000008d900000, 0x000000008d900000|100%|HS|  |TAMS 0x000000008d800000, 0x000000008d800000| Complete 
| 217|0x000000008d900000, 0x000000008da00000, 0x000000008da00000|100%|HS|  |TAMS 0x000000008d900000, 0x000000008d900000| Complete 
| 218|0x000000008da00000, 0x000000008db00000, 0x000000008db00000|100%|HS|  |TAMS 0x000000008da00000, 0x000000008da00000| Complete 
| 219|0x000000008db00000, 0x000000008db00000, 0x000000008dc00000|  0%| F|  |TAMS 0x000000008db00000, 0x000000008db00000| Untracked 
| 220|0x000000008dc00000, 0x000000008dc00000, 0x000000008dd00000|  0%| F|  |TAMS 0x000000008dc00000, 0x000000008dc00000| Untracked 
| 221|0x000000008dd00000, 0x000000008dd00000, 0x000000008de00000|  0%| F|  |TAMS 0x000000008dd00000, 0x000000008dd00000| Untracked 
| 222|0x000000008de00000, 0x000000008de00000, 0x000000008df00000|  0%| F|  |TAMS 0x000000008de00000, 0x000000008de00000| Untracked 
| 223|0x000000008df00000, 0x000000008df00000, 0x000000008e000000|  0%| F|  |TAMS 0x000000008df00000, 0x000000008df00000| Untracked 
| 224|0x000000008e000000, 0x000000008e000000, 0x000000008e100000|  0%| F|  |TAMS 0x000000008e000000, 0x000000008e000000| Untracked 
| 225|0x000000008e100000, 0x000000008e100000, 0x000000008e200000|  0%| F|  |TAMS 0x000000008e100000, 0x000000008e100000| Untracked 
| 226|0x000000008e200000, 0x000000008e200000, 0x000000008e300000|  0%| F|  |TAMS 0x000000008e200000, 0x000000008e200000| Untracked 
| 227|0x000000008e300000, 0x000000008e300000, 0x000000008e400000|  0%| F|  |TAMS 0x000000008e300000, 0x000000008e300000| Untracked 
| 228|0x000000008e400000, 0x000000008e400000, 0x000000008e500000|  0%| F|  |TAMS 0x000000008e400000, 0x000000008e400000| Untracked 
| 229|0x000000008e500000, 0x000000008e500000, 0x000000008e600000|  0%| F|  |TAMS 0x000000008e500000, 0x000000008e500000| Untracked 
| 230|0x000000008e600000, 0x000000008e600000, 0x000000008e700000|  0%| F|  |TAMS 0x000000008e600000, 0x000000008e600000| Untracked 
| 231|0x000000008e700000, 0x000000008e700000, 0x000000008e800000|  0%| F|  |TAMS 0x000000008e700000, 0x000000008e700000| Untracked 
| 232|0x000000008e800000, 0x000000008e800000, 0x000000008e900000|  0%| F|  |TAMS 0x000000008e800000, 0x000000008e800000| Untracked 
| 233|0x000000008e900000, 0x000000008e900000, 0x000000008ea00000|  0%| F|  |TAMS 0x000000008e900000, 0x000000008e900000| Untracked 
| 234|0x000000008ea00000, 0x000000008ea00000, 0x000000008eb00000|  0%| F|  |TAMS 0x000000008ea00000, 0x000000008ea00000| Untracked 
| 235|0x000000008eb00000, 0x000000008eb00000, 0x000000008ec00000|  0%| F|  |TAMS 0x000000008eb00000, 0x000000008eb00000| Untracked 
| 236|0x000000008ec00000, 0x000000008ec00000, 0x000000008ed00000|  0%| F|  |TAMS 0x000000008ec00000, 0x000000008ec00000| Untracked 
| 237|0x000000008ed00000, 0x000000008ed00000, 0x000000008ee00000|  0%| F|  |TAMS 0x000000008ed00000, 0x000000008ed00000| Untracked 
| 238|0x000000008ee00000, 0x000000008ee00000, 0x000000008ef00000|  0%| F|  |TAMS 0x000000008ee00000, 0x000000008ee00000| Untracked 
| 239|0x000000008ef00000, 0x000000008ef00000, 0x000000008f000000|  0%| F|  |TAMS 0x000000008ef00000, 0x000000008ef00000| Untracked 
| 240|0x000000008f000000, 0x000000008f000000, 0x000000008f100000|  0%| F|  |TAMS 0x000000008f000000, 0x000000008f000000| Untracked 
| 241|0x000000008f100000, 0x000000008f100000, 0x000000008f200000|  0%| F|  |TAMS 0x000000008f100000, 0x000000008f100000| Untracked 
| 242|0x000000008f200000, 0x000000008f200000, 0x000000008f300000|  0%| F|  |TAMS 0x000000008f200000, 0x000000008f200000| Untracked 
| 243|0x000000008f300000, 0x000000008f300000, 0x000000008f400000|  0%| F|  |TAMS 0x000000008f300000, 0x000000008f300000| Untracked 
| 244|0x000000008f400000, 0x000000008f400000, 0x000000008f500000|  0%| F|  |TAMS 0x000000008f400000, 0x000000008f400000| Untracked 
| 245|0x000000008f500000, 0x000000008f500000, 0x000000008f600000|  0%| F|  |TAMS 0x000000008f500000, 0x000000008f500000| Untracked 
| 246|0x000000008f600000, 0x000000008f600000, 0x000000008f700000|  0%| F|  |TAMS 0x000000008f600000, 0x000000008f600000| Untracked 
| 247|0x000000008f700000, 0x000000008f700000, 0x000000008f800000|  0%| F|  |TAMS 0x000000008f700000, 0x000000008f700000| Untracked 
| 248|0x000000008f800000, 0x000000008f800000, 0x000000008f900000|  0%| F|  |TAMS 0x000000008f800000, 0x000000008f800000| Untracked 
| 249|0x000000008f900000, 0x000000008f900000, 0x000000008fa00000|  0%| F|  |TAMS 0x000000008f900000, 0x000000008f900000| Untracked 
| 250|0x000000008fa00000, 0x000000008fa00000, 0x000000008fb00000|  0%| F|  |TAMS 0x000000008fa00000, 0x000000008fa00000| Untracked 
| 251|0x000000008fb00000, 0x000000008fb00000, 0x000000008fc00000|  0%| F|  |TAMS 0x000000008fb00000, 0x000000008fb00000| Untracked 
| 252|0x000000008fc00000, 0x000000008fc00000, 0x000000008fd00000|  0%| F|  |TAMS 0x000000008fc00000, 0x000000008fc00000| Untracked 
| 253|0x000000008fd00000, 0x000000008fd00000, 0x000000008fe00000|  0%| F|  |TAMS 0x000000008fd00000, 0x000000008fd00000| Untracked 
| 254|0x000000008fe00000, 0x000000008fe00000, 0x000000008ff00000|  0%| F|  |TAMS 0x000000008fe00000, 0x000000008fe00000| Untracked 
| 255|0x000000008ff00000, 0x000000008ff00000, 0x0000000090000000|  0%| F|  |TAMS 0x000000008ff00000, 0x000000008ff00000| Untracked 
| 256|0x0000000090000000, 0x0000000090000000, 0x0000000090100000|  0%| F|  |TAMS 0x0000000090000000, 0x0000000090000000| Untracked 
| 257|0x0000000090100000, 0x0000000090100000, 0x0000000090200000|  0%| F|  |TAMS 0x0000000090100000, 0x0000000090100000| Untracked 
| 258|0x0000000090200000, 0x0000000090200000, 0x0000000090300000|  0%| F|  |TAMS 0x0000000090200000, 0x0000000090200000| Untracked 
| 259|0x0000000090300000, 0x0000000090300000, 0x0000000090400000|  0%| F|  |TAMS 0x0000000090300000, 0x0000000090300000| Untracked 
| 260|0x0000000090400000, 0x0000000090400000, 0x0000000090500000|  0%| F|  |TAMS 0x0000000090400000, 0x0000000090400000| Untracked 
| 261|0x0000000090500000, 0x0000000090500000, 0x0000000090600000|  0%| F|  |TAMS 0x0000000090500000, 0x0000000090500000| Untracked 
| 262|0x0000000090600000, 0x0000000090600000, 0x0000000090700000|  0%| F|  |TAMS 0x0000000090600000, 0x0000000090600000| Untracked 
| 263|0x0000000090700000, 0x0000000090700000, 0x0000000090800000|  0%| F|  |TAMS 0x0000000090700000, 0x0000000090700000| Untracked 
| 264|0x0000000090800000, 0x0000000090800000, 0x0000000090900000|  0%| F|  |TAMS 0x0000000090800000, 0x0000000090800000| Untracked 
| 265|0x0000000090900000, 0x0000000090900000, 0x0000000090a00000|  0%| F|  |TAMS 0x0000000090900000, 0x0000000090900000| Untracked 
| 266|0x0000000090a00000, 0x0000000090a00000, 0x0000000090b00000|  0%| F|  |TAMS 0x0000000090a00000, 0x0000000090a00000| Untracked 
| 267|0x0000000090b00000, 0x0000000090b00000, 0x0000000090c00000|  0%| F|  |TAMS 0x0000000090b00000, 0x0000000090b00000| Untracked 
| 268|0x0000000090c00000, 0x0000000090c00000, 0x0000000090d00000|  0%| F|  |TAMS 0x0000000090c00000, 0x0000000090c00000| Untracked 
| 269|0x0000000090d00000, 0x0000000090d00000, 0x0000000090e00000|  0%| F|  |TAMS 0x0000000090d00000, 0x0000000090d00000| Untracked 
| 270|0x0000000090e00000, 0x0000000090e00000, 0x0000000090f00000|  0%| F|  |TAMS 0x0000000090e00000, 0x0000000090e00000| Untracked 
| 271|0x0000000090f00000, 0x0000000090f00000, 0x0000000091000000|  0%| F|  |TAMS 0x0000000090f00000, 0x0000000090f00000| Untracked 
| 272|0x0000000091000000, 0x0000000091000000, 0x0000000091100000|  0%| F|  |TAMS 0x0000000091000000, 0x0000000091000000| Untracked 
| 273|0x0000000091100000, 0x0000000091100000, 0x0000000091200000|  0%| F|  |TAMS 0x0000000091100000, 0x0000000091100000| Untracked 
| 274|0x0000000091200000, 0x0000000091200000, 0x0000000091300000|  0%| F|  |TAMS 0x0000000091200000, 0x0000000091200000| Untracked 
| 275|0x0000000091300000, 0x0000000091300000, 0x0000000091400000|  0%| F|  |TAMS 0x0000000091300000, 0x0000000091300000| Untracked 
| 276|0x0000000091400000, 0x0000000091400000, 0x0000000091500000|  0%| F|  |TAMS 0x0000000091400000, 0x0000000091400000| Untracked 
| 277|0x0000000091500000, 0x0000000091500000, 0x0000000091600000|  0%| F|  |TAMS 0x0000000091500000, 0x0000000091500000| Untracked 
| 278|0x0000000091600000, 0x0000000091600000, 0x0000000091700000|  0%| F|  |TAMS 0x0000000091600000, 0x0000000091600000| Untracked 
| 279|0x0000000091700000, 0x0000000091700000, 0x0000000091800000|  0%| F|  |TAMS 0x0000000091700000, 0x0000000091700000| Untracked 
| 280|0x0000000091800000, 0x0000000091800000, 0x0000000091900000|  0%| F|  |TAMS 0x0000000091800000, 0x0000000091800000| Untracked 
| 281|0x0000000091900000, 0x0000000091900000, 0x0000000091a00000|  0%| F|  |TAMS 0x0000000091900000, 0x0000000091900000| Untracked 
| 282|0x0000000091a00000, 0x0000000091a00000, 0x0000000091b00000|  0%| F|  |TAMS 0x0000000091a00000, 0x0000000091a00000| Untracked 
| 283|0x0000000091b00000, 0x0000000091b00000, 0x0000000091c00000|  0%| F|  |TAMS 0x0000000091b00000, 0x0000000091b00000| Untracked 
| 284|0x0000000091c00000, 0x0000000091c00000, 0x0000000091d00000|  0%| F|  |TAMS 0x0000000091c00000, 0x0000000091c00000| Untracked 
| 285|0x0000000091d00000, 0x0000000091d00000, 0x0000000091e00000|  0%| F|  |TAMS 0x0000000091d00000, 0x0000000091d00000| Untracked 
| 286|0x0000000091e00000, 0x0000000091e00000, 0x0000000091f00000|  0%| F|  |TAMS 0x0000000091e00000, 0x0000000091e00000| Untracked 
| 287|0x0000000091f00000, 0x0000000091f00000, 0x0000000092000000|  0%| F|  |TAMS 0x0000000091f00000, 0x0000000091f00000| Untracked 
| 288|0x0000000092000000, 0x0000000092000000, 0x0000000092100000|  0%| F|  |TAMS 0x0000000092000000, 0x0000000092000000| Untracked 
| 289|0x0000000092100000, 0x0000000092100000, 0x0000000092200000|  0%| F|  |TAMS 0x0000000092100000, 0x0000000092100000| Untracked 
| 290|0x0000000092200000, 0x0000000092200000, 0x0000000092300000|  0%| F|  |TAMS 0x0000000092200000, 0x0000000092200000| Untracked 
| 291|0x0000000092300000, 0x0000000092300000, 0x0000000092400000|  0%| F|  |TAMS 0x0000000092300000, 0x0000000092300000| Untracked 
| 292|0x0000000092400000, 0x0000000092400000, 0x0000000092500000|  0%| F|  |TAMS 0x0000000092400000, 0x0000000092400000| Untracked 
| 293|0x0000000092500000, 0x0000000092500000, 0x0000000092600000|  0%| F|  |TAMS 0x0000000092500000, 0x0000000092500000| Untracked 
| 294|0x0000000092600000, 0x0000000092600000, 0x0000000092700000|  0%| F|  |TAMS 0x0000000092600000, 0x0000000092600000| Untracked 
| 295|0x0000000092700000, 0x0000000092700000, 0x0000000092800000|  0%| F|  |TAMS 0x0000000092700000, 0x0000000092700000| Untracked 
| 296|0x0000000092800000, 0x0000000092800000, 0x0000000092900000|  0%| F|  |TAMS 0x0000000092800000, 0x0000000092800000| Untracked 
| 297|0x0000000092900000, 0x0000000092900000, 0x0000000092a00000|  0%| F|  |TAMS 0x0000000092900000, 0x0000000092900000| Untracked 
| 298|0x0000000092a00000, 0x0000000092a00000, 0x0000000092b00000|  0%| F|  |TAMS 0x0000000092a00000, 0x0000000092a00000| Untracked 
| 299|0x0000000092b00000, 0x0000000092b00000, 0x0000000092c00000|  0%| F|  |TAMS 0x0000000092b00000, 0x0000000092b00000| Untracked 
| 300|0x0000000092c00000, 0x0000000092c00000, 0x0000000092d00000|  0%| F|  |TAMS 0x0000000092c00000, 0x0000000092c00000| Untracked 
| 301|0x0000000092d00000, 0x0000000092d00000, 0x0000000092e00000|  0%| F|  |TAMS 0x0000000092d00000, 0x0000000092d00000| Untracked 
| 302|0x0000000092e00000, 0x0000000092e00000, 0x0000000092f00000|  0%| F|  |TAMS 0x0000000092e00000, 0x0000000092e00000| Untracked 
| 303|0x0000000092f00000, 0x0000000092f00000, 0x0000000093000000|  0%| F|  |TAMS 0x0000000092f00000, 0x0000000092f00000| Untracked 
| 304|0x0000000093000000, 0x0000000093000000, 0x0000000093100000|  0%| F|  |TAMS 0x0000000093000000, 0x0000000093000000| Untracked 
| 305|0x0000000093100000, 0x0000000093100000, 0x0000000093200000|  0%| F|  |TAMS 0x0000000093100000, 0x0000000093100000| Untracked 
| 306|0x0000000093200000, 0x0000000093200000, 0x0000000093300000|  0%| F|  |TAMS 0x0000000093200000, 0x0000000093200000| Untracked 
| 307|0x0000000093300000, 0x0000000093300000, 0x0000000093400000|  0%| F|  |TAMS 0x0000000093300000, 0x0000000093300000| Untracked 
| 308|0x0000000093400000, 0x0000000093400000, 0x0000000093500000|  0%| F|  |TAMS 0x0000000093400000, 0x0000000093400000| Untracked 
| 309|0x0000000093500000, 0x0000000093500000, 0x0000000093600000|  0%| F|  |TAMS 0x0000000093500000, 0x0000000093500000| Untracked 
| 310|0x0000000093600000, 0x0000000093600000, 0x0000000093700000|  0%| F|  |TAMS 0x0000000093600000, 0x0000000093600000| Untracked 
| 311|0x0000000093700000, 0x0000000093700000, 0x0000000093800000|  0%| F|  |TAMS 0x0000000093700000, 0x0000000093700000| Untracked 
| 312|0x0000000093800000, 0x0000000093800000, 0x0000000093900000|  0%| F|  |TAMS 0x0000000093800000, 0x0000000093800000| Untracked 
| 313|0x0000000093900000, 0x0000000093900000, 0x0000000093a00000|  0%| F|  |TAMS 0x0000000093900000, 0x0000000093900000| Untracked 
| 314|0x0000000093a00000, 0x0000000093a00000, 0x0000000093b00000|  0%| F|  |TAMS 0x0000000093a00000, 0x0000000093a00000| Untracked 
| 315|0x0000000093b00000, 0x0000000093b00000, 0x0000000093c00000|  0%| F|  |TAMS 0x0000000093b00000, 0x0000000093b00000| Untracked 
| 316|0x0000000093c00000, 0x0000000093c00000, 0x0000000093d00000|  0%| F|  |TAMS 0x0000000093c00000, 0x0000000093c00000| Untracked 
| 317|0x0000000093d00000, 0x0000000093d00000, 0x0000000093e00000|  0%| F|  |TAMS 0x0000000093d00000, 0x0000000093d00000| Untracked 
| 318|0x0000000093e00000, 0x0000000093e00000, 0x0000000093f00000|  0%| F|  |TAMS 0x0000000093e00000, 0x0000000093e00000| Untracked 
| 319|0x0000000093f00000, 0x0000000093f00000, 0x0000000094000000|  0%| F|  |TAMS 0x0000000093f00000, 0x0000000093f00000| Untracked 
| 320|0x0000000094000000, 0x0000000094068540, 0x0000000094100000| 40%| S|CS|TAMS 0x0000000094000000, 0x0000000094000000| Complete 
| 321|0x0000000094100000, 0x0000000094200000, 0x0000000094200000|100%| S|CS|TAMS 0x0000000094100000, 0x0000000094100000| Complete 
| 322|0x0000000094200000, 0x0000000094300000, 0x0000000094300000|100%| S|CS|TAMS 0x0000000094200000, 0x0000000094200000| Complete 
| 323|0x0000000094300000, 0x0000000094400000, 0x0000000094400000|100%| S|CS|TAMS 0x0000000094300000, 0x0000000094300000| Complete 
| 324|0x0000000094400000, 0x0000000094500000, 0x0000000094500000|100%| S|CS|TAMS 0x0000000094400000, 0x0000000094400000| Complete 
| 325|0x0000000094500000, 0x0000000094600000, 0x0000000094600000|100%| S|CS|TAMS 0x0000000094500000, 0x0000000094500000| Complete 
| 326|0x0000000094600000, 0x0000000094700000, 0x0000000094700000|100%| S|CS|TAMS 0x0000000094600000, 0x0000000094600000| Complete 
| 327|0x0000000094700000, 0x0000000094800000, 0x0000000094800000|100%| S|CS|TAMS 0x0000000094700000, 0x0000000094700000| Complete 
| 328|0x0000000094800000, 0x0000000094800000, 0x0000000094900000|  0%| F|  |TAMS 0x0000000094800000, 0x0000000094800000| Untracked 
| 329|0x0000000094900000, 0x0000000094900000, 0x0000000094a00000|  0%| F|  |TAMS 0x0000000094900000, 0x0000000094900000| Untracked 
| 330|0x0000000094a00000, 0x0000000094a00000, 0x0000000094b00000|  0%| F|  |TAMS 0x0000000094a00000, 0x0000000094a00000| Untracked 
| 331|0x0000000094b00000, 0x0000000094b00000, 0x0000000094c00000|  0%| F|  |TAMS 0x0000000094b00000, 0x0000000094b00000| Untracked 
| 332|0x0000000094c00000, 0x0000000094c00000, 0x0000000094d00000|  0%| F|  |TAMS 0x0000000094c00000, 0x0000000094c00000| Untracked 
| 333|0x0000000094d00000, 0x0000000094d00000, 0x0000000094e00000|  0%| F|  |TAMS 0x0000000094d00000, 0x0000000094d00000| Untracked 
| 334|0x0000000094e00000, 0x0000000094e00000, 0x0000000094f00000|  0%| F|  |TAMS 0x0000000094e00000, 0x0000000094e00000| Untracked 
| 335|0x0000000094f00000, 0x0000000094f00000, 0x0000000095000000|  0%| F|  |TAMS 0x0000000094f00000, 0x0000000094f00000| Untracked 
| 336|0x0000000095000000, 0x0000000095000000, 0x0000000095100000|  0%| F|  |TAMS 0x0000000095000000, 0x0000000095000000| Untracked 
| 337|0x0000000095100000, 0x0000000095100000, 0x0000000095200000|  0%| F|  |TAMS 0x0000000095100000, 0x0000000095100000| Untracked 
| 338|0x0000000095200000, 0x0000000095200000, 0x0000000095300000|  0%| F|  |TAMS 0x0000000095200000, 0x0000000095200000| Untracked 
| 339|0x0000000095300000, 0x0000000095300000, 0x0000000095400000|  0%| F|  |TAMS 0x0000000095300000, 0x0000000095300000| Untracked 
| 340|0x0000000095400000, 0x0000000095400000, 0x0000000095500000|  0%| F|  |TAMS 0x0000000095400000, 0x0000000095400000| Untracked 
| 341|0x0000000095500000, 0x0000000095500000, 0x0000000095600000|  0%| F|  |TAMS 0x0000000095500000, 0x0000000095500000| Untracked 
| 342|0x0000000095600000, 0x0000000095600000, 0x0000000095700000|  0%| F|  |TAMS 0x0000000095600000, 0x0000000095600000| Untracked 
| 343|0x0000000095700000, 0x0000000095700000, 0x0000000095800000|  0%| F|  |TAMS 0x0000000095700000, 0x0000000095700000| Untracked 
| 344|0x0000000095800000, 0x0000000095800000, 0x0000000095900000|  0%| F|  |TAMS 0x0000000095800000, 0x0000000095800000| Untracked 
| 345|0x0000000095900000, 0x0000000095900000, 0x0000000095a00000|  0%| F|  |TAMS 0x0000000095900000, 0x0000000095900000| Untracked 
| 346|0x0000000095a00000, 0x0000000095a00000, 0x0000000095b00000|  0%| F|  |TAMS 0x0000000095a00000, 0x0000000095a00000| Untracked 
| 347|0x0000000095b00000, 0x0000000095b00000, 0x0000000095c00000|  0%| F|  |TAMS 0x0000000095b00000, 0x0000000095b00000| Untracked 
| 348|0x0000000095c00000, 0x0000000095c00000, 0x0000000095d00000|  0%| F|  |TAMS 0x0000000095c00000, 0x0000000095c00000| Untracked 
| 349|0x0000000095d00000, 0x0000000095d00000, 0x0000000095e00000|  0%| F|  |TAMS 0x0000000095d00000, 0x0000000095d00000| Untracked 
| 350|0x0000000095e00000, 0x0000000095e00000, 0x0000000095f00000|  0%| F|  |TAMS 0x0000000095e00000, 0x0000000095e00000| Untracked 
| 351|0x0000000095f00000, 0x0000000096000000, 0x0000000096000000|100%| S|CS|TAMS 0x0000000095f00000, 0x0000000095f00000| Complete 
| 352|0x0000000096000000, 0x0000000096100000, 0x0000000096100000|100%| S|CS|TAMS 0x0000000096000000, 0x0000000096000000| Complete 
| 353|0x0000000096100000, 0x0000000096200000, 0x0000000096200000|100%| S|CS|TAMS 0x0000000096100000, 0x0000000096100000| Complete 
| 354|0x0000000096200000, 0x0000000096300000, 0x0000000096300000|100%| S|CS|TAMS 0x0000000096200000, 0x0000000096200000| Complete 
| 355|0x0000000096300000, 0x0000000096400000, 0x0000000096400000|100%| S|CS|TAMS 0x0000000096300000, 0x0000000096300000| Complete 
| 356|0x0000000096400000, 0x0000000096500000, 0x0000000096500000|100%| S|CS|TAMS 0x0000000096400000, 0x0000000096400000| Complete 
| 357|0x0000000096500000, 0x0000000096600000, 0x0000000096600000|100%| S|CS|TAMS 0x0000000096500000, 0x0000000096500000| Complete 
| 358|0x0000000096600000, 0x0000000096700000, 0x0000000096700000|100%| S|CS|TAMS 0x0000000096600000, 0x0000000096600000| Complete 
| 359|0x0000000096700000, 0x0000000096800000, 0x0000000096800000|100%| S|CS|TAMS 0x0000000096700000, 0x0000000096700000| Complete 
| 360|0x0000000096800000, 0x0000000096900000, 0x0000000096900000|100%| S|CS|TAMS 0x0000000096800000, 0x0000000096800000| Complete 
| 361|0x0000000096900000, 0x0000000096900000, 0x0000000096a00000|  0%| F|  |TAMS 0x0000000096900000, 0x0000000096900000| Untracked 
| 362|0x0000000096a00000, 0x0000000096a00000, 0x0000000096b00000|  0%| F|  |TAMS 0x0000000096a00000, 0x0000000096a00000| Untracked 
| 363|0x0000000096b00000, 0x0000000096b00000, 0x0000000096c00000|  0%| F|  |TAMS 0x0000000096b00000, 0x0000000096b00000| Untracked 
| 364|0x0000000096c00000, 0x0000000096c00000, 0x0000000096d00000|  0%| F|  |TAMS 0x0000000096c00000, 0x0000000096c00000| Untracked 
| 365|0x0000000096d00000, 0x0000000096d00000, 0x0000000096e00000|  0%| F|  |TAMS 0x0000000096d00000, 0x0000000096d00000| Untracked 
| 366|0x0000000096e00000, 0x0000000096e00000, 0x0000000096f00000|  0%| F|  |TAMS 0x0000000096e00000, 0x0000000096e00000| Untracked 
| 367|0x0000000096f00000, 0x0000000096f00000, 0x0000000097000000|  0%| F|  |TAMS 0x0000000096f00000, 0x0000000096f00000| Untracked 
| 368|0x0000000097000000, 0x0000000097000000, 0x0000000097100000|  0%| F|  |TAMS 0x0000000097000000, 0x0000000097000000| Untracked 
| 369|0x0000000097100000, 0x0000000097100000, 0x0000000097200000|  0%| F|  |TAMS 0x0000000097100000, 0x0000000097100000| Untracked 
| 370|0x0000000097200000, 0x0000000097200000, 0x0000000097300000|  0%| F|  |TAMS 0x0000000097200000, 0x0000000097200000| Untracked 
| 371|0x0000000097300000, 0x0000000097300000, 0x0000000097400000|  0%| F|  |TAMS 0x0000000097300000, 0x0000000097300000| Untracked 
| 372|0x0000000097400000, 0x0000000097400000, 0x0000000097500000|  0%| F|  |TAMS 0x0000000097400000, 0x0000000097400000| Untracked 
| 373|0x0000000097500000, 0x0000000097500000, 0x0000000097600000|  0%| F|  |TAMS 0x0000000097500000, 0x0000000097500000| Untracked 
| 374|0x0000000097600000, 0x0000000097600000, 0x0000000097700000|  0%| F|  |TAMS 0x0000000097600000, 0x0000000097600000| Untracked 
| 375|0x0000000097700000, 0x0000000097700000, 0x0000000097800000|  0%| F|  |TAMS 0x0000000097700000, 0x0000000097700000| Untracked 
| 376|0x0000000097800000, 0x0000000097800000, 0x0000000097900000|  0%| F|  |TAMS 0x0000000097800000, 0x0000000097800000| Untracked 
| 377|0x0000000097900000, 0x0000000097900000, 0x0000000097a00000|  0%| F|  |TAMS 0x0000000097900000, 0x0000000097900000| Untracked 
| 378|0x0000000097a00000, 0x0000000097a00000, 0x0000000097b00000|  0%| F|  |TAMS 0x0000000097a00000, 0x0000000097a00000| Untracked 
| 379|0x0000000097b00000, 0x0000000097b00000, 0x0000000097c00000|  0%| F|  |TAMS 0x0000000097b00000, 0x0000000097b00000| Untracked 
| 380|0x0000000097c00000, 0x0000000097c00000, 0x0000000097d00000|  0%| F|  |TAMS 0x0000000097c00000, 0x0000000097c00000| Untracked 
| 381|0x0000000097d00000, 0x0000000097d00000, 0x0000000097e00000|  0%| F|  |TAMS 0x0000000097d00000, 0x0000000097d00000| Untracked 
| 382|0x0000000097e00000, 0x0000000097e00000, 0x0000000097f00000|  0%| F|  |TAMS 0x0000000097e00000, 0x0000000097e00000| Untracked 
| 383|0x0000000097f00000, 0x0000000097f00000, 0x0000000098000000|  0%| F|  |TAMS 0x0000000097f00000, 0x0000000097f00000| Untracked 
| 384|0x0000000098000000, 0x0000000098000000, 0x0000000098100000|  0%| F|  |TAMS 0x0000000098000000, 0x0000000098000000| Untracked 
| 385|0x0000000098100000, 0x0000000098100000, 0x0000000098200000|  0%| F|  |TAMS 0x0000000098100000, 0x0000000098100000| Untracked 
| 386|0x0000000098200000, 0x0000000098200000, 0x0000000098300000|  0%| F|  |TAMS 0x0000000098200000, 0x0000000098200000| Untracked 
| 387|0x0000000098300000, 0x0000000098300000, 0x0000000098400000|  0%| F|  |TAMS 0x0000000098300000, 0x0000000098300000| Untracked 
| 388|0x0000000098400000, 0x0000000098470a60, 0x0000000098500000| 44%| E|  |TAMS 0x0000000098400000, 0x0000000098400000| Complete 
| 389|0x0000000098500000, 0x0000000098600000, 0x0000000098600000|100%| E|CS|TAMS 0x0000000098500000, 0x0000000098500000| Complete 
| 390|0x0000000098600000, 0x0000000098700000, 0x0000000098700000|100%| E|CS|TAMS 0x0000000098600000, 0x0000000098600000| Complete 
| 391|0x0000000098700000, 0x0000000098800000, 0x0000000098800000|100%| E|CS|TAMS 0x0000000098700000, 0x0000000098700000| Complete 
| 392|0x0000000098800000, 0x0000000098900000, 0x0000000098900000|100%| E|CS|TAMS 0x0000000098800000, 0x0000000098800000| Complete 
| 393|0x0000000098900000, 0x0000000098a00000, 0x0000000098a00000|100%| E|CS|TAMS 0x0000000098900000, 0x0000000098900000| Complete 
| 394|0x0000000098a00000, 0x0000000098b00000, 0x0000000098b00000|100%| E|CS|TAMS 0x0000000098a00000, 0x0000000098a00000| Complete 
| 395|0x0000000098b00000, 0x0000000098c00000, 0x0000000098c00000|100%| E|CS|TAMS 0x0000000098b00000, 0x0000000098b00000| Complete 
| 396|0x0000000098c00000, 0x0000000098d00000, 0x0000000098d00000|100%| E|CS|TAMS 0x0000000098c00000, 0x0000000098c00000| Complete 
| 397|0x0000000098d00000, 0x0000000098e00000, 0x0000000098e00000|100%| E|CS|TAMS 0x0000000098d00000, 0x0000000098d00000| Complete 
| 398|0x0000000098e00000, 0x0000000098f00000, 0x0000000098f00000|100%| E|CS|TAMS 0x0000000098e00000, 0x0000000098e00000| Complete 
| 399|0x0000000098f00000, 0x0000000099000000, 0x0000000099000000|100%| E|CS|TAMS 0x0000000098f00000, 0x0000000098f00000| Complete 
| 400|0x0000000099000000, 0x0000000099100000, 0x0000000099100000|100%| E|CS|TAMS 0x0000000099000000, 0x0000000099000000| Complete 
| 401|0x0000000099100000, 0x0000000099200000, 0x0000000099200000|100%| E|CS|TAMS 0x0000000099100000, 0x0000000099100000| Complete 
| 402|0x0000000099200000, 0x0000000099300000, 0x0000000099300000|100%| E|CS|TAMS 0x0000000099200000, 0x0000000099200000| Complete 
| 403|0x0000000099300000, 0x0000000099400000, 0x0000000099400000|100%| E|CS|TAMS 0x0000000099300000, 0x0000000099300000| Complete 
| 404|0x0000000099400000, 0x0000000099500000, 0x0000000099500000|100%| E|CS|TAMS 0x0000000099400000, 0x0000000099400000| Complete 
| 405|0x0000000099500000, 0x0000000099600000, 0x0000000099600000|100%| E|CS|TAMS 0x0000000099500000, 0x0000000099500000| Complete 
| 406|0x0000000099600000, 0x0000000099700000, 0x0000000099700000|100%| E|CS|TAMS 0x0000000099600000, 0x0000000099600000| Complete 
| 407|0x0000000099700000, 0x0000000099800000, 0x0000000099800000|100%| E|CS|TAMS 0x0000000099700000, 0x0000000099700000| Complete 
| 408|0x0000000099800000, 0x0000000099900000, 0x0000000099900000|100%| E|CS|TAMS 0x0000000099800000, 0x0000000099800000| Complete 
| 409|0x0000000099900000, 0x0000000099a00000, 0x0000000099a00000|100%| E|CS|TAMS 0x0000000099900000, 0x0000000099900000| Complete 
| 410|0x0000000099a00000, 0x0000000099b00000, 0x0000000099b00000|100%| E|CS|TAMS 0x0000000099a00000, 0x0000000099a00000| Complete 
| 411|0x0000000099b00000, 0x0000000099c00000, 0x0000000099c00000|100%| E|CS|TAMS 0x0000000099b00000, 0x0000000099b00000| Complete 
| 412|0x0000000099c00000, 0x0000000099d00000, 0x0000000099d00000|100%| E|CS|TAMS 0x0000000099c00000, 0x0000000099c00000| Complete 
| 413|0x0000000099d00000, 0x0000000099e00000, 0x0000000099e00000|100%| E|CS|TAMS 0x0000000099d00000, 0x0000000099d00000| Complete 
| 414|0x0000000099e00000, 0x0000000099f00000, 0x0000000099f00000|100%| E|CS|TAMS 0x0000000099e00000, 0x0000000099e00000| Complete 
| 415|0x0000000099f00000, 0x000000009a000000, 0x000000009a000000|100%| E|CS|TAMS 0x0000000099f00000, 0x0000000099f00000| Complete 
| 416|0x000000009a000000, 0x000000009a100000, 0x000000009a100000|100%| E|CS|TAMS 0x000000009a000000, 0x000000009a000000| Complete 
| 417|0x000000009a100000, 0x000000009a200000, 0x000000009a200000|100%| E|CS|TAMS 0x000000009a100000, 0x000000009a100000| Complete 
| 418|0x000000009a200000, 0x000000009a300000, 0x000000009a300000|100%| E|CS|TAMS 0x000000009a200000, 0x000000009a200000| Complete 
| 419|0x000000009a300000, 0x000000009a400000, 0x000000009a400000|100%| E|CS|TAMS 0x000000009a300000, 0x000000009a300000| Complete 
| 420|0x000000009a400000, 0x000000009a500000, 0x000000009a500000|100%| E|CS|TAMS 0x000000009a400000, 0x000000009a400000| Complete 
| 421|0x000000009a500000, 0x000000009a600000, 0x000000009a600000|100%| E|CS|TAMS 0x000000009a500000, 0x000000009a500000| Complete 
| 422|0x000000009a600000, 0x000000009a700000, 0x000000009a700000|100%| E|CS|TAMS 0x000000009a600000, 0x000000009a600000| Complete 
| 423|0x000000009a700000, 0x000000009a800000, 0x000000009a800000|100%| E|CS|TAMS 0x000000009a700000, 0x000000009a700000| Complete 
| 424|0x000000009a800000, 0x000000009a900000, 0x000000009a900000|100%| E|CS|TAMS 0x000000009a800000, 0x000000009a800000| Complete 
| 425|0x000000009a900000, 0x000000009aa00000, 0x000000009aa00000|100%| E|CS|TAMS 0x000000009a900000, 0x000000009a900000| Complete 
| 426|0x000000009aa00000, 0x000000009ab00000, 0x000000009ab00000|100%| E|CS|TAMS 0x000000009aa00000, 0x000000009aa00000| Complete 
| 427|0x000000009ab00000, 0x000000009ac00000, 0x000000009ac00000|100%| E|CS|TAMS 0x000000009ab00000, 0x000000009ab00000| Complete 
| 428|0x000000009ac00000, 0x000000009ad00000, 0x000000009ad00000|100%| E|CS|TAMS 0x000000009ac00000, 0x000000009ac00000| Complete 
| 429|0x000000009ad00000, 0x000000009ae00000, 0x000000009ae00000|100%| E|CS|TAMS 0x000000009ad00000, 0x000000009ad00000| Complete 
| 430|0x000000009ae00000, 0x000000009af00000, 0x000000009af00000|100%| E|CS|TAMS 0x000000009ae00000, 0x000000009ae00000| Complete 
| 431|0x000000009af00000, 0x000000009b000000, 0x000000009b000000|100%| E|CS|TAMS 0x000000009af00000, 0x000000009af00000| Complete 
| 432|0x000000009b000000, 0x000000009b100000, 0x000000009b100000|100%| E|CS|TAMS 0x000000009b000000, 0x000000009b000000| Complete 
| 433|0x000000009b100000, 0x000000009b200000, 0x000000009b200000|100%| E|CS|TAMS 0x000000009b100000, 0x000000009b100000| Complete 
| 434|0x000000009b200000, 0x000000009b300000, 0x000000009b300000|100%| E|CS|TAMS 0x000000009b200000, 0x000000009b200000| Complete 
| 435|0x000000009b300000, 0x000000009b400000, 0x000000009b400000|100%| E|CS|TAMS 0x000000009b300000, 0x000000009b300000| Complete 
| 436|0x000000009b400000, 0x000000009b500000, 0x000000009b500000|100%| E|CS|TAMS 0x000000009b400000, 0x000000009b400000| Complete 
| 437|0x000000009b500000, 0x000000009b600000, 0x000000009b600000|100%| E|CS|TAMS 0x000000009b500000, 0x000000009b500000| Complete 
| 438|0x000000009b600000, 0x000000009b700000, 0x000000009b700000|100%| E|CS|TAMS 0x000000009b600000, 0x000000009b600000| Complete 
| 439|0x000000009b700000, 0x000000009b800000, 0x000000009b800000|100%| E|CS|TAMS 0x000000009b700000, 0x000000009b700000| Complete 
| 440|0x000000009b800000, 0x000000009b900000, 0x000000009b900000|100%| E|CS|TAMS 0x000000009b800000, 0x000000009b800000| Complete 
| 441|0x000000009b900000, 0x000000009ba00000, 0x000000009ba00000|100%| E|CS|TAMS 0x000000009b900000, 0x000000009b900000| Complete 
| 442|0x000000009ba00000, 0x000000009bb00000, 0x000000009bb00000|100%| E|CS|TAMS 0x000000009ba00000, 0x000000009ba00000| Complete 
| 443|0x000000009bb00000, 0x000000009bc00000, 0x000000009bc00000|100%| E|CS|TAMS 0x000000009bb00000, 0x000000009bb00000| Complete 
| 444|0x000000009bc00000, 0x000000009bd00000, 0x000000009bd00000|100%| E|CS|TAMS 0x000000009bc00000, 0x000000009bc00000| Complete 
| 445|0x000000009bd00000, 0x000000009be00000, 0x000000009be00000|100%| E|CS|TAMS 0x000000009bd00000, 0x000000009bd00000| Complete 
| 446|0x000000009be00000, 0x000000009bf00000, 0x000000009bf00000|100%| E|CS|TAMS 0x000000009be00000, 0x000000009be00000| Complete 
| 447|0x000000009bf00000, 0x000000009c000000, 0x000000009c000000|100%| E|CS|TAMS 0x000000009bf00000, 0x000000009bf00000| Complete 
| 448|0x000000009c000000, 0x000000009c100000, 0x000000009c100000|100%| E|CS|TAMS 0x000000009c000000, 0x000000009c000000| Complete 
| 449|0x000000009c100000, 0x000000009c200000, 0x000000009c200000|100%| E|CS|TAMS 0x000000009c100000, 0x000000009c100000| Complete 
| 450|0x000000009c200000, 0x000000009c300000, 0x000000009c300000|100%| E|CS|TAMS 0x000000009c200000, 0x000000009c200000| Complete 
| 451|0x000000009c300000, 0x000000009c400000, 0x000000009c400000|100%| E|CS|TAMS 0x000000009c300000, 0x000000009c300000| Complete 
| 452|0x000000009c400000, 0x000000009c500000, 0x000000009c500000|100%| E|CS|TAMS 0x000000009c400000, 0x000000009c400000| Complete 
| 453|0x000000009c500000, 0x000000009c600000, 0x000000009c600000|100%| E|CS|TAMS 0x000000009c500000, 0x000000009c500000| Complete 
| 454|0x000000009c600000, 0x000000009c700000, 0x000000009c700000|100%| E|CS|TAMS 0x000000009c600000, 0x000000009c600000| Complete 
| 455|0x000000009c700000, 0x000000009c800000, 0x000000009c800000|100%| E|CS|TAMS 0x000000009c700000, 0x000000009c700000| Complete 
| 456|0x000000009c800000, 0x000000009c900000, 0x000000009c900000|100%| E|CS|TAMS 0x000000009c800000, 0x000000009c800000| Complete 
| 457|0x000000009c900000, 0x000000009ca00000, 0x000000009ca00000|100%| E|CS|TAMS 0x000000009c900000, 0x000000009c900000| Complete 
| 458|0x000000009ca00000, 0x000000009cb00000, 0x000000009cb00000|100%| E|CS|TAMS 0x000000009ca00000, 0x000000009ca00000| Complete 
| 459|0x000000009cb00000, 0x000000009cc00000, 0x000000009cc00000|100%| E|CS|TAMS 0x000000009cb00000, 0x000000009cb00000| Complete 
| 460|0x000000009cc00000, 0x000000009cd00000, 0x000000009cd00000|100%| E|CS|TAMS 0x000000009cc00000, 0x000000009cc00000| Complete 
| 461|0x000000009cd00000, 0x000000009ce00000, 0x000000009ce00000|100%| E|CS|TAMS 0x000000009cd00000, 0x000000009cd00000| Complete 
| 462|0x000000009ce00000, 0x000000009cf00000, 0x000000009cf00000|100%| E|CS|TAMS 0x000000009ce00000, 0x000000009ce00000| Complete 
| 463|0x000000009cf00000, 0x000000009d000000, 0x000000009d000000|100%| E|CS|TAMS 0x000000009cf00000, 0x000000009cf00000| Complete 
| 464|0x000000009d000000, 0x000000009d100000, 0x000000009d100000|100%| E|CS|TAMS 0x000000009d000000, 0x000000009d000000| Complete 
| 465|0x000000009d100000, 0x000000009d200000, 0x000000009d200000|100%| E|CS|TAMS 0x000000009d100000, 0x000000009d100000| Complete 
| 466|0x000000009d200000, 0x000000009d300000, 0x000000009d300000|100%| E|  |TAMS 0x000000009d200000, 0x000000009d200000| Complete 
| 467|0x000000009d300000, 0x000000009d400000, 0x000000009d400000|100%| E|CS|TAMS 0x000000009d300000, 0x000000009d300000| Complete 
| 468|0x000000009d400000, 0x000000009d500000, 0x000000009d500000|100%| E|CS|TAMS 0x000000009d400000, 0x000000009d400000| Complete 
| 469|0x000000009d500000, 0x000000009d600000, 0x000000009d600000|100%| E|CS|TAMS 0x000000009d500000, 0x000000009d500000| Complete 
| 470|0x000000009d600000, 0x000000009d700000, 0x000000009d700000|100%| E|CS|TAMS 0x000000009d600000, 0x000000009d600000| Complete 
| 471|0x000000009d700000, 0x000000009d800000, 0x000000009d800000|100%| E|CS|TAMS 0x000000009d700000, 0x000000009d700000| Complete 
| 472|0x000000009d800000, 0x000000009d900000, 0x000000009d900000|100%| E|CS|TAMS 0x000000009d800000, 0x000000009d800000| Complete 
| 473|0x000000009d900000, 0x000000009da00000, 0x000000009da00000|100%| E|CS|TAMS 0x000000009d900000, 0x000000009d900000| Complete 
| 474|0x000000009da00000, 0x000000009db00000, 0x000000009db00000|100%| E|CS|TAMS 0x000000009da00000, 0x000000009da00000| Complete 
| 475|0x000000009db00000, 0x000000009dc00000, 0x000000009dc00000|100%| E|CS|TAMS 0x000000009db00000, 0x000000009db00000| Complete 
| 476|0x000000009dc00000, 0x000000009dd00000, 0x000000009dd00000|100%| E|CS|TAMS 0x000000009dc00000, 0x000000009dc00000| Complete 
| 477|0x000000009dd00000, 0x000000009de00000, 0x000000009de00000|100%| E|CS|TAMS 0x000000009dd00000, 0x000000009dd00000| Complete 
| 478|0x000000009de00000, 0x000000009df00000, 0x000000009df00000|100%| E|CS|TAMS 0x000000009de00000, 0x000000009de00000| Complete 
| 479|0x000000009df00000, 0x000000009e000000, 0x000000009e000000|100%| E|CS|TAMS 0x000000009df00000, 0x000000009df00000| Complete 
| 480|0x000000009e000000, 0x000000009e100000, 0x000000009e100000|100%| E|CS|TAMS 0x000000009e000000, 0x000000009e000000| Complete 
| 481|0x000000009e100000, 0x000000009e200000, 0x000000009e200000|100%| E|CS|TAMS 0x000000009e100000, 0x000000009e100000| Complete 
| 482|0x000000009e200000, 0x000000009e300000, 0x000000009e300000|100%| E|CS|TAMS 0x000000009e200000, 0x000000009e200000| Complete 
| 483|0x000000009e300000, 0x000000009e400000, 0x000000009e400000|100%| E|CS|TAMS 0x000000009e300000, 0x000000009e300000| Complete 
| 484|0x000000009e400000, 0x000000009e500000, 0x000000009e500000|100%| E|CS|TAMS 0x000000009e400000, 0x000000009e400000| Complete 
| 485|0x000000009e500000, 0x000000009e600000, 0x000000009e600000|100%| E|CS|TAMS 0x000000009e500000, 0x000000009e500000| Complete 
| 486|0x000000009e600000, 0x000000009e700000, 0x000000009e700000|100%| E|CS|TAMS 0x000000009e600000, 0x000000009e600000| Complete 
| 487|0x000000009e700000, 0x000000009e800000, 0x000000009e800000|100%| E|CS|TAMS 0x000000009e700000, 0x000000009e700000| Complete 
| 488|0x000000009e800000, 0x000000009e900000, 0x000000009e900000|100%| E|CS|TAMS 0x000000009e800000, 0x000000009e800000| Complete 
| 489|0x000000009e900000, 0x000000009ea00000, 0x000000009ea00000|100%| E|CS|TAMS 0x000000009e900000, 0x000000009e900000| Complete 
| 490|0x000000009ea00000, 0x000000009eb00000, 0x000000009eb00000|100%| E|CS|TAMS 0x000000009ea00000, 0x000000009ea00000| Complete 
| 491|0x000000009eb00000, 0x000000009ec00000, 0x000000009ec00000|100%| E|CS|TAMS 0x000000009eb00000, 0x000000009eb00000| Complete 
| 492|0x000000009ec00000, 0x000000009ed00000, 0x000000009ed00000|100%| E|CS|TAMS 0x000000009ec00000, 0x000000009ec00000| Complete 
| 493|0x000000009ed00000, 0x000000009ee00000, 0x000000009ee00000|100%| E|CS|TAMS 0x000000009ed00000, 0x000000009ed00000| Complete 
| 494|0x000000009ee00000, 0x000000009ef00000, 0x000000009ef00000|100%| E|CS|TAMS 0x000000009ee00000, 0x000000009ee00000| Complete 
| 495|0x000000009ef00000, 0x000000009f000000, 0x000000009f000000|100%| E|CS|TAMS 0x000000009ef00000, 0x000000009ef00000| Complete 
| 496|0x000000009f000000, 0x000000009f100000, 0x000000009f100000|100%| E|CS|TAMS 0x000000009f000000, 0x000000009f000000| Complete 
| 497|0x000000009f100000, 0x000000009f200000, 0x000000009f200000|100%| E|CS|TAMS 0x000000009f100000, 0x000000009f100000| Complete 
| 498|0x000000009f200000, 0x000000009f300000, 0x000000009f300000|100%| E|CS|TAMS 0x000000009f200000, 0x000000009f200000| Complete 
| 499|0x000000009f300000, 0x000000009f400000, 0x000000009f400000|100%| E|CS|TAMS 0x000000009f300000, 0x000000009f300000| Complete 
| 500|0x000000009f400000, 0x000000009f500000, 0x000000009f500000|100%| E|CS|TAMS 0x000000009f400000, 0x000000009f400000| Complete 
| 501|0x000000009f500000, 0x000000009f600000, 0x000000009f600000|100%| E|CS|TAMS 0x000000009f500000, 0x000000009f500000| Complete 
| 502|0x000000009f600000, 0x000000009f700000, 0x000000009f700000|100%| E|CS|TAMS 0x000000009f600000, 0x000000009f600000| Complete 
| 503|0x000000009f700000, 0x000000009f800000, 0x000000009f800000|100%| E|CS|TAMS 0x000000009f700000, 0x000000009f700000| Complete 
| 504|0x000000009f800000, 0x000000009f900000, 0x000000009f900000|100%| E|CS|TAMS 0x000000009f800000, 0x000000009f800000| Complete 
| 505|0x000000009f900000, 0x000000009fa00000, 0x000000009fa00000|100%| E|CS|TAMS 0x000000009f900000, 0x000000009f900000| Complete 
| 506|0x000000009fa00000, 0x000000009fb00000, 0x000000009fb00000|100%| E|CS|TAMS 0x000000009fa00000, 0x000000009fa00000| Complete 
| 507|0x000000009fb00000, 0x000000009fc00000, 0x000000009fc00000|100%| E|CS|TAMS 0x000000009fb00000, 0x000000009fb00000| Complete 
| 508|0x000000009fc00000, 0x000000009fd00000, 0x000000009fd00000|100%| E|CS|TAMS 0x000000009fc00000, 0x000000009fc00000| Complete 
| 509|0x000000009fd00000, 0x000000009fe00000, 0x000000009fe00000|100%| E|CS|TAMS 0x000000009fd00000, 0x000000009fd00000| Complete 
| 510|0x000000009fe00000, 0x000000009ff00000, 0x000000009ff00000|100%| E|CS|TAMS 0x000000009fe00000, 0x000000009fe00000| Complete 
| 511|0x000000009ff00000, 0x00000000a0000000, 0x00000000a0000000|100%| E|CS|TAMS 0x000000009ff00000, 0x000000009ff00000| Complete 
| 512|0x00000000a0000000, 0x00000000a0100000, 0x00000000a0100000|100%| E|CS|TAMS 0x00000000a0000000, 0x00000000a0000000| Complete 
| 513|0x00000000a0100000, 0x00000000a0200000, 0x00000000a0200000|100%| E|CS|TAMS 0x00000000a0100000, 0x00000000a0100000| Complete 
| 514|0x00000000a0200000, 0x00000000a0300000, 0x00000000a0300000|100%| E|CS|TAMS 0x00000000a0200000, 0x00000000a0200000| Complete 
| 515|0x00000000a0300000, 0x00000000a0400000, 0x00000000a0400000|100%| E|CS|TAMS 0x00000000a0300000, 0x00000000a0300000| Complete 
| 516|0x00000000a0400000, 0x00000000a0500000, 0x00000000a0500000|100%| E|CS|TAMS 0x00000000a0400000, 0x00000000a0400000| Complete 
| 517|0x00000000a0500000, 0x00000000a0600000, 0x00000000a0600000|100%| E|CS|TAMS 0x00000000a0500000, 0x00000000a0500000| Complete 
| 518|0x00000000a0600000, 0x00000000a0700000, 0x00000000a0700000|100%| E|CS|TAMS 0x00000000a0600000, 0x00000000a0600000| Complete 
| 519|0x00000000a0700000, 0x00000000a0800000, 0x00000000a0800000|100%| E|CS|TAMS 0x00000000a0700000, 0x00000000a0700000| Complete 
| 520|0x00000000a0800000, 0x00000000a0900000, 0x00000000a0900000|100%| E|CS|TAMS 0x00000000a0800000, 0x00000000a0800000| Complete 
| 521|0x00000000a0900000, 0x00000000a0a00000, 0x00000000a0a00000|100%| E|CS|TAMS 0x00000000a0900000, 0x00000000a0900000| Complete 
| 522|0x00000000a0a00000, 0x00000000a0b00000, 0x00000000a0b00000|100%| E|CS|TAMS 0x00000000a0a00000, 0x00000000a0a00000| Complete 
| 523|0x00000000a0b00000, 0x00000000a0c00000, 0x00000000a0c00000|100%| E|CS|TAMS 0x00000000a0b00000, 0x00000000a0b00000| Complete 
| 524|0x00000000a0c00000, 0x00000000a0d00000, 0x00000000a0d00000|100%| E|CS|TAMS 0x00000000a0c00000, 0x00000000a0c00000| Complete 
| 525|0x00000000a0d00000, 0x00000000a0e00000, 0x00000000a0e00000|100%| E|CS|TAMS 0x00000000a0d00000, 0x00000000a0d00000| Complete 
| 526|0x00000000a0e00000, 0x00000000a0f00000, 0x00000000a0f00000|100%| E|CS|TAMS 0x00000000a0e00000, 0x00000000a0e00000| Complete 
| 527|0x00000000a0f00000, 0x00000000a1000000, 0x00000000a1000000|100%| E|CS|TAMS 0x00000000a0f00000, 0x00000000a0f00000| Complete 
| 528|0x00000000a1000000, 0x00000000a1100000, 0x00000000a1100000|100%| E|CS|TAMS 0x00000000a1000000, 0x00000000a1000000| Complete 
| 529|0x00000000a1100000, 0x00000000a1200000, 0x00000000a1200000|100%| E|CS|TAMS 0x00000000a1100000, 0x00000000a1100000| Complete 
| 530|0x00000000a1200000, 0x00000000a1300000, 0x00000000a1300000|100%| E|CS|TAMS 0x00000000a1200000, 0x00000000a1200000| Complete 
| 531|0x00000000a1300000, 0x00000000a1400000, 0x00000000a1400000|100%| E|CS|TAMS 0x00000000a1300000, 0x00000000a1300000| Complete 
| 532|0x00000000a1400000, 0x00000000a1500000, 0x00000000a1500000|100%| E|CS|TAMS 0x00000000a1400000, 0x00000000a1400000| Complete 
| 533|0x00000000a1500000, 0x00000000a1600000, 0x00000000a1600000|100%| E|CS|TAMS 0x00000000a1500000, 0x00000000a1500000| Complete 
| 534|0x00000000a1600000, 0x00000000a1700000, 0x00000000a1700000|100%| E|CS|TAMS 0x00000000a1600000, 0x00000000a1600000| Complete 
| 535|0x00000000a1700000, 0x00000000a1800000, 0x00000000a1800000|100%| E|CS|TAMS 0x00000000a1700000, 0x00000000a1700000| Complete 
| 536|0x00000000a1800000, 0x00000000a1900000, 0x00000000a1900000|100%| E|CS|TAMS 0x00000000a1800000, 0x00000000a1800000| Complete 
| 537|0x00000000a1900000, 0x00000000a1a00000, 0x00000000a1a00000|100%| E|CS|TAMS 0x00000000a1900000, 0x00000000a1900000| Complete 

Card table byte_map: [0x00000267ab740000,0x00000267abb40000] _byte_map_base: 0x00000267ab340000

Marking Bits (Prev, Next): (CMBitMap*) 0x0000026793b9ed10, (CMBitMap*) 0x0000026793b9ed50
 Prev Bits: [0x00000267abf40000, 0x00000267adf40000)
 Next Bits: [0x00000267adf40000, 0x00000267aff40000)

Polling page: 0x0000026793bf0000

Metaspace:

Usage:
  Non-class:     94.03 MB used.
      Class:     15.19 MB used.
       Both:    109.22 MB used.

Virtual space:
  Non-class space:      128.00 MB reserved,      94.94 MB ( 74%) committed,  2 nodes.
      Class space:      416.00 MB reserved,      15.94 MB (  4%) committed,  1 nodes.
             Both:      544.00 MB reserved,     110.88 MB ( 20%) committed. 

Chunk freelists:
   Non-Class:  778.00 KB
       Class:  15.97 MB
        Both:  16.73 MB

MaxMetaspaceSize: 512.00 MB
CompressedClassSpaceSize: 416.00 MB
Initial GC threshold: 21.00 MB
Current GC threshold: 153.88 MB
CDS: on
MetaspaceReclaimPolicy: balanced
 - commit_granule_bytes: 65536.
 - commit_granule_words: 8192.
 - virtual_space_node_default_size: 8388608.
 - enlarge_chunks_in_place: 1.
 - new_chunks_are_fully_committed: 0.
 - uncommit_free_chunks: 1.
 - use_allocation_guard: 0.
 - handle_deallocations: 1.


Internal statistics:

num_allocs_failed_limit: 9.
num_arena_births: 2284.
num_arena_deaths: 0.
num_vsnodes_births: 3.
num_vsnodes_deaths: 0.
num_space_committed: 1773.
num_space_uncommitted: 0.
num_chunks_returned_to_freelist: 9.
num_chunks_taken_from_freelist: 7592.
num_chunk_merges: 9.
num_chunk_splits: 4722.
num_chunks_enlarged: 2710.
num_inconsistent_stats: 0.

CodeHeap 'non-profiled nmethods': size=120000Kb used=11001Kb max_used=11226Kb free=108998Kb
 bounds [0x00000267a3190000, 0x00000267a3c90000, 0x00000267aa6c0000]
CodeHeap 'profiled nmethods': size=120000Kb used=29426Kb max_used=30618Kb free=90573Kb
 bounds [0x000002679b6c0000, 0x000002679d4b0000, 0x00000267a2bf0000]
CodeHeap 'non-nmethods': size=5760Kb used=2448Kb max_used=2512Kb free=3311Kb
 bounds [0x00000267a2bf0000, 0x00000267a2e80000, 0x00000267a3190000]
 total_blobs=16031 nmethods=15062 adapters=877
 compilation: enabled
              stopped_count=0, restarted_count=0
 full_count=0

Compilation events (20 events):
Event: 50.161 Thread 0x00000267d2e6a9a0 nmethod 17669 0x00000267a3c80590 code [0x00000267a3c80700, 0x00000267a3c80778]
Event: 50.161 Thread 0x00000267d2e6a9a0 17684       4       org.gradle.cache.internal.btree.FileBackedBlockStore::flush (1 bytes)
Event: 50.162 Thread 0x00000267d2e6a9a0 nmethod 17684 0x00000267a3c80890 code [0x00000267a3c80a00, 0x00000267a3c80a78]
Event: 50.162 Thread 0x00000267d2e6a9a0 17690       4       com.google.common.collect.MapMakerInternalMap$WeakKeyDummyValueEntry$Helper::newEntry (16 bytes)
Event: 50.165 Thread 0x00000267d2e699b0 nmethod 17660 0x00000267a3c80b90 code [0x00000267a3c80d20, 0x00000267a3c80fb8]
Event: 50.165 Thread 0x00000267d2e699b0 17691       4       java.util.concurrent.FutureTask::awaitDone (214 bytes)
Event: 50.169 Thread 0x00000267d2e6a9a0 nmethod 17690 0x00000267a3c81110 code [0x00000267a3c812a0, 0x00000267a3c81778]
Event: 50.169 Thread 0x00000267d2e6a9a0 17693       4       org.gradle.internal.io.StreamByteBuffer$StreamByteBufferInputStream::read (8 bytes)
Event: 50.169 Thread 0x00000267d2e6a9a0 nmethod 17693 0x00000267a3c81910 code [0x00000267a3c81aa0, 0x00000267a3c81b48]
Event: 50.170 Thread 0x00000267d2e6a9a0 17694       4       org.gradle.cache.internal.btree.BTreePersistentIndexedCache$IndexBlock::find (18 bytes)
Event: 50.173 Thread 0x00000267d2e6a9a0 nmethod 17694 0x00000267a3c81c10 code [0x00000267a3c81dc0, 0x00000267a3c81fb8]
Event: 50.173 Thread 0x00000267d2e6a9a0 17695   !   4       org.gradle.cache.internal.DefaultMultiProcessSafeIndexedCache::getIfPresent (25 bytes)
Event: 50.178 Thread 0x00000267d2e699b0 nmethod 17691 0x00000267a3c82290 code [0x00000267a3c82420, 0x00000267a3c82c68]
Event: 50.178 Thread 0x00000267d2e699b0 17698       4       com.google.common.cache.LocalCache$AccessQueue::offer (38 bytes)
Event: 50.183 Thread 0x00000267d2e699b0 nmethod 17698 0x00000267a325a110 code [0x00000267a325a2a0, 0x00000267a325a5d8]
Event: 50.183 Thread 0x00000267d2e699b0 17700       4       com.google.common.cache.LocalCache$Segment::setValue (82 bytes)
Event: 50.213 Thread 0x00000267b28277f0 nmethod 17674 0x00000267a3c82f10 code [0x00000267a3c83220, 0x00000267a3c84c10]
Event: 50.213 Thread 0x00000267b28277f0 17702   !   4       com.google.common.cache.LocalCache$Segment::lockedGetOrLoad (447 bytes)
Event: 50.228 Thread 0x00000267d2e699b0 nmethod 17700 0x00000267a3c86590 code [0x00000267a3c867c0, 0x00000267a3c879b8]
Event: 50.228 Thread 0x00000267d2e699b0 17704       4       com.google.common.cache.LocalCache$Segment::loadSync (19 bytes)

GC Heap History (20 events):
Event: 38.211 GC heap before
{Heap before GC invocations=26 (full 0):
 garbage-first heap   total 203776K, used 167500K [0x0000000080000000, 0x0000000100000000)
  region size 1024K, 63 young (64512K), 1 survivors (1024K)
 Metaspace       used 88984K, committed 89856K, reserved 557056K
  class space    used 12644K, committed 13056K, reserved 425984K
}
Event: 38.216 GC heap after
{Heap after GC invocations=27 (full 0):
 garbage-first heap   total 203776K, used 105626K [0x0000000080000000, 0x0000000100000000)
  region size 1024K, 3 young (3072K), 3 survivors (3072K)
 Metaspace       used 88984K, committed 89856K, reserved 557056K
  class space    used 12644K, committed 13056K, reserved 425984K
}
Event: 38.948 GC heap before
{Heap before GC invocations=28 (full 0):
 garbage-first heap   total 203776K, used 169114K [0x0000000080000000, 0x0000000100000000)
  region size 1024K, 65 young (66560K), 3 survivors (3072K)
 Metaspace       used 91688K, committed 92608K, reserved 557056K
  class space    used 13023K, committed 13440K, reserved 425984K
}
Event: 38.956 GC heap after
{Heap after GC invocations=29 (full 0):
 garbage-first heap   total 203776K, used 111087K [0x0000000080000000, 0x0000000100000000)
  region size 1024K, 8 young (8192K), 8 survivors (8192K)
 Metaspace       used 91688K, committed 92608K, reserved 557056K
  class space    used 13023K, committed 13440K, reserved 425984K
}
Event: 38.985 GC heap before
{Heap before GC invocations=29 (full 0):
 garbage-first heap   total 203776K, used 111087K [0x0000000080000000, 0x0000000100000000)
  region size 1024K, 9 young (9216K), 8 survivors (8192K)
 Metaspace       used 91703K, committed 92608K, reserved 557056K
  class space    used 13023K, committed 13440K, reserved 425984K
}
Event: 38.998 GC heap after
{Heap after GC invocations=30 (full 0):
 garbage-first heap   total 203776K, used 110794K [0x0000000080000000, 0x0000000100000000)
  region size 1024K, 1 young (1024K), 1 survivors (1024K)
 Metaspace       used 91703K, committed 92608K, reserved 557056K
  class space    used 13023K, committed 13440K, reserved 425984K
}
Event: 39.639 GC heap before
{Heap before GC invocations=30 (full 0):
 garbage-first heap   total 203776K, used 169162K [0x0000000080000000, 0x0000000100000000)
  region size 1024K, 58 young (59392K), 1 survivors (1024K)
 Metaspace       used 93539K, committed 94464K, reserved 557056K
  class space    used 13332K, committed 13760K, reserved 425984K
}
Event: 39.649 GC heap after
{Heap after GC invocations=31 (full 0):
 garbage-first heap   total 203776K, used 119386K [0x0000000080000000, 0x0000000100000000)
  region size 1024K, 8 young (8192K), 8 survivors (8192K)
 Metaspace       used 93539K, committed 94464K, reserved 557056K
  class space    used 13332K, committed 13760K, reserved 425984K
}
Event: 40.510 GC heap before
{Heap before GC invocations=32 (full 0):
 garbage-first heap   total 203776K, used 167514K [0x0000000080000000, 0x0000000100000000)
  region size 1024K, 55 young (56320K), 8 survivors (8192K)
 Metaspace       used 95690K, committed 96704K, reserved 557056K
  class space    used 13573K, committed 14016K, reserved 425984K
}
Event: 40.525 GC heap after
{Heap after GC invocations=33 (full 0):
 garbage-first heap   total 203776K, used 131689K [0x0000000080000000, 0x0000000100000000)
  region size 1024K, 7 young (7168K), 7 survivors (7168K)
 Metaspace       used 95690K, committed 96704K, reserved 557056K
  class space    used 13573K, committed 14016K, reserved 425984K
}
Event: 40.584 GC heap before
{Heap before GC invocations=33 (full 0):
 garbage-first heap   total 203776K, used 133737K [0x0000000080000000, 0x0000000100000000)
  region size 1024K, 9 young (9216K), 7 survivors (7168K)
 Metaspace       used 95721K, committed 96832K, reserved 557056K
  class space    used 13579K, committed 14080K, reserved 425984K
}
Event: 40.591 GC heap after
{Heap after GC invocations=34 (full 0):
 garbage-first heap   total 203776K, used 132649K [0x0000000080000000, 0x0000000100000000)
  region size 1024K, 1 young (1024K), 1 survivors (1024K)
 Metaspace       used 95721K, committed 96832K, reserved 557056K
  class space    used 13579K, committed 14080K, reserved 425984K
}
Event: 41.265 GC heap before
{Heap before GC invocations=34 (full 0):
 garbage-first heap   total 203776K, used 166441K [0x0000000080000000, 0x0000000100000000)
  region size 1024K, 34 young (34816K), 1 survivors (1024K)
 Metaspace       used 96788K, committed 97984K, reserved 557056K
  class space    used 13716K, committed 14208K, reserved 425984K
}
Event: 41.275 GC heap after
{Heap after GC invocations=35 (full 0):
 garbage-first heap   total 550912K, used 140937K [0x0000000080000000, 0x0000000100000000)
  region size 1024K, 5 young (5120K), 5 survivors (5120K)
 Metaspace       used 96788K, committed 97984K, reserved 557056K
  class space    used 13716K, committed 14208K, reserved 425984K
}
Event: 44.447 GC heap before
{Heap before GC invocations=35 (full 0):
 garbage-first heap   total 550912K, used 396937K [0x0000000080000000, 0x0000000100000000)
  region size 1024K, 245 young (250880K), 5 survivors (5120K)
 Metaspace       used 100939K, committed 102336K, reserved 557056K
  class space    used 14186K, committed 14784K, reserved 425984K
}
Event: 44.484 GC heap after
{Heap after GC invocations=36 (full 0):
 garbage-first heap   total 550912K, used 193258K [0x0000000080000000, 0x0000000100000000)
  region size 1024K, 31 young (31744K), 31 survivors (31744K)
 Metaspace       used 100939K, committed 102336K, reserved 557056K
  class space    used 14186K, committed 14784K, reserved 425984K
}
Event: 47.206 GC heap before
{Heap before GC invocations=36 (full 0):
 garbage-first heap   total 550912K, used 384746K [0x0000000080000000, 0x0000000100000000)
  region size 1024K, 218 young (223232K), 31 survivors (31744K)
 Metaspace       used 107822K, committed 109376K, reserved 557056K
  class space    used 15102K, committed 15808K, reserved 425984K
}
Event: 47.245 GC heap after
{Heap after GC invocations=37 (full 0):
 garbage-first heap   total 550912K, used 218903K [0x0000000080000000, 0x0000000100000000)
  region size 1024K, 23 young (23552K), 23 survivors (23552K)
 Metaspace       used 107822K, committed 109376K, reserved 557056K
  class space    used 15102K, committed 15808K, reserved 425984K
}
Event: 48.773 GC heap before
{Heap before GC invocations=37 (full 0):
 garbage-first heap   total 550912K, used 399127K [0x0000000080000000, 0x0000000100000000)
  region size 1024K, 200 young (204800K), 23 survivors (23552K)
 Metaspace       used 108865K, committed 110592K, reserved 557056K
  class space    used 15225K, committed 16000K, reserved 425984K
}
Event: 48.802 GC heap after
{Heap after GC invocations=38 (full 0):
 garbage-first heap   total 550912K, used 236766K [0x0000000080000000, 0x0000000100000000)
  region size 1024K, 18 young (18432K), 18 survivors (18432K)
 Metaspace       used 108865K, committed 110592K, reserved 557056K
  class space    used 15225K, committed 16000K, reserved 425984K
}

Dll operation events (14 events):
Event: 0.031 Loaded shared library C:\Program Files\Microsoft\jdk-17.0.8.7-hotspot\bin\java.dll
Event: 0.062 Loaded shared library C:\Program Files\Microsoft\jdk-17.0.8.7-hotspot\bin\jsvml.dll
Event: 0.156 Loaded shared library C:\Program Files\Microsoft\jdk-17.0.8.7-hotspot\bin\zip.dll
Event: 0.164 Loaded shared library C:\Program Files\Microsoft\jdk-17.0.8.7-hotspot\bin\instrument.dll
Event: 0.173 Loaded shared library C:\Program Files\Microsoft\jdk-17.0.8.7-hotspot\bin\net.dll
Event: 0.177 Loaded shared library C:\Program Files\Microsoft\jdk-17.0.8.7-hotspot\bin\nio.dll
Event: 0.185 Loaded shared library C:\Program Files\Microsoft\jdk-17.0.8.7-hotspot\bin\zip.dll
Event: 0.741 Loaded shared library C:\Program Files\Microsoft\jdk-17.0.8.7-hotspot\bin\jimage.dll
Event: 1.027 Loaded shared library C:\Program Files\Microsoft\jdk-17.0.8.7-hotspot\bin\verify.dll
Event: 1.532 Loaded shared library C:\Users\rahul\.gradle\native\c067742578af261105cb4f569cf0c3c89f3d7b1fecec35dd04571415982c5e48\windows-amd64\native-platform.dll
Event: 1.593 Loaded shared library C:\Users\rahul\.gradle\native\38dada09dfb8b06ba9b0570ebf7e218e3eb74d4ef43ca46872605cf95ebc2f47\windows-amd64\native-platform-file-events.dll
Event: 5.236 Loaded shared library C:\Program Files\Microsoft\jdk-17.0.8.7-hotspot\bin\management.dll
Event: 5.245 Loaded shared library C:\Program Files\Microsoft\jdk-17.0.8.7-hotspot\bin\management_ext.dll
Event: 6.663 Loaded shared library C:\Program Files\Microsoft\jdk-17.0.8.7-hotspot\bin\sunmscapi.dll

Deoptimization events (20 events):
Event: 49.739 Thread 0x00000267d44c6ad0 Uncommon trap: trap_request=0xffffffc6 fr.pc=0x00000267a34f0ca4 relative=0x0000000000000204
Event: 49.739 Thread 0x00000267d44c6ad0 Uncommon trap: reason=bimorphic_or_optimized_type_check action=maybe_recompile pc=0x00000267a34f0ca4 method=org.gradle.internal.snapshot.LargeChildMap.withNode(Lorg/gradle/internal/snapshot/VfsRelativePath;Lorg/gradle/internal/snapshot/CaseSensitivity;Lor
Event: 49.739 Thread 0x00000267d44c6ad0 DEOPT PACKING pc=0x00000267a34f0ca4 sp=0x00000084ac0fbd50
Event: 49.739 Thread 0x00000267d44c6ad0 DEOPT UNPACKING pc=0x00000267a2c469a3 sp=0x00000084ac0fbd10 mode 2
Event: 49.739 Thread 0x00000267d44c6ad0 Uncommon trap: trap_request=0xffffffc6 fr.pc=0x00000267a34f0ca4 relative=0x0000000000000204
Event: 49.739 Thread 0x00000267d44c6ad0 Uncommon trap: reason=bimorphic_or_optimized_type_check action=maybe_recompile pc=0x00000267a34f0ca4 method=org.gradle.internal.snapshot.LargeChildMap.withNode(Lorg/gradle/internal/snapshot/VfsRelativePath;Lorg/gradle/internal/snapshot/CaseSensitivity;Lor
Event: 49.739 Thread 0x00000267d44c6ad0 DEOPT PACKING pc=0x00000267a34f0ca4 sp=0x00000084ac0fba10
Event: 49.739 Thread 0x00000267d44c6ad0 DEOPT UNPACKING pc=0x00000267a2c469a3 sp=0x00000084ac0fb9d0 mode 2
Event: 49.997 Thread 0x00000267d44c6ad0 DEOPT PACKING pc=0x000002679c9c8446 sp=0x00000084ac0fa7c0
Event: 49.997 Thread 0x00000267d44c6ad0 DEOPT UNPACKING pc=0x00000267a2c47143 sp=0x00000084ac0f9c70 mode 0
Event: 49.997 Thread 0x00000267d44c6ad0 DEOPT PACKING pc=0x000002679c9c8446 sp=0x00000084ac0fa7c0
Event: 49.997 Thread 0x00000267d44c6ad0 DEOPT UNPACKING pc=0x00000267a2c47143 sp=0x00000084ac0f9c70 mode 0
Event: 49.998 Thread 0x00000267d44c6ad0 DEOPT PACKING pc=0x000002679c9c8446 sp=0x00000084ac0fa7c0
Event: 49.998 Thread 0x00000267d44c6ad0 DEOPT UNPACKING pc=0x00000267a2c47143 sp=0x00000084ac0f9c70 mode 0
Event: 49.998 Thread 0x00000267d44c6ad0 DEOPT PACKING pc=0x000002679c9c8446 sp=0x00000084ac0fa7c0
Event: 49.998 Thread 0x00000267d44c6ad0 DEOPT UNPACKING pc=0x00000267a2c47143 sp=0x00000084ac0f9c70 mode 0
Event: 49.998 Thread 0x00000267d44c6ad0 DEOPT PACKING pc=0x000002679c9c8446 sp=0x00000084ac0fa7c0
Event: 49.998 Thread 0x00000267d44c6ad0 DEOPT UNPACKING pc=0x00000267a2c47143 sp=0x00000084ac0f9c70 mode 0
Event: 49.998 Thread 0x00000267d44c6ad0 DEOPT PACKING pc=0x000002679c9c8446 sp=0x00000084ac0fa7c0
Event: 49.998 Thread 0x00000267d44c6ad0 DEOPT UNPACKING pc=0x00000267a2c47143 sp=0x00000084ac0f9c70 mode 0

Classes unloaded (0 events):
No events

Classes redefined (0 events):
No events

Internal exceptions (20 events):
Event: 49.754 Thread 0x00000267d44c3830 Exception <a 'sun/nio/fs/WindowsException'{0x000000009da14240}> (0x000000009da14240) 
thrown [s\src\hotspot\share\prims\jni.cpp, line 516]
Event: 49.754 Thread 0x00000267d44c3830 Exception <a 'sun/nio/fs/WindowsException'{0x000000009da14730}> (0x000000009da14730) 
thrown [s\src\hotspot\share\prims\jni.cpp, line 516]
Event: 49.762 Thread 0x00000267d44c6ad0 Exception <a 'sun/nio/fs/WindowsException'{0x000000009da59068}> (0x000000009da59068) 
thrown [s\src\hotspot\share\prims\jni.cpp, line 516]
Event: 49.762 Thread 0x00000267d44c6ad0 Exception <a 'sun/nio/fs/WindowsException'{0x000000009da5a1e8}> (0x000000009da5a1e8) 
thrown [s\src\hotspot\share\prims\jni.cpp, line 516]
Event: 49.763 Thread 0x00000267d44c6ad0 Exception <a 'sun/nio/fs/WindowsException'{0x000000009da5a278}> (0x000000009da5a278) 
thrown [s\src\hotspot\share\prims\jni.cpp, line 516]
Event: 49.763 Thread 0x00000267d44c6ad0 Exception <a 'sun/nio/fs/WindowsException'{0x000000009da5a798}> (0x000000009da5a798) 
thrown [s\src\hotspot\share\prims\jni.cpp, line 516]
Event: 49.772 Thread 0x00000267d44c3830 Exception <a 'sun/nio/fs/WindowsException'{0x000000009dadb388}> (0x000000009dadb388) 
thrown [s\src\hotspot\share\prims\jni.cpp, line 516]
Event: 49.772 Thread 0x00000267d44c3830 Exception <a 'sun/nio/fs/WindowsException'{0x000000009dadc550}> (0x000000009dadc550) 
thrown [s\src\hotspot\share\prims\jni.cpp, line 516]
Event: 49.772 Thread 0x00000267d44c3830 Exception <a 'sun/nio/fs/WindowsException'{0x000000009dadc5e0}> (0x000000009dadc5e0) 
thrown [s\src\hotspot\share\prims\jni.cpp, line 516]
Event: 49.773 Thread 0x00000267d44c3830 Exception <a 'sun/nio/fs/WindowsException'{0x000000009dadcaf0}> (0x000000009dadcaf0) 
thrown [s\src\hotspot\share\prims\jni.cpp, line 516]
Event: 49.783 Thread 0x00000267d44c6ad0 Exception <a 'sun/nio/fs/WindowsException'{0x000000009d91ddb0}> (0x000000009d91ddb0) 
thrown [s\src\hotspot\share\prims\jni.cpp, line 516]
Event: 49.784 Thread 0x00000267d44c6ad0 Exception <a 'sun/nio/fs/WindowsException'{0x000000009d91eca8}> (0x000000009d91eca8) 
thrown [s\src\hotspot\share\prims\jni.cpp, line 516]
Event: 49.784 Thread 0x00000267d44c6ad0 Exception <a 'sun/nio/fs/WindowsException'{0x000000009d91ed38}> (0x000000009d91ed38) 
thrown [s\src\hotspot\share\prims\jni.cpp, line 516]
Event: 49.784 Thread 0x00000267d44c6ad0 Exception <a 'sun/nio/fs/WindowsException'{0x000000009d91f230}> (0x000000009d91f230) 
thrown [s\src\hotspot\share\prims\jni.cpp, line 516]
Event: 49.794 Thread 0x00000267d44c3830 Exception <a 'sun/nio/fs/WindowsException'{0x000000009d982950}> (0x000000009d982950) 
thrown [s\src\hotspot\share\prims\jni.cpp, line 516]
Event: 49.794 Thread 0x00000267d44c3830 Exception <a 'sun/nio/fs/WindowsException'{0x000000009d983860}> (0x000000009d983860) 
thrown [s\src\hotspot\share\prims\jni.cpp, line 516]
Event: 49.795 Thread 0x00000267d44c3830 Exception <a 'sun/nio/fs/WindowsException'{0x000000009d9838f0}> (0x000000009d9838f0) 
thrown [s\src\hotspot\share\prims\jni.cpp, line 516]
Event: 49.795 Thread 0x00000267d44c3830 Exception <a 'sun/nio/fs/WindowsException'{0x000000009d984090}> (0x000000009d984090) 
thrown [s\src\hotspot\share\prims\jni.cpp, line 516]
Event: 49.799 Thread 0x00000267d44c6ad0 Exception <a 'java/lang/NoSuchMethodError'{0x000000009d99de48}: static Lcom/android/build/api/variant/impl/ResValueKeyImpl;.<clinit>()V> (0x000000009d99de48) 
thrown [s\src\hotspot\share\prims\jni.cpp, line 1107]
Event: 49.800 Thread 0x00000267d44c6ad0 Exception <a 'java/lang/NoSuchMethodError'{0x000000009d9b8660}: static Lcom/android/build/api/variant/ResValue;.<clinit>()V> (0x000000009d9b8660) 
thrown [s\src\hotspot\share\prims\jni.cpp, line 1107]

VM Operations (20 events):
Event: 48.251 Executing VM operation: HandshakeAllThreads
Event: 48.251 Executing VM operation: HandshakeAllThreads done
Event: 48.497 Executing VM operation: ICBufferFull
Event: 48.497 Executing VM operation: ICBufferFull done
Event: 48.512 Executing VM operation: HandshakeAllThreads
Event: 48.512 Executing VM operation: HandshakeAllThreads done
Event: 48.773 Executing VM operation: G1CollectForAllocation
Event: 48.804 Executing VM operation: G1CollectForAllocation done
Event: 49.507 Executing VM operation: HandshakeAllThreads
Event: 49.507 Executing VM operation: HandshakeAllThreads done
Event: 49.509 Executing VM operation: HandshakeAllThreads
Event: 49.509 Executing VM operation: HandshakeAllThreads done
Event: 49.560 Executing VM operation: ICBufferFull
Event: 49.561 Executing VM operation: ICBufferFull done
Event: 50.178 Executing VM operation: HandshakeAllThreads
Event: 50.178 Executing VM operation: HandshakeAllThreads done
Event: 50.197 Executing VM operation: ICBufferFull
Event: 50.198 Executing VM operation: ICBufferFull done
Event: 50.227 Executing VM operation: HandshakeAllThreads
Event: 50.228 Executing VM operation: HandshakeAllThreads done

Events (20 events):
Event: 50.243 Thread 0x00000267b282c4f0 flushing nmethod 0x000002679c057e10
Event: 50.243 Thread 0x00000267b282c4f0 flushing nmethod 0x000002679c05b210
Event: 50.243 Thread 0x00000267b282c4f0 flushing nmethod 0x000002679c08bd10
Event: 50.243 Thread 0x00000267b282c4f0 flushing nmethod 0x000002679c09c810
Event: 50.243 Thread 0x00000267b282c4f0 flushing nmethod 0x000002679c0bf690
Event: 50.243 Thread 0x00000267b282c4f0 flushing nmethod 0x000002679c0c8d10
Event: 50.243 Thread 0x00000267b282c4f0 flushing nmethod 0x000002679c0d9f10
Event: 50.243 Thread 0x00000267b282c4f0 flushing nmethod 0x000002679c0da310
Event: 50.243 Thread 0x00000267b282c4f0 flushing nmethod 0x000002679c0de610
Event: 50.243 Thread 0x00000267b282c4f0 flushing nmethod 0x000002679c0e0510
Event: 50.243 Thread 0x00000267b282c4f0 flushing nmethod 0x000002679c101510
Event: 50.244 Thread 0x00000267b282c4f0 flushing nmethod 0x000002679c11bc10
Event: 50.244 Thread 0x00000267b282c4f0 flushing nmethod 0x000002679c147790
Event: 50.244 Thread 0x00000267b282c4f0 flushing nmethod 0x000002679c151590
Event: 50.244 Thread 0x00000267b282c4f0 flushing nmethod 0x000002679c165c90
Event: 50.244 Thread 0x00000267b282c4f0 flushing nmethod 0x000002679c17b910
Event: 50.244 Thread 0x00000267b282c4f0 flushing nmethod 0x000002679c184210
Event: 50.244 Thread 0x00000267b282c4f0 flushing nmethod 0x000002679c185710
Event: 50.244 Thread 0x00000267b282c4f0 flushing nmethod 0x000002679c1cb910
Event: 50.245 Thread 0x00000267b282c4f0 flushing nmethod 0x000002679c1fa210


Dynamic libraries:
0x00007ff69a320000 - 0x00007ff69a32e000 	C:\Program Files\Microsoft\jdk-17.0.8.7-hotspot\bin\java.exe
0x00007ffbace80000 - 0x00007ffbad0e3000 	C:\WINDOWS\SYSTEM32\ntdll.dll
0x00007ffbaae10000 - 0x00007ffbaaed7000 	C:\WINDOWS\System32\KERNEL32.DLL
0x00007ffbaa640000 - 0x00007ffbaaa07000 	C:\WINDOWS\System32\KERNELBASE.dll
0x00007ffbaab40000 - 0x00007ffbaac8c000 	C:\WINDOWS\System32\ucrtbase.dll
0x00007ffba1f60000 - 0x00007ffba1f77000 	C:\Program Files\Microsoft\jdk-17.0.8.7-hotspot\bin\jli.dll
0x00007ffbab830000 - 0x00007ffbab9f9000 	C:\WINDOWS\System32\USER32.dll
0x00007ffbaac90000 - 0x00007ffbaacb7000 	C:\WINDOWS\System32\win32u.dll
0x00007ffbab7a0000 - 0x00007ffbab7ca000 	C:\WINDOWS\System32\GDI32.dll
0x00007ffbaa220000 - 0x00007ffbaa34b000 	C:\WINDOWS\System32\gdi32full.dll
0x00007ffbaa4d0000 - 0x00007ffbaa573000 	C:\WINDOWS\System32\msvcp_win.dll
0x00007ffb86b50000 - 0x00007ffb86de0000 	C:\WINDOWS\WinSxS\amd64_microsoft.windows.common-controls_6595b64144ccf1df_6.0.26100.3037_none_3e09262ce333c378\COMCTL32.dll
0x00007ffbab670000 - 0x00007ffbab719000 	C:\WINDOWS\System32\msvcrt.dll
0x00007ffb98ca0000 - 0x00007ffb98cbb000 	C:\Program Files\Microsoft\jdk-17.0.8.7-hotspot\bin\VCRUNTIME140.dll
0x00007ffbacc60000 - 0x00007ffbacc8f000 	C:\WINDOWS\System32\IMM32.DLL
0x00007ffb98dd0000 - 0x00007ffb98ddc000 	C:\Program Files\Microsoft\jdk-17.0.8.7-hotspot\bin\vcruntime140_1.dll
0x00007ffb6d150000 - 0x00007ffb6d1dd000 	C:\Program Files\Microsoft\jdk-17.0.8.7-hotspot\bin\msvcp140.dll
0x00007ffb5f6f0000 - 0x00007ffb60355000 	C:\Program Files\Microsoft\jdk-17.0.8.7-hotspot\bin\server\jvm.dll
0x00007ffbaad50000 - 0x00007ffbaae04000 	C:\WINDOWS\System32\ADVAPI32.dll
0x00007ffbaca50000 - 0x00007ffbacaf6000 	C:\WINDOWS\System32\sechost.dll
0x00007ffbac4d0000 - 0x00007ffbac5e6000 	C:\WINDOWS\System32\RPCRT4.dll
0x00007ffbaa0b0000 - 0x00007ffbaa0fe000 	C:\WINDOWS\SYSTEM32\POWRPROF.dll
0x00007ffb98d30000 - 0x00007ffb98d3a000 	C:\WINDOWS\SYSTEM32\WSOCK32.dll
0x00007ffb9de30000 - 0x00007ffb9de3b000 	C:\WINDOWS\SYSTEM32\VERSION.dll
0x00007ffbab5f0000 - 0x00007ffbab664000 	C:\WINDOWS\System32\WS2_32.dll
0x00007ffb9e800000 - 0x00007ffb9e836000 	C:\WINDOWS\SYSTEM32\WINMM.dll
0x00007ffbaa090000 - 0x00007ffbaa0a4000 	C:\WINDOWS\SYSTEM32\UMPDC.dll
0x00007ffba9050000 - 0x00007ffba906a000 	C:\WINDOWS\SYSTEM32\kernel.appcore.dll
0x00007ffb98d10000 - 0x00007ffb98d1a000 	C:\Program Files\Microsoft\jdk-17.0.8.7-hotspot\bin\jimage.dll
0x00007ffba7a30000 - 0x00007ffba7c71000 	C:\WINDOWS\SYSTEM32\DBGHELP.DLL
0x00007ffbaba00000 - 0x00007ffbabd7e000 	C:\WINDOWS\System32\combase.dll
0x00007ffbac220000 - 0x00007ffbac2f6000 	C:\WINDOWS\System32\OLEAUT32.dll
0x00007ffb84b20000 - 0x00007ffb84b59000 	C:\WINDOWS\SYSTEM32\dbgcore.DLL
0x00007ffbaaa10000 - 0x00007ffbaaaa9000 	C:\WINDOWS\System32\bcryptPrimitives.dll
0x00007ffb8e260000 - 0x00007ffb8e26e000 	C:\Program Files\Microsoft\jdk-17.0.8.7-hotspot\bin\instrument.dll
0x00007ffb6dc50000 - 0x00007ffb6dc75000 	C:\Program Files\Microsoft\jdk-17.0.8.7-hotspot\bin\java.dll
0x00007ffb67770000 - 0x00007ffb67847000 	C:\Program Files\Microsoft\jdk-17.0.8.7-hotspot\bin\jsvml.dll
0x00007ffbaaee0000 - 0x00007ffbab5e4000 	C:\WINDOWS\System32\SHELL32.dll
0x00007ffba7ef0000 - 0x00007ffba8727000 	C:\WINDOWS\SYSTEM32\windows.storage.dll
0x00007ffbac3e0000 - 0x00007ffbac4c9000 	C:\WINDOWS\System32\SHCORE.dll
0x00007ffbac960000 - 0x00007ffbac9bd000 	C:\WINDOWS\System32\shlwapi.dll
0x00007ffbaa130000 - 0x00007ffbaa15e000 	C:\WINDOWS\SYSTEM32\profapi.dll
0x00007ffb98e30000 - 0x00007ffb98e48000 	C:\Program Files\Microsoft\jdk-17.0.8.7-hotspot\bin\zip.dll
0x00007ffb98e70000 - 0x00007ffb98e89000 	C:\Program Files\Microsoft\jdk-17.0.8.7-hotspot\bin\net.dll
0x00007ffba0e00000 - 0x00007ffba0f1e000 	C:\WINDOWS\SYSTEM32\WINHTTP.dll
0x00007ffba9560000 - 0x00007ffba95ca000 	C:\WINDOWS\system32\mswsock.dll
0x00007ffb98e50000 - 0x00007ffb98e66000 	C:\Program Files\Microsoft\jdk-17.0.8.7-hotspot\bin\nio.dll
0x00007ffba6cf0000 - 0x00007ffba6d00000 	C:\Program Files\Microsoft\jdk-17.0.8.7-hotspot\bin\verify.dll
0x00007ffb98e00000 - 0x00007ffb98e27000 	C:\Users\rahul\.gradle\native\c067742578af261105cb4f569cf0c3c89f3d7b1fecec35dd04571415982c5e48\windows-amd64\native-platform.dll
0x00007ffb61e90000 - 0x00007ffb61fd4000 	C:\Users\rahul\.gradle\native\38dada09dfb8b06ba9b0570ebf7e218e3eb74d4ef43ca46872605cf95ebc2f47\windows-amd64\native-platform-file-events.dll
0x00007ffb98d20000 - 0x00007ffb98d29000 	C:\Program Files\Microsoft\jdk-17.0.8.7-hotspot\bin\management.dll
0x00007ffb98bd0000 - 0x00007ffb98bdb000 	C:\Program Files\Microsoft\jdk-17.0.8.7-hotspot\bin\management_ext.dll
0x00007ffbaacc0000 - 0x00007ffbaacc8000 	C:\WINDOWS\System32\PSAPI.DLL
0x00007ffba9810000 - 0x00007ffba982c000 	C:\WINDOWS\SYSTEM32\CRYPTSP.dll
0x00007ffba8f90000 - 0x00007ffba8fc8000 	C:\WINDOWS\system32\rsaenh.dll
0x00007ffba9600000 - 0x00007ffba962b000 	C:\WINDOWS\SYSTEM32\USERENV.dll
0x00007ffba9a40000 - 0x00007ffba9a66000 	C:\WINDOWS\SYSTEM32\bcrypt.dll
0x00007ffba9800000 - 0x00007ffba980c000 	C:\WINDOWS\SYSTEM32\CRYPTBASE.dll
0x00007ffba8a90000 - 0x00007ffba8ac2000 	C:\WINDOWS\SYSTEM32\IPHLPAPI.DLL
0x00007ffbac9c0000 - 0x00007ffbac9ca000 	C:\WINDOWS\System32\NSI.dll
0x00007ffba1b60000 - 0x00007ffba1b7f000 	C:\WINDOWS\SYSTEM32\dhcpcsvc6.DLL
0x00007ffba1b30000 - 0x00007ffba1b55000 	C:\WINDOWS\SYSTEM32\dhcpcsvc.DLL
0x00007ffba8b30000 - 0x00007ffba8c55000 	C:\WINDOWS\SYSTEM32\DNSAPI.dll
0x00007ffb8e190000 - 0x00007ffb8e19e000 	C:\Program Files\Microsoft\jdk-17.0.8.7-hotspot\bin\sunmscapi.dll
0x00007ffbaa350000 - 0x00007ffbaa4c6000 	C:\WINDOWS\System32\CRYPT32.dll
0x00007ffba9a00000 - 0x00007ffba9a30000 	C:\WINDOWS\SYSTEM32\ncrypt.dll
0x00007ffba99b0000 - 0x00007ffba99ef000 	C:\WINDOWS\SYSTEM32\NTASN1.dll
0x00007ffb8a780000 - 0x00007ffb8a788000 	C:\WINDOWS\system32\wshunix.dll
0x00007ffb7d640000 - 0x00007ffb7d658000 	C:\WINDOWS\system32\napinsp.dll
0x00007ffb7d620000 - 0x00007ffb7d632000 	C:\WINDOWS\System32\winrnr.dll
0x00007ffb7d5f0000 - 0x00007ffb7d612000 	C:\WINDOWS\system32\nlansp_c.dll
0x00007ffb7d5d0000 - 0x00007ffb7d5e6000 	C:\WINDOWS\system32\wshbth.dll
0x00007ffb9e750000 - 0x00007ffb9e75b000 	C:\Windows\System32\rasadhlp.dll
0x00007ffba1cd0000 - 0x00007ffba1d55000 	C:\WINDOWS\System32\fwpuclnt.dll

dbghelp: loaded successfully - version: 4.0.5 - missing functions: none
symbol engine: initialized successfully - sym options: 0x614 - pdb path: .;C:\Program Files\Microsoft\jdk-17.0.8.7-hotspot\bin;C:\WINDOWS\SYSTEM32;C:\WINDOWS\WinSxS\amd64_microsoft.windows.common-controls_6595b64144ccf1df_6.0.26100.3037_none_3e09262ce333c378;C:\Program Files\Microsoft\jdk-17.0.8.7-hotspot\bin\server;C:\Users\rahul\.gradle\native\c067742578af261105cb4f569cf0c3c89f3d7b1fecec35dd04571415982c5e48\windows-amd64;C:\Users\rahul\.gradle\native\38dada09dfb8b06ba9b0570ebf7e218e3eb74d4ef43ca46872605cf95ebc2f47\windows-amd64

VM Arguments:
jvm_args: -XX:MaxMetaspaceSize=512m --add-opens=java.base/java.util=ALL-UNNAMED --add-opens=java.base/java.lang=ALL-UNNAMED --add-opens=java.base/java.lang.invoke=ALL-UNNAMED --add-opens=java.prefs/java.util.prefs=ALL-UNNAMED --add-opens=java.base/java.nio.charset=ALL-UNNAMED --add-opens=java.base/java.net=ALL-UNNAMED --add-opens=java.base/java.util.concurrent.atomic=ALL-UNNAMED -Xmx2048m -Dfile.encoding=windows-1252 -Duser.country=IN -Duser.language=en -Duser.variant -javaagent:C:\Users\rahul\.gradle\wrapper\dists\gradle-8.6-all\3mbtmo166bl6vumsh5k2lkq5h\gradle-8.6\lib\agents\gradle-instrumentation-agent-8.6.jar 
java_command: org.gradle.launcher.daemon.bootstrap.GradleDaemon 8.6
java_class_path (initial): C:\Users\rahul\.gradle\wrapper\dists\gradle-8.6-all\3mbtmo166bl6vumsh5k2lkq5h\gradle-8.6\lib\gradle-launcher-8.6.jar
Launcher Type: SUN_STANDARD

[Global flags]
     intx CICompilerCount                          = 4                                         {product} {ergonomic}
   size_t CompressedClassSpaceSize                 = 436207616                                 {product} {ergonomic}
     uint ConcGCThreads                            = 3                                         {product} {ergonomic}
     uint G1ConcRefinementThreads                  = 10                                        {product} {ergonomic}
   size_t G1HeapRegionSize                         = 1048576                                   {product} {ergonomic}
    uintx GCDrainStackTargetSize                   = 64                                        {product} {ergonomic}
   size_t InitialHeapSize                          = 130023424                                 {product} {ergonomic}
   size_t MarkStackSize                            = 4194304                                   {product} {ergonomic}
   size_t MaxHeapSize                              = 2147483648                                {product} {command line}
   size_t MaxMetaspaceSize                         = 536870912                                 {product} {command line}
   size_t MaxNewSize                               = 1287651328                                {product} {ergonomic}
   size_t MinHeapDeltaBytes                        = 1048576                                   {product} {ergonomic}
   size_t MinHeapSize                              = 8388608                                   {product} {ergonomic}
    uintx NonNMethodCodeHeapSize                   = 5839372                                {pd product} {ergonomic}
    uintx NonProfiledCodeHeapSize                  = 122909434                              {pd product} {ergonomic}
    uintx ProfiledCodeHeapSize                     = 122909434                              {pd product} {ergonomic}
    uintx ReservedCodeCacheSize                    = 251658240                              {pd product} {ergonomic}
     bool SegmentedCodeCache                       = true                                      {product} {ergonomic}
   size_t SoftMaxHeapSize                          = 2147483648                             {manageable} {ergonomic}
     bool UseCompressedClassPointers               = true                           {product lp64_product} {ergonomic}
     bool UseCompressedOops                        = true                           {product lp64_product} {ergonomic}
     bool UseG1GC                                  = true                                      {product} {ergonomic}
     bool UseLargePagesIndividualAllocation        = false                                  {pd product} {ergonomic}

Logging:
Log output configuration:
 #0: stdout all=warning uptime,level,tags
 #1: stderr all=off uptime,level,tags

Environment Variables:
JAVA_HOME=C:\Program Files\Microsoft\jdk-17.0.8.7-hotspot
CLASSPATH=C:\Users\rahul\Desktop\photon\NanoOmniStoreApp-Retailers\android\\gradle\wrapper\gradle-wrapper.jar
PATH=C:\Users\rahul\Desktop\photon\NanoOmniStoreApp-Retailers\node_modules\.bin;C:\Users\rahul\Desktop\photon\NanoOmniStoreApp-Retailers\node_modules\.bin;C:\Users\rahul\Desktop\photon\node_modules\.bin;C:\Users\rahul\Desktop\node_modules\.bin;C:\Users\rahul\node_modules\.bin;C:\Users\node_modules\.bin;C:\node_modules\.bin;C:\Users\rahul\AppData\Roaming\npm\node_modules\npm\node_modules\@npmcli\run-script\lib\node-gyp-bin;C:\Users\rahul\Desktop\photon\NanoOmniStoreApp-Retailers\node_modules\.bin;C:\Users\rahul\Desktop\photon\node_modules\.bin;C:\Users\rahul\Desktop\node_modules\.bin;C:\Users\rahul\node_modules\.bin;C:\Users\node_modules\.bin;C:\node_modules\.bin;C:\Users\rahul\AppData\Roaming\npm\node_modules\npm\node_modules\@npmcli\run-script\lib\node-gyp-bin;C:\Program Files\Common Files\Oracle\Java\javapath;C:\Program Files\Microsoft\jdk-17.0.8.7-hotspot\bin;C:\WINDOWS\system32;C:\WINDOWS;C:\WINDOWS\System32\Wbem;C:\WINDOWS\System32\WindowsPowerShell\v1.0\;C:\WINDOWS\System32\OpenSSH\;C:\Program Files\MySQL\MySQL Server 8.0\bin;C:\Program Files\MongoDB\Server\5.0\bin;C:\Program Files\Git\bin;C:\ProgramData\chocolatey\bin;C:\Users\rahul\AppData\Local\Android\Sdk\platform-tools;C:\Program Files\nodejs\;C:\Program Files\Java\jdk-23\bin;C:\Program Files\Microsoft\jdk-17.0.8.7-hotspot\bin;C:\Program Files\Microsoft\jdk-17.0.8.7-hotspot\bin;C:\Program Files\Microsoft\jdk-17.0.8.7-hotspot\bin;C:\Users\rahul\AppData\Local\Android\Sdk\tools;C:\Program Files\MySQL\MySQL Shell 8.0\bin\;C:\Users\rahul\AppData\Local\Microsoft\WindowsApps;C:\Users\rahul\AppData\Local\Programs\Microsoft VS Code\bin;C:\Program Files\MongoDB\Server\5.0\bin;C:\Program Files\Git\bin;C:\Users\rahul\AppData\Roaming\npm;C:\Program Files\Microsoft\jdk-17.0.8.7-hotspot\bin;;c:\Users\rahul\AppData\Roaming\Code\User\globalStorage\github.copilot-chat\debugCommand
USERNAME=rahul
LANG=en_US.UTF-8
OS=Windows_NT
PROCESSOR_IDENTIFIER=Intel64 Family 6 Model 154 Stepping 4, GenuineIntel
TMP=C:\Users\rahul\AppData\Local\Temp
TEMP=C:\Users\rahul\AppData\Local\Temp



---------------  S Y S T E M  ---------------

OS:
 Windows 11 , 64 bit Build 26100 (10.0.26100.3037)
OS uptime: 0 days 23:32 hours
Hyper-V role detected

CPU: total 12 (initial active 12) (6 cores per cpu, 2 threads per core) family 6 model 154 stepping 4 microcode 0x42c, cx8, cmov, fxsr, ht, mmx, 3dnowpref, sse, sse2, sse3, ssse3, sse4.1, sse4.2, popcnt, lzcnt, tsc, tscinvbit, avx, avx2, aes, erms, clmul, bmi1, bmi2, adx, sha, fma, vzeroupper, clflush, clflushopt, clwb, hv
Processor Information for processor 0
  Max Mhz: 1300, Current Mhz: 1300, Mhz Limit: 1300
Processor Information for processor 1
  Max Mhz: 1300, Current Mhz: 1300, Mhz Limit: 1300
Processor Information for processor 2
  Max Mhz: 1300, Current Mhz: 1300, Mhz Limit: 1300
Processor Information for processor 3
  Max Mhz: 1300, Current Mhz: 1300, Mhz Limit: 1300
Processor Information for processor 4
  Max Mhz: 1300, Current Mhz: 900, Mhz Limit: 897
Processor Information for processor 5
  Max Mhz: 1300, Current Mhz: 900, Mhz Limit: 897
Processor Information for processor 6
  Max Mhz: 1300, Current Mhz: 900, Mhz Limit: 897
Processor Information for processor 7
  Max Mhz: 1300, Current Mhz: 900, Mhz Limit: 897
Processor Information for processor 8
  Max Mhz: 1300, Current Mhz: 900, Mhz Limit: 897
Processor Information for processor 9
  Max Mhz: 1300, Current Mhz: 900, Mhz Limit: 897
Processor Information for processor 10
  Max Mhz: 1300, Current Mhz: 900, Mhz Limit: 897
Processor Information for processor 11
  Max Mhz: 1300, Current Mhz: 900, Mhz Limit: 897

Memory: 4k page, system-wide physical 7863M (1301M free)
TotalPageFile size 18478M (AvailPageFile size 7232M)
current process WorkingSet (physical memory assigned to process): 855M, peak: 861M
current process commit charge ("private bytes"): 978M, peak: 987M

vm_info: OpenJDK 64-Bit Server VM (17.0.8+7-LTS) for windows-amd64 JRE (17.0.8+7-LTS), built on Jul  7 2023 17:21:55 by "MicrosoftCorporation" with MS VC++ 16.10 / 16.11 (VS2019)

END.
