#
# A fatal error has been detected by the Java Runtime Environment:
#
#  EXCEPTION_ACCESS_VIOLATION (0xc0000005) at pc=0x00007ffe0face0a9, pid=15952, tid=3552
#
# JRE version: OpenJDK Runtime Environment Microsoft-8035246 (17.0.8+7) (build 17.0.8+7-LTS)
# Java VM: OpenJDK 64-Bit Server VM Microsoft-8035246 (17.0.8+7-LTS, mixed mode, sharing, tiered, compressed oops, compressed class ptrs, g1 gc, windows-amd64)
# Problematic frame:
# V  [jvm.dll+0x2be0a9]
#
# No core dump will be written. Minidumps are not enabled by default on client versions of Windows
#
# If you would like to submit a bug report, please visit:
#   https://github.com/microsoft/openjdk/issues
#

---------------  S U M M A R Y ------------

Command Line: -XX:MaxMetaspaceSize=512m --add-opens=java.base/java.util=ALL-UNNAMED --add-opens=java.base/java.lang=ALL-UNNAMED --add-opens=java.base/java.lang.invoke=ALL-UNNAMED --add-opens=java.prefs/java.util.prefs=ALL-UNNAMED --add-opens=java.base/java.nio.charset=ALL-UNNAMED --add-opens=java.base/java.net=ALL-UNNAMED --add-opens=java.base/java.util.concurrent.atomic=ALL-UNNAMED -Xmx2048m -Dfile.encoding=windows-1252 -Duser.country=US -Duser.language=en -Duser.variant -javaagent:C:\Users\Danis\.gradle\wrapper\dists\gradle-8.6-all\3mbtmo166bl6vumsh5k2lkq5h\gradle-8.6\lib\agents\gradle-instrumentation-agent-8.6.jar org.gradle.launcher.daemon.bootstrap.GradleDaemon 8.6

Host: 11th Gen Intel(R) Core(TM) i5-1155G7 @ 2.50GHz, 8 cores, 11G,  Windows 11 , 64 bit Build 22621 (10.0.22621.3646)
Time: Fri Jun 21 10:11:44 2024 India Standard Time elapsed time: 69.955561 seconds (0d 0h 1m 9s)

---------------  T H R E A D  ---------------

Current thread (0x000002bc00cfa060):  JavaThread "C2 CompilerThread1" daemon [_thread_in_native, id=3552, stack(0x000000c9a4a00000,0x000000c9a4b00000)]


Current CompileTask:
C2:  69955 17859       4       org.gradle.cache.internal.AsyncCacheAccessDecoratedCache$$Lambda$551/0x000002bc60490870::create (12 bytes)

Stack: [0x000000c9a4a00000,0x000000c9a4b00000],  sp=0x000000c9a4afb3f0,  free space=1004k
Native frames: (J=compiled Java code, j=interpreted, Vv=VM code, C=native code)
V  [jvm.dll+0x2be0a9]
V  [jvm.dll+0x21ba8b]
V  [jvm.dll+0x21944b]
V  [jvm.dll+0x1a56b6]
V  [jvm.dll+0x2291ea]
V  [jvm.dll+0x22724c]
V  [jvm.dll+0x7efd0c]
V  [jvm.dll+0x7ea13a]
V  [jvm.dll+0x67ad85]
C  [ucrtbase.dll+0x29333]
C  [KERNEL32.DLL+0x1257d]
C  [ntdll.dll+0x5af28]


siginfo: EXCEPTION_ACCESS_VIOLATION (0xc0000005), reading address 0x0000000000000028


Register to memory mapping:

RIP=0x00007ffe0face0a9 jvm.dll
RAX=0x000002bc0459e060 points into unknown readable memory: 0x0000000000000000 | 00 00 00 00 00 00 00 00
RBX=0x000000000000194f is an unknown value
RCX=0x0 is NULL
RDX=0x0 is NULL
RSP=0x000000c9a4afb3f0 is pointing into the stack for thread: 0x000002bc00cfa060
RBP=0x000000c9a4afb460 is pointing into the stack for thread: 0x000002bc00cfa060
RSI=0x0 is NULL
RDI=0x000000000000004d is an unknown value
R8 =0x000000000000ffe0 is an unknown value
R9 =0x0 is NULL
R10=0x00007ffe873f0000 VCRUNTIME140.dll
R11=0x000002bc0459e080 points into unknown readable memory: 0x0000000000000000 | 00 00 00 00 00 00 00 00
R12=0x0000000000000050 is an unknown value
R13=0x0 is NULL
R14=0x0 is NULL
R15=0x000000c9a4afe610 is pointing into the stack for thread: 0x000002bc00cfa060


Registers:
RAX=0x000002bc0459e060, RBX=0x000000000000194f, RCX=0x0000000000000000, RDX=0x0000000000000000
RSP=0x000000c9a4afb3f0, RBP=0x000000c9a4afb460, RSI=0x0000000000000000, RDI=0x000000000000004d
R8 =0x000000000000ffe0, R9 =0x0000000000000000, R10=0x00007ffe873f0000, R11=0x000002bc0459e080
R12=0x0000000000000050, R13=0x0000000000000000, R14=0x0000000000000000, R15=0x000000c9a4afe610
RIP=0x00007ffe0face0a9, EFLAGS=0x0000000000010202

Top of Stack: (sp=0x000000c9a4afb3f0)
0x000000c9a4afb3f0:   000000000000194f 0000000000000000
0x000000c9a4afb400:   000000c9a4afe610 00007ffe0fa338d1
0x000000c9a4afb410:   000002bc0a8876a0 00007ffe00002000
0x000000c9a4afb420:   000002bc0459e060 0000000000000000
0x000000c9a4afb430:   0000000000000002 000002bc0ad80ef0
0x000000c9a4afb440:   0000000000000002 000002bc0a8876a0
0x000000c9a4afb450:   0000000000000000 0000000000000000
0x000000c9a4afb460:   000002bc04856940 000002bc3fd4e550
0x000000c9a4afb470:   000000000000004d 00007ffe10154c08
0x000000c9a4afb480:   000000c9a4afb590 00007ffe0fa2ba8b
0x000000c9a4afb490:   000000c9a4afe610 00007ffe10154c08
0x000000c9a4afb4a0:   000000c9a4afe610 000000c9a4afb590
0x000000c9a4afb4b0:   000000c900000000 000000c9a4aff170
0x000000c9a4afb4c0:   000000c90000000f 000000c9a4afe610
0x000000c9a4afb4d0:   000000c9a4afb640 000002bc00000000
0x000000c9a4afb4e0:   000002bc00000100 00007ffe10154c08 

Instructions: (pc=0x00007ffe0face0a9)
0x00007ffe0facdfa9:   3b d0 75 0b ff c1 41 3b c9 7c dc 48 8b c2 c3 33
0x00007ffe0facdfb9:   c0 c3 cc cc cc cc cc 48 89 5c 24 18 55 56 57 41
0x00007ffe0facdfc9:   55 41 57 48 8b ec 48 83 ec 70 65 48 8b 04 25 58
0x00007ffe0facdfd9:   00 00 00 48 8b f2 44 8b 05 d2 8b 90 00 4c 8b f9
0x00007ffe0facdfe9:   4a 8b 1c c0 b8 50 00 00 00 80 3c 18 00 75 05 e8
0x00007ffe0facdff9:   8b 6f 5d 00 b8 20 00 00 00 48 8b 04 18 48 8b 98
0x00007ffe0face009:   38 02 00 00 48 89 5d b0 c7 45 b8 04 00 00 00 48
0x00007ffe0face019:   8b 43 18 48 83 f8 df 76 18 4c 8d 05 37 a9 65 00
0x00007ffe0face029:   ba 20 00 00 00 48 8b cb e8 5a eb de ff 48 8b 43
0x00007ffe0face039:   18 48 8d 48 20 48 3b 4b 20 76 11 45 33 c0 48 8b
0x00007ffe0face049:   cb 41 8d 50 20 e8 fd e8 de ff eb 04 48 89 4b 18
0x00007ffe0face059:   44 8b 45 b8 33 d2 49 c1 e0 03 48 8b c8 48 89 45
0x00007ffe0face069:   c0 e8 e3 80 5d 00 45 33 ed 48 8d 4d d0 44 89 6d
0x00007ffe0face079:   c8 e8 01 59 56 00 41 8b 9f 40 02 00 00 41 2b 9f
0x00007ffe0face089:   68 02 00 00 44 89 6d f0 3b 5d b8 72 0b 8b d3 48
0x00007ffe0face099:   8d 4d b0 e8 6f b3 39 00 48 8b 45 c0 4c 89 2c d8
0x00007ffe0face0a9:   8b 7e 28 8b df c1 eb 05 3b 5d d0 72 0b 8b d3 48
0x00007ffe0face0b9:   8d 4d d0 e8 1f 59 56 00 48 8b 45 d8 83 e7 1f 48
0x00007ffe0face0c9:   8d 14 98 40 0f b6 cf 41 b8 01 00 00 00 41 d3 e0
0x00007ffe0face0d9:   8b 0a 8b c1 41 0b c0 89 02 41 85 c8 75 21 8b 5d
0x00007ffe0face0e9:   c8 8d 43 01 89 45 c8 3b 5d b8 72 0b 8b d3 48 8d
0x00007ffe0face0f9:   4d b0 e8 10 b3 39 00 48 8b 45 c0 48 89 34 d8 44
0x00007ffe0face109:   39 6d c8 0f 86 77 01 00 00 4c 89 a4 24 a0 00 00
0x00007ffe0face119:   00 4c 89 b4 24 a8 00 00 00 48 8b 45 c0 41 8b cd
0x00007ffe0face129:   48 8b 34 c8 8b 46 2c 25 ff 1f 00 00 3d 04 10 00
0x00007ffe0face139:   00 0f 85 a7 00 00 00 bb 01 00 00 00 39 5e 18 76
0x00007ffe0face149:   39 66 0f 1f 44 00 00 48 8b 46 08 8b cb 48 8b 14
0x00007ffe0face159:   c8 48 85 d2 74 1d 48 83 7a 10 00 74 16 80 7a 2c
0x00007ffe0face169:   84 74 10 e8 7f 7e ee ff 48 8b d0 49 8b cf e8 a4
0x00007ffe0face179:   61 f6 ff ff c3 3b 5e 18 72 cd 48 8b 5e 10 8b 46
0x00007ffe0face189:   20 4c 8d 34 c3 49 3b de 73 54 48 8b 3b 8b 47 2c
0x00007ffe0face199:   83 e0 03 3c 03 75 2e 48 8b 07 48 8b cf ff 90 88 


Stack slot to memory mapping:
stack at sp + 0 slots: 0x000000000000194f is an unknown value
stack at sp + 1 slots: 0x0 is NULL
stack at sp + 2 slots: 0x000000c9a4afe610 is pointing into the stack for thread: 0x000002bc00cfa060
stack at sp + 3 slots: 0x00007ffe0fa338d1 jvm.dll
stack at sp + 4 slots: 0x000002bc0a8876a0 points into unknown readable memory: 0x000002bc00000006 | 06 00 00 00 bc 02 00 00
stack at sp + 5 slots: 0x00007ffe00002000 is an unknown value
stack at sp + 6 slots: 0x000002bc0459e060 points into unknown readable memory: 0x0000000000000000 | 00 00 00 00 00 00 00 00
stack at sp + 7 slots: 0x0 is NULL


---------------  P R O C E S S  ---------------

Threads class SMR info:
_java_thread_list=0x000002bc7fd60c60, length=147, elements={
0x000002bc3fd357e0, 0x000002bc5e198530, 0x000002bc5e199000, 0x000002bc5e1aa2c0,
0x000002bc5e1acba0, 0x000002bc5e1b1490, 0x000002bc5e1b1d60, 0x000002bc5e1b2a10,
0x000002bc5e1c2900, 0x000002bc5e1c5220, 0x000002bc5e3caa60, 0x000002bc5e42c960,
0x000002bc7eed7030, 0x000002bc7e64e950, 0x000002bc003cf800, 0x000002bc7fec9be0,
0x000002bc7f10e610, 0x000002bc7fe52aa0, 0x000002bc7fe54e10, 0x000002bc7fe52fb0,
0x000002bc7fe55830, 0x000002bc7fe534c0, 0x000002bc7fe53ee0, 0x000002bc7fe52590,
0x000002bc7fe55320, 0x000002bc7fe54900, 0x000002bc7fe380b0, 0x000002bc7fe37ba0,
0x000002bc7fe35320, 0x000002bc7fe32aa0, 0x000002bc7fe343f0, 0x000002bc7fe36c70,
0x000002bc7fe37690, 0x000002bc7fe32590, 0x000002bc7fe35830, 0x000002bc7fe35d40,
0x000002bc7fe385c0, 0x000002bc7fe38fe0, 0x000002bc7fe36250, 0x000002bc7fe37180,
0x000002bc7fe32080, 0x000002bc7fe394f0, 0x000002bc7fe39a00, 0x000002bc7fae2dd0,
0x000002bc7fadcda0, 0x000002bc7fadd7c0, 0x000002bc7fae4210, 0x000002bc7fadf110,
0x000002bc7faddcd0, 0x000002bc7fae37f0, 0x000002bc7fae1990, 0x000002bc7fae28c0,
0x000002bc7fae1ea0, 0x000002bc7fadf620, 0x000002bc7fae23b0, 0x000002bc7fae32e0,
0x000002bc7fadfb30, 0x000002bc7fae3d00, 0x000002bc7fadd2b0, 0x000002bc7fae0550,
0x000002bc7fade1e0, 0x000002bc7fae1480, 0x000002bc7fade6f0, 0x000002bc7fadec00,
0x000002bc7fae0a60, 0x000002bc7fae0f70, 0x000002bc015ed0e0, 0x000002bc015eea30,
0x000002bc015f0380, 0x000002bc015edb00, 0x000002bc015ee010, 0x000002bc015ef960,
0x000002bc015ef450, 0x000002bc015ee520, 0x000002bc015efe70, 0x000002bc015f0890,
0x000002bc015ed5f0, 0x000002bc015eef40, 0x000002bc033a17f0, 0x000002bc0339ea60,
0x000002bc0339d620, 0x000002bc033a2210, 0x000002bc033a3650, 0x000002bc033a3b60,
0x000002bc033a2720, 0x000002bc033a4070, 0x000002bc033a4a90, 0x000002bc0339f990,
0x000002bc033a08c0, 0x000002bc033a1d00, 0x000002bc033a2c30, 0x000002bc0339fea0,
0x000002bc0339ef70, 0x000002bc033a0dd0, 0x000002bc033a3140, 0x000002bc0339e550,
0x000002bc033a12e0, 0x000002bc7ee55280, 0x000002bc7ee58520, 0x000002bc7ee51ad0,
0x000002bc7ee570e0, 0x000002bc7ee51fe0, 0x000002bc7ee58010, 0x000002bc7ee54350,
0x000002bc7ee53930, 0x000002bc7ee515c0, 0x000002bc7ee58a30, 0x000002bc7ee524f0,
0x000002bc7ee52a00, 0x000002bc7ee52f10, 0x000002bc7ee53420, 0x000002bc7ee53e40,
0x000002bc7ee54860, 0x000002bc7ee54d70, 0x000002bc7ee566c0, 0x000002bc7ee56bd0,
0x000002bc7ee55790, 0x000002bc7ee55ca0, 0x000002bc042ee9b0, 0x000002bc042efdf0,
0x000002bc042edf90, 0x000002bc042ef3d0, 0x000002bc042eda80, 0x000002bc042ed570,
0x000002bc042ee4a0, 0x000002bc042f0300, 0x000002bc042ef8e0, 0x000002bc0339f480,
0x000002bc7ee510b0, 0x000002bc09ba3e10, 0x000002bc00cfa060, 0x000002bc00cfb050,
0x000002bc09ba4d40, 0x000002bc09ba2ee0, 0x000002bc09ba5250, 0x000002bc09ba4320,
0x000002bc09ba84f0, 0x000002bc09ba33f0, 0x000002bc09ba75c0, 0x000002bc09ba6ba0,
0x000002bc09ba8f10, 0x000002bc09ba7ad0, 0x000002bc09ba8a00, 0x000002bc09ba9420,
0x000002bc09ba7fe0, 0x000002bc09ba1fb0, 0x000002bc09ba29d0
}

Java Threads: ( => current thread )
  0x000002bc3fd357e0 JavaThread "main" [_thread_blocked, id=5296, stack(0x000000c9a4d00000,0x000000c9a4e00000)]
  0x000002bc5e198530 JavaThread "Reference Handler" daemon [_thread_blocked, id=6436, stack(0x000000c9a5400000,0x000000c9a5500000)]
  0x000002bc5e199000 JavaThread "Finalizer" daemon [_thread_blocked, id=9928, stack(0x000000c9a5500000,0x000000c9a5600000)]
  0x000002bc5e1aa2c0 JavaThread "Signal Dispatcher" daemon [_thread_blocked, id=6492, stack(0x000000c9a5600000,0x000000c9a5700000)]
  0x000002bc5e1acba0 JavaThread "Attach Listener" daemon [_thread_blocked, id=2740, stack(0x000000c9a5700000,0x000000c9a5800000)]
  0x000002bc5e1b1490 JavaThread "Service Thread" daemon [_thread_blocked, id=1400, stack(0x000000c9a5800000,0x000000c9a5900000)]
  0x000002bc5e1b1d60 JavaThread "Monitor Deflation Thread" daemon [_thread_blocked, id=17192, stack(0x000000c9a5900000,0x000000c9a5a00000)]
  0x000002bc5e1b2a10 JavaThread "C2 CompilerThread0" daemon [_thread_in_native, id=3400, stack(0x000000c9a5a00000,0x000000c9a5b00000)]
  0x000002bc5e1c2900 JavaThread "C1 CompilerThread0" daemon [_thread_blocked, id=5628, stack(0x000000c9a5b00000,0x000000c9a5c00000)]
  0x000002bc5e1c5220 JavaThread "Sweeper thread" daemon [_thread_blocked, id=7416, stack(0x000000c9a5c00000,0x000000c9a5d00000)]
  0x000002bc5e3caa60 JavaThread "Common-Cleaner" daemon [_thread_blocked, id=10408, stack(0x000000c9a5d00000,0x000000c9a5e00000)]
  0x000002bc5e42c960 JavaThread "Notification Thread" daemon [_thread_blocked, id=5424, stack(0x000000c9a5e00000,0x000000c9a5f00000)]
  0x000002bc7eed7030 JavaThread "Daemon health stats" [_thread_blocked, id=6984, stack(0x000000c9a6600000,0x000000c9a6700000)]
  0x000002bc7e64e950 JavaThread "Incoming local TCP Connector on port 50303" [_thread_in_native, id=14384, stack(0x000000c9a6000000,0x000000c9a6100000)]
  0x000002bc003cf800 JavaThread "Daemon periodic checks" [_thread_blocked, id=4192, stack(0x000000c9a6500000,0x000000c9a6600000)]
  0x000002bc7fec9be0 JavaThread "Daemon" [_thread_blocked, id=812, stack(0x000000c9a6900000,0x000000c9a6a00000)]
  0x000002bc7f10e610 JavaThread "Handler for socket connection from /127.0.0.1:50303 to /127.0.0.1:50304" [_thread_in_native, id=3724, stack(0x000000c9a6a00000,0x000000c9a6b00000)]
  0x000002bc7fe52aa0 JavaThread "Cancel handler" [_thread_blocked, id=4716, stack(0x000000c9a6700000,0x000000c9a6800000)]
  0x000002bc7fe54e10 JavaThread "Daemon worker" [_thread_blocked, id=8232, stack(0x000000c9a6800000,0x000000c9a6900000)]
  0x000002bc7fe52fb0 JavaThread "Asynchronous log dispatcher for DefaultDaemonConnection: socket connection from /127.0.0.1:50303 to /127.0.0.1:50304" [_thread_blocked, id=2492, stack(0x000000c9a6b00000,0x000000c9a6c00000)]
  0x000002bc7fe55830 JavaThread "Stdin handler" [_thread_blocked, id=6268, stack(0x000000c9a6c00000,0x000000c9a6d00000)]
  0x000002bc7fe534c0 JavaThread "Daemon client event forwarder" [_thread_blocked, id=9616, stack(0x000000c9a6d00000,0x000000c9a6e00000)]
  0x000002bc7fe53ee0 JavaThread "Cache worker for journal cache (C:\Users\Danis\.gradle\caches\journal-1)" [_thread_blocked, id=11380, stack(0x000000c9a6e00000,0x000000c9a6f00000)]
  0x000002bc7fe52590 JavaThread "File lock request listener" [_thread_in_native, id=1852, stack(0x000000c9a6f00000,0x000000c9a7000000)]
  0x000002bc7fe55320 JavaThread "Cache worker for file hash cache (C:\Users\Danis\.gradle\caches\8.6\fileHashes)" [_thread_blocked, id=10648, stack(0x000000c9a7000000,0x000000c9a7100000)]
  0x000002bc7fe54900 JavaThread "File watcher server" daemon [_thread_in_native, id=2696, stack(0x000000c9a7300000,0x000000c9a7400000)]
  0x000002bc7fe380b0 JavaThread "File watcher consumer" daemon [_thread_blocked, id=2616, stack(0x000000c9a7400000,0x000000c9a7500000)]
  0x000002bc7fe37ba0 JavaThread "Cache worker for checksums cache (D:\Photon-Pos\#2 Retailer\omniretailer\android\.gradle\8.6\checksums)" [_thread_blocked, id=11316, stack(0x000000c9a7200000,0x000000c9a7300000)]
  0x000002bc7fe35320 JavaThread "Cache worker for file hash cache (D:\Photon-Pos\#2 Retailer\omniretailer\android\.gradle\8.6\fileHashes)" [_thread_blocked, id=10288, stack(0x000000c9a7900000,0x000000c9a7a00000)]
  0x000002bc7fe32aa0 JavaThread "Cache worker for cache directory md-supplier (C:\Users\Danis\.gradle\caches\8.6\md-supplier)" [_thread_blocked, id=9600, stack(0x000000c9a7a00000,0x000000c9a7b00000)]
  0x000002bc7fe343f0 JavaThread "Cache worker for cache directory md-rule (C:\Users\Danis\.gradle\caches\8.6\md-rule)" [_thread_blocked, id=2296, stack(0x000000c9a7b00000,0x000000c9a7c00000)]
  0x000002bc7fe36c70 JavaThread "Cache worker for file content cache (C:\Users\Danis\.gradle\caches\8.6\fileContent)" [_thread_blocked, id=10356, stack(0x000000c9a7c00000,0x000000c9a7d00000)]
  0x000002bc7fe37690 JavaThread "jar transforms" [_thread_blocked, id=1128, stack(0x000000c9a7e00000,0x000000c9a7f00000)]
  0x000002bc7fe32590 JavaThread "jar transforms Thread 2" [_thread_blocked, id=7604, stack(0x000000c9a7f00000,0x000000c9a8000000)]
  0x000002bc7fe35830 JavaThread "jar transforms Thread 3" [_thread_blocked, id=7164, stack(0x000000c9a8000000,0x000000c9a8100000)]
  0x000002bc7fe35d40 JavaThread "jar transforms Thread 4" [_thread_blocked, id=12476, stack(0x000000c9a8100000,0x000000c9a8200000)]
  0x000002bc7fe385c0 JavaThread "Exec process" [_thread_blocked, id=3456, stack(0x000000c9a8200000,0x000000c9a8300000)]
  0x000002bc7fe38fe0 JavaThread "Exec process Thread 2" [_thread_blocked, id=16236, stack(0x000000c9a8300000,0x000000c9a8400000)]
  0x000002bc7fe36250 JavaThread "Exec process Thread 3" [_thread_blocked, id=11420, stack(0x000000c9a8400000,0x000000c9a8500000)]
  0x000002bc7fe37180 JavaThread "jar transforms Thread 5" [_thread_blocked, id=12048, stack(0x000000c9a8500000,0x000000c9a8600000)]
  0x000002bc7fe32080 JavaThread "jar transforms Thread 6" [_thread_blocked, id=16412, stack(0x000000c9a8600000,0x000000c9a8700000)]
  0x000002bc7fe394f0 JavaThread "Unconstrained build operations" [_thread_blocked, id=14668, stack(0x000000c9a7d00000,0x000000c9a7e00000)]
  0x000002bc7fe39a00 JavaThread "Unconstrained build operations Thread 2" [_thread_blocked, id=14960, stack(0x000000c9a8700000,0x000000c9a8800000)]
  0x000002bc7fae2dd0 JavaThread "jar transforms Thread 7" [_thread_blocked, id=15236, stack(0x000000c9a8900000,0x000000c9a8a00000)]
  0x000002bc7fadcda0 JavaThread "jar transforms Thread 8" [_thread_blocked, id=1692, stack(0x000000c9a8a00000,0x000000c9a8b00000)]
  0x000002bc7fadd7c0 JavaThread "Cache worker for Build Output Cleanup Cache (D:\Photon-Pos\#2 Retailer\omniretailer\node_modules\@react-native\gradle-plugin\.gradle\buildOutputCleanup)" [_thread_blocked, id=9748, stack(0x000000c9a8b00000,0x000000c9a8c00000)]
  0x000002bc7fae4210 JavaThread "Unconstrained build operations Thread 3" [_thread_blocked, id=11664, stack(0x000000c9a8c00000,0x000000c9a8d00000)]
  0x000002bc7fadf110 JavaThread "Unconstrained build operations Thread 4" [_thread_blocked, id=11368, stack(0x000000c9a8d00000,0x000000c9a8e00000)]
  0x000002bc7faddcd0 JavaThread "Unconstrained build operations Thread 5" [_thread_blocked, id=13520, stack(0x000000c9a8e00000,0x000000c9a8f00000)]
  0x000002bc7fae37f0 JavaThread "Unconstrained build operations Thread 6" [_thread_blocked, id=11620, stack(0x000000c9a8f00000,0x000000c9a9000000)]
  0x000002bc7fae1990 JavaThread "Unconstrained build operations Thread 7" [_thread_blocked, id=3984, stack(0x000000c9a9000000,0x000000c9a9100000)]
  0x000002bc7fae28c0 JavaThread "Unconstrained build operations Thread 8" [_thread_blocked, id=6264, stack(0x000000c9a9100000,0x000000c9a9200000)]
  0x000002bc7fae1ea0 JavaThread "Unconstrained build operations Thread 9" [_thread_blocked, id=11320, stack(0x000000c9a9200000,0x000000c9a9300000)]
  0x000002bc7fadf620 JavaThread "build event listener" [_thread_blocked, id=16148, stack(0x000000c9a9300000,0x000000c9a9400000)]
  0x000002bc7fae23b0 JavaThread "Memory manager" [_thread_blocked, id=13908, stack(0x000000c9a9500000,0x000000c9a9600000)]
  0x000002bc7fae32e0 JavaThread "Cache worker for Build Output Cleanup Cache (D:\Photon-Pos\#2 Retailer\omniretailer\android\.gradle\buildOutputCleanup)" [_thread_blocked, id=17208, stack(0x000000c9a9600000,0x000000c9a9700000)]
  0x000002bc7fadfb30 JavaThread "ForkJoinPool.commonPool-worker-1" daemon [_thread_blocked, id=10992, stack(0x000000c9a9700000,0x000000c9a9800000)]
  0x000002bc7fae3d00 JavaThread "ForkJoinPool.commonPool-worker-2" daemon [_thread_blocked, id=10636, stack(0x000000c9a9800000,0x000000c9a9900000)]
  0x000002bc7fadd2b0 JavaThread "ForkJoinPool.commonPool-worker-3" daemon [_thread_blocked, id=4388, stack(0x000000c9a9900000,0x000000c9a9a00000)]
  0x000002bc7fae0550 JavaThread "ForkJoinPool.commonPool-worker-4" daemon [_thread_blocked, id=2036, stack(0x000000c9a9a00000,0x000000c9a9b00000)]
  0x000002bc7fade1e0 JavaThread "ForkJoinPool.commonPool-worker-5" daemon [_thread_blocked, id=17324, stack(0x000000c9a9b00000,0x000000c9a9c00000)]
  0x000002bc7fae1480 JavaThread "ForkJoinPool.commonPool-worker-6" daemon [_thread_blocked, id=9276, stack(0x000000c9a9c00000,0x000000c9a9d00000)]
  0x000002bc7fade6f0 JavaThread "ForkJoinPool.commonPool-worker-7" daemon [_thread_blocked, id=7032, stack(0x000000c9a9d00000,0x000000c9a9e00000)]
  0x000002bc7fadec00 JavaThread "included builds" [_thread_blocked, id=10372, stack(0x000000c9a7100000,0x000000c9a7200000)]
  0x000002bc7fae0a60 JavaThread "Execution worker" [_thread_blocked, id=4316, stack(0x000000c9a9e00000,0x000000c9a9f00000)]
  0x000002bc7fae0f70 JavaThread "Execution worker Thread 2" [_thread_blocked, id=6220, stack(0x000000c9a9f00000,0x000000c9aa000000)]
  0x000002bc015ed0e0 JavaThread "Execution worker Thread 3" [_thread_blocked, id=10148, stack(0x000000c9aa000000,0x000000c9aa100000)]
  0x000002bc015eea30 JavaThread "Execution worker Thread 4" [_thread_blocked, id=4164, stack(0x000000c9aa100000,0x000000c9aa200000)]
  0x000002bc015f0380 JavaThread "Execution worker Thread 5" [_thread_blocked, id=10312, stack(0x000000c9aa200000,0x000000c9aa300000)]
  0x000002bc015edb00 JavaThread "Execution worker Thread 6" [_thread_blocked, id=14916, stack(0x000000c9aa300000,0x000000c9aa400000)]
  0x000002bc015ee010 JavaThread "Execution worker Thread 7" [_thread_blocked, id=1704, stack(0x000000c9aa400000,0x000000c9aa500000)]
  0x000002bc015ef960 JavaThread "Cache worker for execution history cache (D:\Photon-Pos\#2 Retailer\omniretailer\node_modules\@react-native\gradle-plugin\.gradle\8.6\executionHistory)" [_thread_blocked, id=6580, stack(0x000000c9aa500000,0x000000c9aa600000)]
  0x000002bc015ef450 JavaThread "Unconstrained build operations Thread 10" [_thread_blocked, id=1968, stack(0x000000c9aa600000,0x000000c9aa700000)]
  0x000002bc015ee520 JavaThread "Unconstrained build operations Thread 11" [_thread_blocked, id=4988, stack(0x000000c9aa700000,0x000000c9aa800000)]
  0x000002bc015efe70 JavaThread "Unconstrained build operations Thread 12" [_thread_blocked, id=8888, stack(0x000000c9aa800000,0x000000c9aa900000)]
  0x000002bc015f0890 JavaThread "Unconstrained build operations Thread 13" [_thread_blocked, id=15828, stack(0x000000c9aa900000,0x000000c9aaa00000)]
  0x000002bc015ed5f0 JavaThread "Unconstrained build operations Thread 14" [_thread_blocked, id=8920, stack(0x000000c9aaa00000,0x000000c9aab00000)]
  0x000002bc015eef40 JavaThread "Unconstrained build operations Thread 15" [_thread_blocked, id=10840, stack(0x000000c9aab00000,0x000000c9aac00000)]
  0x000002bc033a17f0 JavaThread "Unconstrained build operations Thread 16" [_thread_blocked, id=14976, stack(0x000000c9aac00000,0x000000c9aad00000)]
  0x000002bc0339ea60 JavaThread "Unconstrained build operations Thread 17" [_thread_blocked, id=6808, stack(0x000000c9aad00000,0x000000c9aae00000)]
  0x000002bc0339d620 JavaThread "Unconstrained build operations Thread 18" [_thread_blocked, id=11408, stack(0x000000c9aae00000,0x000000c9aaf00000)]
  0x000002bc033a2210 JavaThread "Unconstrained build operations Thread 19" [_thread_blocked, id=3460, stack(0x000000c9aaf00000,0x000000c9ab000000)]
  0x000002bc033a3650 JavaThread "Unconstrained build operations Thread 20" [_thread_blocked, id=13648, stack(0x000000c9ab000000,0x000000c9ab100000)]
  0x000002bc033a3b60 JavaThread "Unconstrained build operations Thread 21" [_thread_blocked, id=10804, stack(0x000000c9ab100000,0x000000c9ab200000)]
  0x000002bc033a2720 JavaThread "Unconstrained build operations Thread 22" [_thread_blocked, id=15696, stack(0x000000c9ab200000,0x000000c9ab300000)]
  0x000002bc033a4070 JavaThread "Unconstrained build operations Thread 23" [_thread_blocked, id=3736, stack(0x000000c9ab300000,0x000000c9ab400000)]
  0x000002bc033a4a90 JavaThread "Unconstrained build operations Thread 24" [_thread_blocked, id=10500, stack(0x000000c9ab500000,0x000000c9ab600000)]
  0x000002bc0339f990 JavaThread "Unconstrained build operations Thread 25" [_thread_blocked, id=2612, stack(0x000000c9ab600000,0x000000c9ab700000)]
  0x000002bc033a08c0 JavaThread "Unconstrained build operations Thread 26" [_thread_blocked, id=6464, stack(0x000000c9ab700000,0x000000c9ab800000)]
  0x000002bc033a1d00 JavaThread "Unconstrained build operations Thread 27" [_thread_blocked, id=5864, stack(0x000000c9ab800000,0x000000c9ab900000)]
  0x000002bc033a2c30 JavaThread "Unconstrained build operations Thread 28" [_thread_blocked, id=9440, stack(0x000000c9ab900000,0x000000c9aba00000)]
  0x000002bc0339fea0 JavaThread "Unconstrained build operations Thread 29" [_thread_blocked, id=2592, stack(0x000000c9aba00000,0x000000c9abb00000)]
  0x000002bc0339ef70 JavaThread "Unconstrained build operations Thread 30" [_thread_blocked, id=13272, stack(0x000000c9abb00000,0x000000c9abc00000)]
  0x000002bc033a0dd0 JavaThread "Unconstrained build operations Thread 31" [_thread_blocked, id=13084, stack(0x000000c9abc00000,0x000000c9abd00000)]
  0x000002bc033a3140 JavaThread "Unconstrained build operations Thread 32" [_thread_blocked, id=5380, stack(0x000000c9abd00000,0x000000c9abe00000)]
  0x000002bc0339e550 JavaThread "build event listener" [_thread_blocked, id=13672, stack(0x000000c9ab400000,0x000000c9ab500000)]
  0x000002bc033a12e0 JavaThread "Unconstrained build operations Thread 33" [_thread_blocked, id=8236, stack(0x000000c9ac000000,0x000000c9ac100000)]
  0x000002bc7ee55280 JavaThread "Unconstrained build operations Thread 34" [_thread_blocked, id=15596, stack(0x000000c9ac100000,0x000000c9ac200000)]
  0x000002bc7ee58520 JavaThread "Unconstrained build operations Thread 35" [_thread_blocked, id=7356, stack(0x000000c9ac200000,0x000000c9ac300000)]
  0x000002bc7ee51ad0 JavaThread "Unconstrained build operations Thread 36" [_thread_blocked, id=5780, stack(0x000000c9ac300000,0x000000c9ac400000)]
  0x000002bc7ee570e0 JavaThread "Unconstrained build operations Thread 37" [_thread_blocked, id=9104, stack(0x000000c9ac400000,0x000000c9ac500000)]
  0x000002bc7ee51fe0 JavaThread "Unconstrained build operations Thread 38" [_thread_blocked, id=3500, stack(0x000000c9ac500000,0x000000c9ac600000)]
  0x000002bc7ee58010 JavaThread "Unconstrained build operations Thread 39" [_thread_blocked, id=16676, stack(0x000000c9ac600000,0x000000c9ac700000)]
  0x000002bc7ee54350 JavaThread "Unconstrained build operations Thread 40" [_thread_blocked, id=10400, stack(0x000000c9ac700000,0x000000c9ac800000)]
  0x000002bc7ee53930 JavaThread "Unconstrained build operations Thread 41" [_thread_blocked, id=17352, stack(0x000000c9ac800000,0x000000c9ac900000)]
  0x000002bc7ee515c0 JavaThread "Unconstrained build operations Thread 42" [_thread_blocked, id=7052, stack(0x000000c9ac900000,0x000000c9aca00000)]
  0x000002bc7ee58a30 JavaThread "Unconstrained build operations Thread 43" [_thread_blocked, id=10448, stack(0x000000c9aca00000,0x000000c9acb00000)]
  0x000002bc7ee524f0 JavaThread "Unconstrained build operations Thread 44" [_thread_blocked, id=1556, stack(0x000000c9acb00000,0x000000c9acc00000)]
  0x000002bc7ee52a00 JavaThread "Unconstrained build operations Thread 45" [_thread_blocked, id=15156, stack(0x000000c9acc00000,0x000000c9acd00000)]
  0x000002bc7ee52f10 JavaThread "Unconstrained build operations Thread 46" [_thread_blocked, id=11696, stack(0x000000c9acd00000,0x000000c9ace00000)]
  0x000002bc7ee53420 JavaThread "Unconstrained build operations Thread 47" [_thread_blocked, id=11076, stack(0x000000c9ace00000,0x000000c9acf00000)]
  0x000002bc7ee53e40 JavaThread "Unconstrained build operations Thread 48" [_thread_blocked, id=14136, stack(0x000000c9acf00000,0x000000c9ad000000)]
  0x000002bc7ee54860 JavaThread "Unconstrained build operations Thread 49" [_thread_blocked, id=15132, stack(0x000000c9ad000000,0x000000c9ad100000)]
  0x000002bc7ee54d70 JavaThread "Unconstrained build operations Thread 50" [_thread_blocked, id=15904, stack(0x000000c9ad100000,0x000000c9ad200000)]
  0x000002bc7ee566c0 JavaThread "Unconstrained build operations Thread 51" [_thread_blocked, id=16540, stack(0x000000c9ad200000,0x000000c9ad300000)]
  0x000002bc7ee56bd0 JavaThread "Unconstrained build operations Thread 52" [_thread_blocked, id=3616, stack(0x000000c9ad300000,0x000000c9ad400000)]
  0x000002bc7ee55790 JavaThread "Unconstrained build operations Thread 53" [_thread_blocked, id=15376, stack(0x000000c9abf00000,0x000000c9ac000000)]
  0x000002bc7ee55ca0 JavaThread "Unconstrained build operations Thread 54" [_thread_blocked, id=12860, stack(0x000000c9ad400000,0x000000c9ad500000)]
  0x000002bc042ee9b0 JavaThread "Unconstrained build operations Thread 55" [_thread_blocked, id=4688, stack(0x000000c9ad500000,0x000000c9ad600000)]
  0x000002bc042efdf0 JavaThread "Unconstrained build operations Thread 56" [_thread_blocked, id=15676, stack(0x000000c9ad600000,0x000000c9ad700000)]
  0x000002bc042edf90 JavaThread "Unconstrained build operations Thread 57" [_thread_blocked, id=4252, stack(0x000000c9ad700000,0x000000c9ad800000)]
  0x000002bc042ef3d0 JavaThread "Unconstrained build operations Thread 58" [_thread_blocked, id=15400, stack(0x000000c9ad800000,0x000000c9ad900000)]
  0x000002bc042eda80 JavaThread "Unconstrained build operations Thread 59" [_thread_blocked, id=6400, stack(0x000000c9ad900000,0x000000c9ada00000)]
  0x000002bc042ed570 JavaThread "Unconstrained build operations Thread 60" [_thread_blocked, id=8780, stack(0x000000c9adb00000,0x000000c9adc00000)]
  0x000002bc042ee4a0 JavaThread "Unconstrained build operations Thread 61" [_thread_blocked, id=16452, stack(0x000000c9adc00000,0x000000c9add00000)]
  0x000002bc042f0300 JavaThread "Unconstrained build operations Thread 62" [_thread_blocked, id=14648, stack(0x000000c9add00000,0x000000c9ade00000)]
  0x000002bc042ef8e0 JavaThread "Unconstrained build operations Thread 63" [_thread_blocked, id=17176, stack(0x000000c9ade00000,0x000000c9adf00000)]
  0x000002bc0339f480 JavaThread "Unconstrained build operations Thread 64" [_thread_blocked, id=14324, stack(0x000000c9adf00000,0x000000c9ae000000)]
  0x000002bc7ee510b0 JavaThread "Unconstrained build operations Thread 65" [_thread_blocked, id=1860, stack(0x000000c9ae000000,0x000000c9ae100000)]
  0x000002bc09ba3e10 JavaThread "Unconstrained build operations Thread 66" [_thread_blocked, id=6460, stack(0x000000c9ae100000,0x000000c9ae200000)]
=>0x000002bc00cfa060 JavaThread "C2 CompilerThread1" daemon [_thread_in_native, id=3552, stack(0x000000c9a4a00000,0x000000c9a4b00000)]
  0x000002bc00cfb050 JavaThread "C2 CompilerThread2" daemon [_thread_in_native, id=12660, stack(0x000000c9a4b00000,0x000000c9a4c00000)]
  0x000002bc09ba4d40 JavaThread "Unconstrained build operations Thread 67" [_thread_blocked, id=4024, stack(0x000000c9a4c00000,0x000000c9a4d00000)]
  0x000002bc09ba2ee0 JavaThread "Unconstrained build operations Thread 68" [_thread_blocked, id=3804, stack(0x000000c9abe00000,0x000000c9abf00000)]
  0x000002bc09ba5250 JavaThread "Unconstrained build operations Thread 69" [_thread_blocked, id=15124, stack(0x000000c9ada00000,0x000000c9adb00000)]
  0x000002bc09ba4320 JavaThread "Unconstrained build operations Thread 70" [_thread_blocked, id=15116, stack(0x000000c9ae200000,0x000000c9ae300000)]
  0x000002bc09ba84f0 JavaThread "Unconstrained build operations Thread 71" [_thread_blocked, id=2624, stack(0x000000c9ae300000,0x000000c9ae400000)]
  0x000002bc09ba33f0 JavaThread "Unconstrained build operations Thread 72" [_thread_blocked, id=7704, stack(0x000000c9ae400000,0x000000c9ae500000)]
  0x000002bc09ba75c0 JavaThread "Unconstrained build operations Thread 73" [_thread_blocked, id=5840, stack(0x000000c9ae500000,0x000000c9ae600000)]
  0x000002bc09ba6ba0 JavaThread "Unconstrained build operations Thread 74" [_thread_blocked, id=13620, stack(0x000000c9ae600000,0x000000c9ae700000)]
  0x000002bc09ba8f10 JavaThread "Unconstrained build operations Thread 75" [_thread_blocked, id=8284, stack(0x000000c9ae700000,0x000000c9ae800000)]
  0x000002bc09ba7ad0 JavaThread "Unconstrained build operations Thread 76" [_thread_blocked, id=5908, stack(0x000000c9ae800000,0x000000c9ae900000)]
  0x000002bc09ba8a00 JavaThread "Unconstrained build operations Thread 77" [_thread_blocked, id=16832, stack(0x000000c9ae900000,0x000000c9aea00000)]
  0x000002bc09ba9420 JavaThread "Unconstrained build operations Thread 78" [_thread_blocked, id=11688, stack(0x000000c9aea00000,0x000000c9aeb00000)]
  0x000002bc09ba7fe0 JavaThread "Unconstrained build operations Thread 79" [_thread_blocked, id=3704, stack(0x000000c9aeb00000,0x000000c9aec00000)]
  0x000002bc09ba1fb0 JavaThread "Unconstrained build operations Thread 80" [_thread_blocked, id=12408, stack(0x000000c9aec00000,0x000000c9aed00000)]
  0x000002bc09ba29d0 JavaThread "Cache worker for execution history cache (D:\Photon-Pos\#2 Retailer\omniretailer\android\.gradle\8.6\executionHistory)" [_thread_blocked, id=4104, stack(0x000000c9aed00000,0x000000c9aee00000)]

Other Threads:
  0x000002bc5e18ffb0 VMThread "VM Thread" [stack: 0x000000c9a5300000,0x000000c9a5400000] [id=16004]
  0x000002bc3fdb6aa0 WatcherThread [stack: 0x000000c9a5f00000,0x000000c9a6000000] [id=10384]
  0x000002bc3fd91480 GCTaskThread "GC Thread#0" [stack: 0x000000c9a4e00000,0x000000c9a4f00000] [id=15552]
  0x000002bc7e526fa0 GCTaskThread "GC Thread#1" [stack: 0x000000c9a6100000,0x000000c9a6200000] [id=8088]
  0x000002bc7e527970 GCTaskThread "GC Thread#2" [stack: 0x000000c9a6200000,0x000000c9a6300000] [id=15740]
  0x000002bc7e527c30 GCTaskThread "GC Thread#3" [stack: 0x000000c9a6300000,0x000000c9a6400000] [id=13004]
  0x000002bc7e47ac20 GCTaskThread "GC Thread#4" [stack: 0x000000c9a6400000,0x000000c9a6500000] [id=16268]
  0x000002bc7e01fef0 GCTaskThread "GC Thread#5" [stack: 0x000000c9a7500000,0x000000c9a7600000] [id=10668]
  0x000002bc00b88000 GCTaskThread "GC Thread#6" [stack: 0x000000c9a7600000,0x000000c9a7700000] [id=1752]
  0x000002bc00e14820 GCTaskThread "GC Thread#7" [stack: 0x000000c9a7700000,0x000000c9a7800000] [id=15948]
  0x000002bc3fda22e0 ConcurrentGCThread "G1 Main Marker" [stack: 0x000000c9a4f00000,0x000000c9a5000000] [id=9592]
  0x000002bc3fda2c00 ConcurrentGCThread "G1 Conc#0" [stack: 0x000000c9a5000000,0x000000c9a5100000] [id=16280]
  0x000002bc7eee7300 ConcurrentGCThread "G1 Conc#1" [stack: 0x000000c9a7800000,0x000000c9a7900000] [id=8172]
  0x000002bc3fdddc60 ConcurrentGCThread "G1 Refine#0" [stack: 0x000000c9a5100000,0x000000c9a5200000] [id=17384]
  0x000002bc3fdde5a0 ConcurrentGCThread "G1 Service" [stack: 0x000000c9a5200000,0x000000c9a5300000] [id=10224]

Threads with active compile tasks:
C2 CompilerThread0    70056 17862   !   4       java.util.concurrent.FutureTask::run (123 bytes)
C2 CompilerThread1    70057 17859       4       org.gradle.cache.internal.AsyncCacheAccessDecoratedCache$$Lambda$551/0x000002bc60490870::create (12 bytes)
C2 CompilerThread2    70057 17858       4       org.gradle.cache.internal.ExclusiveCacheAccessingWorker$1::call (10 bytes)

VM state: not at safepoint (normal execution)

VM Mutex/Monitor currently owned by a thread: None

Heap address: 0x0000000080000000, size: 2048 MB, Compressed Oops mode: 32-bit

CDS archive(s) mapped at: [0x000002bc5f000000-0x000002bc5fbd0000-0x000002bc5fbd0000), size 12386304, SharedBaseAddress: 0x000002bc5f000000, ArchiveRelocationMode: 1.
Compressed class space mapped at: 0x000002bc60000000-0x000002bc7a000000, reserved size: 436207616
Narrow klass base: 0x000002bc5f000000, Narrow klass shift: 0, Narrow klass range: 0x100000000

GC Precious Log:
 CPUs: 8 total, 8 available
 Memory: 12037M
 Large Page Support: Disabled
 NUMA Support: Disabled
 Compressed Oops: Enabled (32-bit)
 Heap Region Size: 1M
 Heap Min Capacity: 8M
 Heap Initial Capacity: 190M
 Heap Max Capacity: 2G
 Pre-touch: Disabled
 Parallel Workers: 8
 Concurrent Workers: 2
 Concurrent Refinement Workers: 8
 Periodic GC: Disabled

Heap:
 garbage-first heap   total 317440K, used 257517K [0x0000000080000000, 0x0000000100000000)
  region size 1024K, 8 young (8192K), 3 survivors (3072K)
 Metaspace       used 109189K, committed 110912K, reserved 557056K
  class space    used 15255K, committed 16064K, reserved 425984K

Heap Regions: E=young(eden), S=young(survivor), O=old, HS=humongous(starts), HC=humongous(continues), CS=collection set, F=free, OA=open archive, CA=closed archive, TAMS=top-at-mark-start (previous, next)
|   0|0x0000000080000000, 0x0000000080100000, 0x0000000080100000|100%|HS|  |TAMS 0x0000000080100000, 0x0000000080000000| Complete 
|   1|0x0000000080100000, 0x0000000080200000, 0x0000000080200000|100%|HC|  |TAMS 0x0000000080200000, 0x0000000080100000| Complete 
|   2|0x0000000080200000, 0x0000000080300000, 0x0000000080300000|100%|HC|  |TAMS 0x0000000080300000, 0x0000000080200000| Complete 
|   3|0x0000000080300000, 0x0000000080400000, 0x0000000080400000|100%|HC|  |TAMS 0x0000000080400000, 0x0000000080300000| Complete 
|   4|0x0000000080400000, 0x0000000080500000, 0x0000000080500000|100%| O|  |TAMS 0x0000000080500000, 0x0000000080400000| Untracked 
|   5|0x0000000080500000, 0x0000000080600000, 0x0000000080600000|100%| O|  |TAMS 0x0000000080600000, 0x0000000080500000| Untracked 
|   6|0x0000000080600000, 0x0000000080700000, 0x0000000080700000|100%| O|  |TAMS 0x0000000080700000, 0x0000000080600000| Untracked 
|   7|0x0000000080700000, 0x0000000080800000, 0x0000000080800000|100%| O|  |TAMS 0x0000000080800000, 0x0000000080700000| Untracked 
|   8|0x0000000080800000, 0x0000000080900000, 0x0000000080900000|100%| O|  |TAMS 0x0000000080900000, 0x0000000080800000| Untracked 
|   9|0x0000000080900000, 0x0000000080a00000, 0x0000000080a00000|100%| O|  |TAMS 0x0000000080a00000, 0x0000000080900000| Untracked 
|  10|0x0000000080a00000, 0x0000000080b00000, 0x0000000080b00000|100%| O|  |TAMS 0x0000000080b00000, 0x0000000080a00000| Untracked 
|  11|0x0000000080b00000, 0x0000000080c00000, 0x0000000080c00000|100%| O|  |TAMS 0x0000000080c00000, 0x0000000080b00000| Untracked 
|  12|0x0000000080c00000, 0x0000000080d00000, 0x0000000080d00000|100%| O|  |TAMS 0x0000000080d00000, 0x0000000080c00000| Untracked 
|  13|0x0000000080d00000, 0x0000000080e00000, 0x0000000080e00000|100%| O|  |TAMS 0x0000000080e00000, 0x0000000080d00000| Untracked 
|  14|0x0000000080e00000, 0x0000000080f00000, 0x0000000080f00000|100%| O|  |TAMS 0x0000000080f00000, 0x0000000080e00000| Untracked 
|  15|0x0000000080f00000, 0x0000000081000000, 0x0000000081000000|100%| O|  |TAMS 0x0000000081000000, 0x0000000080f00000| Untracked 
|  16|0x0000000081000000, 0x0000000081100000, 0x0000000081100000|100%| O|  |TAMS 0x0000000081100000, 0x0000000081000000| Untracked 
|  17|0x0000000081100000, 0x0000000081200000, 0x0000000081200000|100%| O|  |TAMS 0x0000000081200000, 0x0000000081100000| Untracked 
|  18|0x0000000081200000, 0x0000000081300000, 0x0000000081300000|100%| O|  |TAMS 0x0000000081300000, 0x0000000081200000| Untracked 
|  19|0x0000000081300000, 0x0000000081400000, 0x0000000081400000|100%| O|  |TAMS 0x0000000081400000, 0x0000000081300000| Untracked 
|  20|0x0000000081400000, 0x0000000081500000, 0x0000000081500000|100%| O|  |TAMS 0x0000000081500000, 0x0000000081400000| Untracked 
|  21|0x0000000081500000, 0x00000000815dd200, 0x0000000081600000| 86%| O|  |TAMS 0x00000000815dd200, 0x0000000081500000| Untracked 
|  22|0x0000000081600000, 0x0000000081700000, 0x0000000081700000|100%| O|  |TAMS 0x0000000081700000, 0x0000000081600000| Untracked 
|  23|0x0000000081700000, 0x0000000081800000, 0x0000000081800000|100%| O|  |TAMS 0x0000000081800000, 0x0000000081700000| Untracked 
|  24|0x0000000081800000, 0x0000000081900000, 0x0000000081900000|100%| O|  |TAMS 0x0000000081900000, 0x0000000081800000| Untracked 
|  25|0x0000000081900000, 0x0000000081a00000, 0x0000000081a00000|100%| O|  |TAMS 0x0000000081a00000, 0x0000000081900000| Untracked 
|  26|0x0000000081a00000, 0x0000000081b00000, 0x0000000081b00000|100%| O|  |TAMS 0x0000000081b00000, 0x0000000081a00000| Untracked 
|  27|0x0000000081b00000, 0x0000000081c00000, 0x0000000081c00000|100%| O|  |TAMS 0x0000000081c00000, 0x0000000081b00000| Untracked 
|  28|0x0000000081c00000, 0x0000000081d00000, 0x0000000081d00000|100%| O|  |TAMS 0x0000000081d00000, 0x0000000081c00000| Untracked 
|  29|0x0000000081d00000, 0x0000000081e00000, 0x0000000081e00000|100%| O|  |TAMS 0x0000000081e00000, 0x0000000081d00000| Untracked 
|  30|0x0000000081e00000, 0x0000000081f00000, 0x0000000081f00000|100%| O|  |TAMS 0x0000000081f00000, 0x0000000081e00000| Untracked 
|  31|0x0000000081f00000, 0x0000000082000000, 0x0000000082000000|100%| O|  |TAMS 0x0000000082000000, 0x0000000081f00000| Untracked 
|  32|0x0000000082000000, 0x0000000082100000, 0x0000000082100000|100%| O|  |TAMS 0x0000000082100000, 0x0000000082000000| Untracked 
|  33|0x0000000082100000, 0x0000000082200000, 0x0000000082200000|100%| O|  |TAMS 0x0000000082200000, 0x0000000082100000| Untracked 
|  34|0x0000000082200000, 0x0000000082300000, 0x0000000082300000|100%| O|  |TAMS 0x0000000082300000, 0x0000000082200000| Untracked 
|  35|0x0000000082300000, 0x0000000082400000, 0x0000000082400000|100%| O|  |TAMS 0x0000000082400000, 0x0000000082300000| Untracked 
|  36|0x0000000082400000, 0x0000000082500000, 0x0000000082500000|100%| O|  |TAMS 0x0000000082500000, 0x0000000082400000| Untracked 
|  37|0x0000000082500000, 0x0000000082600000, 0x0000000082600000|100%| O|  |TAMS 0x0000000082600000, 0x0000000082500000| Untracked 
|  38|0x0000000082600000, 0x0000000082700000, 0x0000000082700000|100%| O|  |TAMS 0x0000000082700000, 0x0000000082600000| Untracked 
|  39|0x0000000082700000, 0x0000000082800000, 0x0000000082800000|100%| O|  |TAMS 0x0000000082800000, 0x0000000082700000| Untracked 
|  40|0x0000000082800000, 0x0000000082900000, 0x0000000082900000|100%| O|  |TAMS 0x0000000082900000, 0x0000000082800000| Untracked 
|  41|0x0000000082900000, 0x0000000082a00000, 0x0000000082a00000|100%| O|  |TAMS 0x0000000082a00000, 0x0000000082900000| Untracked 
|  42|0x0000000082a00000, 0x0000000082b00000, 0x0000000082b00000|100%| O|  |TAMS 0x0000000082b00000, 0x0000000082a00000| Untracked 
|  43|0x0000000082b00000, 0x0000000082c00000, 0x0000000082c00000|100%|HS|  |TAMS 0x0000000082c00000, 0x0000000082b00000| Complete 
|  44|0x0000000082c00000, 0x0000000082d00000, 0x0000000082d00000|100%|HC|  |TAMS 0x0000000082d00000, 0x0000000082c00000| Complete 
|  45|0x0000000082d00000, 0x0000000082e00000, 0x0000000082e00000|100%|HS|  |TAMS 0x0000000082e00000, 0x0000000082d00000| Complete 
|  46|0x0000000082e00000, 0x0000000082f00000, 0x0000000082f00000|100%|HC|  |TAMS 0x0000000082f00000, 0x0000000082e00000| Complete 
|  47|0x0000000082f00000, 0x0000000083000000, 0x0000000083000000|100%| O|  |TAMS 0x0000000083000000, 0x0000000082f00000| Untracked 
|  48|0x0000000083000000, 0x0000000083100000, 0x0000000083100000|100%| O|  |TAMS 0x0000000083100000, 0x0000000083000000| Untracked 
|  49|0x0000000083100000, 0x0000000083200000, 0x0000000083200000|100%|HS|  |TAMS 0x0000000083200000, 0x0000000083100000| Complete 
|  50|0x0000000083200000, 0x0000000083300000, 0x0000000083300000|100%|HC|  |TAMS 0x0000000083300000, 0x0000000083200000| Complete 
|  51|0x0000000083300000, 0x0000000083400000, 0x0000000083400000|100%|HC|  |TAMS 0x0000000083400000, 0x0000000083300000| Complete 
|  52|0x0000000083400000, 0x0000000083500000, 0x0000000083500000|100%|HC|  |TAMS 0x0000000083500000, 0x0000000083400000| Complete 
|  53|0x0000000083500000, 0x0000000083600000, 0x0000000083600000|100%|HS|  |TAMS 0x0000000083600000, 0x0000000083500000| Complete 
|  54|0x0000000083600000, 0x0000000083700000, 0x0000000083700000|100%|HC|  |TAMS 0x0000000083700000, 0x0000000083600000| Complete 
|  55|0x0000000083700000, 0x0000000083800000, 0x0000000083800000|100%|HC|  |TAMS 0x0000000083800000, 0x0000000083700000| Complete 
|  56|0x0000000083800000, 0x0000000083900000, 0x0000000083900000|100%|HC|  |TAMS 0x0000000083900000, 0x0000000083800000| Complete 
|  57|0x0000000083900000, 0x0000000083a00000, 0x0000000083a00000|100%| O|  |TAMS 0x0000000083a00000, 0x0000000083900000| Untracked 
|  58|0x0000000083a00000, 0x0000000083b00000, 0x0000000083b00000|100%| O|  |TAMS 0x0000000083b00000, 0x0000000083a00000| Untracked 
|  59|0x0000000083b00000, 0x0000000083c00000, 0x0000000083c00000|100%| O|  |TAMS 0x0000000083c00000, 0x0000000083b00000| Untracked 
|  60|0x0000000083c00000, 0x0000000083d00000, 0x0000000083d00000|100%| O|  |TAMS 0x0000000083d00000, 0x0000000083c00000| Untracked 
|  61|0x0000000083d00000, 0x0000000083e00000, 0x0000000083e00000|100%| O|  |TAMS 0x0000000083e00000, 0x0000000083d00000| Untracked 
|  62|0x0000000083e00000, 0x0000000083f00000, 0x0000000083f00000|100%| O|  |TAMS 0x0000000083f00000, 0x0000000083e00000| Untracked 
|  63|0x0000000083f00000, 0x0000000084000000, 0x0000000084000000|100%| O|  |TAMS 0x0000000084000000, 0x0000000083f00000| Untracked 
|  64|0x0000000084000000, 0x0000000084100000, 0x0000000084100000|100%| O|  |TAMS 0x0000000084100000, 0x0000000084000000| Untracked 
|  65|0x0000000084100000, 0x0000000084200000, 0x0000000084200000|100%| O|  |TAMS 0x0000000084200000, 0x0000000084100000| Untracked 
|  66|0x0000000084200000, 0x0000000084300000, 0x0000000084300000|100%| O|  |TAMS 0x0000000084300000, 0x0000000084200000| Untracked 
|  67|0x0000000084300000, 0x0000000084400000, 0x0000000084400000|100%| O|  |TAMS 0x0000000084400000, 0x0000000084300000| Untracked 
|  68|0x0000000084400000, 0x0000000084500000, 0x0000000084500000|100%| O|  |TAMS 0x0000000084500000, 0x0000000084400000| Untracked 
|  69|0x0000000084500000, 0x0000000084600000, 0x0000000084600000|100%| O|  |TAMS 0x0000000084600000, 0x0000000084500000| Untracked 
|  70|0x0000000084600000, 0x0000000084700000, 0x0000000084700000|100%| O|  |TAMS 0x0000000084700000, 0x0000000084600000| Untracked 
|  71|0x0000000084700000, 0x0000000084800000, 0x0000000084800000|100%| O|  |TAMS 0x0000000084800000, 0x0000000084700000| Untracked 
|  72|0x0000000084800000, 0x0000000084900000, 0x0000000084900000|100%|HS|  |TAMS 0x0000000084900000, 0x0000000084800000| Complete 
|  73|0x0000000084900000, 0x0000000084a00000, 0x0000000084a00000|100%|HS|  |TAMS 0x0000000084a00000, 0x0000000084900000| Complete 
|  74|0x0000000084a00000, 0x0000000084b00000, 0x0000000084b00000|100%|HS|  |TAMS 0x0000000084b00000, 0x0000000084a00000| Complete 
|  75|0x0000000084b00000, 0x0000000084c00000, 0x0000000084c00000|100%|HS|  |TAMS 0x0000000084c00000, 0x0000000084b00000| Complete 
|  76|0x0000000084c00000, 0x0000000084d00000, 0x0000000084d00000|100%|HS|  |TAMS 0x0000000084d00000, 0x0000000084c00000| Complete 
|  77|0x0000000084d00000, 0x0000000084e00000, 0x0000000084e00000|100%|HS|  |TAMS 0x0000000084d00000, 0x0000000084d00000| Complete 
|  78|0x0000000084e00000, 0x0000000084f00000, 0x0000000084f00000|100%|HS|  |TAMS 0x0000000084e00000, 0x0000000084e00000| Complete 
|  79|0x0000000084f00000, 0x0000000085000000, 0x0000000085000000|100%| O|  |TAMS 0x0000000085000000, 0x0000000084f00000| Untracked 
|  80|0x0000000085000000, 0x0000000085100000, 0x0000000085100000|100%| O|  |TAMS 0x0000000085100000, 0x0000000085000000| Untracked 
|  81|0x0000000085100000, 0x0000000085200000, 0x0000000085200000|100%| O|  |TAMS 0x0000000085200000, 0x0000000085100000| Untracked 
|  82|0x0000000085200000, 0x0000000085300000, 0x0000000085300000|100%| O|  |TAMS 0x0000000085300000, 0x0000000085200000| Untracked 
|  83|0x0000000085300000, 0x0000000085400000, 0x0000000085400000|100%| O|  |TAMS 0x0000000085400000, 0x0000000085300000| Untracked 
|  84|0x0000000085400000, 0x0000000085500000, 0x0000000085500000|100%| O|  |TAMS 0x0000000085500000, 0x0000000085400000| Untracked 
|  85|0x0000000085500000, 0x0000000085600000, 0x0000000085600000|100%| O|  |TAMS 0x0000000085600000, 0x0000000085500000| Untracked 
|  86|0x0000000085600000, 0x0000000085700000, 0x0000000085700000|100%| O|  |TAMS 0x0000000085700000, 0x0000000085600000| Untracked 
|  87|0x0000000085700000, 0x0000000085800000, 0x0000000085800000|100%| O|  |TAMS 0x0000000085800000, 0x0000000085700000| Untracked 
|  88|0x0000000085800000, 0x0000000085900000, 0x0000000085900000|100%|HS|  |TAMS 0x0000000085800000, 0x0000000085800000| Complete 
|  89|0x0000000085900000, 0x0000000085a00000, 0x0000000085a00000|100%| O|  |TAMS 0x0000000085a00000, 0x0000000085900000| Untracked 
|  90|0x0000000085a00000, 0x0000000085b00000, 0x0000000085b00000|100%| O|  |TAMS 0x0000000085b00000, 0x0000000085a00000| Untracked 
|  91|0x0000000085b00000, 0x0000000085c00000, 0x0000000085c00000|100%| O|  |TAMS 0x0000000085c00000, 0x0000000085b00000| Untracked 
|  92|0x0000000085c00000, 0x0000000085d00000, 0x0000000085d00000|100%| O|  |TAMS 0x0000000085d00000, 0x0000000085c00000| Untracked 
|  93|0x0000000085d00000, 0x0000000085e00000, 0x0000000085e00000|100%| O|  |TAMS 0x0000000085e00000, 0x0000000085d00000| Untracked 
|  94|0x0000000085e00000, 0x0000000085f00000, 0x0000000085f00000|100%| O|  |TAMS 0x0000000085f00000, 0x0000000085e00000| Untracked 
|  95|0x0000000085f00000, 0x0000000086000000, 0x0000000086000000|100%| O|  |TAMS 0x0000000086000000, 0x0000000085f00000| Untracked 
|  96|0x0000000086000000, 0x0000000086100000, 0x0000000086100000|100%| O|  |TAMS 0x0000000086100000, 0x0000000086000000| Untracked 
|  97|0x0000000086100000, 0x0000000086200000, 0x0000000086200000|100%| O|  |TAMS 0x0000000086200000, 0x0000000086100000| Untracked 
|  98|0x0000000086200000, 0x0000000086300000, 0x0000000086300000|100%| O|  |TAMS 0x0000000086300000, 0x0000000086200000| Untracked 
|  99|0x0000000086300000, 0x0000000086400000, 0x0000000086400000|100%| O|  |TAMS 0x0000000086400000, 0x0000000086300000| Untracked 
| 100|0x0000000086400000, 0x0000000086500000, 0x0000000086500000|100%| O|  |TAMS 0x0000000086500000, 0x0000000086400000| Untracked 
| 101|0x0000000086500000, 0x0000000086600000, 0x0000000086600000|100%| O|  |TAMS 0x0000000086600000, 0x0000000086500000| Untracked 
| 102|0x0000000086600000, 0x0000000086700000, 0x0000000086700000|100%| O|  |TAMS 0x0000000086700000, 0x0000000086600000| Untracked 
| 103|0x0000000086700000, 0x0000000086800000, 0x0000000086800000|100%| O|  |TAMS 0x0000000086800000, 0x0000000086700000| Untracked 
| 104|0x0000000086800000, 0x0000000086900000, 0x0000000086900000|100%| O|  |TAMS 0x0000000086900000, 0x0000000086800000| Untracked 
| 105|0x0000000086900000, 0x0000000086a00000, 0x0000000086a00000|100%| O|  |TAMS 0x0000000086a00000, 0x0000000086900000| Untracked 
| 106|0x0000000086a00000, 0x0000000086b00000, 0x0000000086b00000|100%| O|  |TAMS 0x0000000086b00000, 0x0000000086a00000| Untracked 
| 107|0x0000000086b00000, 0x0000000086c00000, 0x0000000086c00000|100%| O|  |TAMS 0x0000000086c00000, 0x0000000086b00000| Untracked 
| 108|0x0000000086c00000, 0x0000000086d00000, 0x0000000086d00000|100%| O|  |TAMS 0x0000000086d00000, 0x0000000086c00000| Untracked 
| 109|0x0000000086d00000, 0x0000000086e00000, 0x0000000086e00000|100%| O|  |TAMS 0x0000000086e00000, 0x0000000086d00000| Untracked 
| 110|0x0000000086e00000, 0x0000000086f00000, 0x0000000086f00000|100%| O|  |TAMS 0x0000000086f00000, 0x0000000086e00000| Untracked 
| 111|0x0000000086f00000, 0x0000000087000000, 0x0000000087000000|100%| O|  |TAMS 0x0000000087000000, 0x0000000086f00000| Untracked 
| 112|0x0000000087000000, 0x0000000087100000, 0x0000000087100000|100%| O|  |TAMS 0x0000000087100000, 0x0000000087000000| Untracked 
| 113|0x0000000087100000, 0x0000000087200000, 0x0000000087200000|100%| O|  |TAMS 0x0000000087200000, 0x0000000087100000| Untracked 
| 114|0x0000000087200000, 0x0000000087300000, 0x0000000087300000|100%| O|  |TAMS 0x0000000087300000, 0x0000000087200000| Untracked 
| 115|0x0000000087300000, 0x0000000087400000, 0x0000000087400000|100%| O|  |TAMS 0x0000000087400000, 0x0000000087300000| Untracked 
| 116|0x0000000087400000, 0x0000000087500000, 0x0000000087500000|100%| O|  |TAMS 0x0000000087500000, 0x0000000087400000| Untracked 
| 117|0x0000000087500000, 0x0000000087600000, 0x0000000087600000|100%| O|  |TAMS 0x0000000087600000, 0x0000000087500000| Untracked 
| 118|0x0000000087600000, 0x0000000087700000, 0x0000000087700000|100%| O|  |TAMS 0x0000000087700000, 0x0000000087600000| Untracked 
| 119|0x0000000087700000, 0x0000000087800000, 0x0000000087800000|100%| O|  |TAMS 0x0000000087800000, 0x0000000087700000| Untracked 
| 120|0x0000000087800000, 0x0000000087900000, 0x0000000087900000|100%| O|  |TAMS 0x0000000087900000, 0x0000000087800000| Untracked 
| 121|0x0000000087900000, 0x0000000087a00000, 0x0000000087a00000|100%| O|  |TAMS 0x0000000087a00000, 0x0000000087900000| Untracked 
| 122|0x0000000087a00000, 0x0000000087b00000, 0x0000000087b00000|100%| O|  |TAMS 0x0000000087b00000, 0x0000000087a00000| Untracked 
| 123|0x0000000087b00000, 0x0000000087c00000, 0x0000000087c00000|100%| O|  |TAMS 0x0000000087c00000, 0x0000000087b00000| Untracked 
| 124|0x0000000087c00000, 0x0000000087d00000, 0x0000000087d00000|100%| O|  |TAMS 0x0000000087d00000, 0x0000000087c00000| Untracked 
| 125|0x0000000087d00000, 0x0000000087e00000, 0x0000000087e00000|100%| O|  |TAMS 0x0000000087d85a00, 0x0000000087d00000| Untracked 
| 126|0x0000000087e00000, 0x0000000087f00000, 0x0000000087f00000|100%| O|  |TAMS 0x0000000087e00000, 0x0000000087e00000| Untracked 
| 127|0x0000000087f00000, 0x0000000088000000, 0x0000000088000000|100%| O|  |TAMS 0x0000000087f00000, 0x0000000087f00000| Untracked 
| 128|0x0000000088000000, 0x0000000088100000, 0x0000000088100000|100%| O|  |TAMS 0x0000000088000000, 0x0000000088000000| Untracked 
| 129|0x0000000088100000, 0x0000000088200000, 0x0000000088200000|100%| O|  |TAMS 0x0000000088100000, 0x0000000088100000| Untracked 
| 130|0x0000000088200000, 0x0000000088300000, 0x0000000088300000|100%| O|  |TAMS 0x0000000088200000, 0x0000000088200000| Untracked 
| 131|0x0000000088300000, 0x0000000088400000, 0x0000000088400000|100%| O|  |TAMS 0x0000000088300000, 0x0000000088300000| Untracked 
| 132|0x0000000088400000, 0x0000000088500000, 0x0000000088500000|100%| O|  |TAMS 0x0000000088400000, 0x0000000088400000| Untracked 
| 133|0x0000000088500000, 0x0000000088600000, 0x0000000088600000|100%| O|  |TAMS 0x0000000088500000, 0x0000000088500000| Untracked 
| 134|0x0000000088600000, 0x0000000088700000, 0x0000000088700000|100%| O|  |TAMS 0x0000000088600000, 0x0000000088600000| Untracked 
| 135|0x0000000088700000, 0x0000000088800000, 0x0000000088800000|100%| O|  |TAMS 0x0000000088700000, 0x0000000088700000| Untracked 
| 136|0x0000000088800000, 0x0000000088900000, 0x0000000088900000|100%| O|  |TAMS 0x0000000088800000, 0x0000000088800000| Untracked 
| 137|0x0000000088900000, 0x0000000088a00000, 0x0000000088a00000|100%| O|  |TAMS 0x0000000088900000, 0x0000000088900000| Untracked 
| 138|0x0000000088a00000, 0x0000000088b00000, 0x0000000088b00000|100%| O|  |TAMS 0x0000000088a00000, 0x0000000088a00000| Untracked 
| 139|0x0000000088b00000, 0x0000000088c00000, 0x0000000088c00000|100%| O|  |TAMS 0x0000000088b00000, 0x0000000088b00000| Untracked 
| 140|0x0000000088c00000, 0x0000000088d00000, 0x0000000088d00000|100%| O|  |TAMS 0x0000000088c00000, 0x0000000088c00000| Untracked 
| 141|0x0000000088d00000, 0x0000000088e00000, 0x0000000088e00000|100%| O|  |TAMS 0x0000000088d00000, 0x0000000088d00000| Untracked 
| 142|0x0000000088e00000, 0x0000000088f00000, 0x0000000088f00000|100%| O|  |TAMS 0x0000000088e00000, 0x0000000088e00000| Untracked 
| 143|0x0000000088f00000, 0x0000000089000000, 0x0000000089000000|100%| O|  |TAMS 0x0000000088f00000, 0x0000000088f00000| Untracked 
| 144|0x0000000089000000, 0x0000000089100000, 0x0000000089100000|100%| O|  |TAMS 0x0000000089000000, 0x0000000089000000| Untracked 
| 145|0x0000000089100000, 0x0000000089200000, 0x0000000089200000|100%| O|  |TAMS 0x0000000089100000, 0x0000000089100000| Untracked 
| 146|0x0000000089200000, 0x0000000089300000, 0x0000000089300000|100%| O|  |TAMS 0x0000000089200000, 0x0000000089200000| Untracked 
| 147|0x0000000089300000, 0x0000000089400000, 0x0000000089400000|100%| O|  |TAMS 0x0000000089300000, 0x0000000089300000| Untracked 
| 148|0x0000000089400000, 0x0000000089500000, 0x0000000089500000|100%|HS|  |TAMS 0x0000000089400000, 0x0000000089400000| Complete 
| 149|0x0000000089500000, 0x0000000089600000, 0x0000000089600000|100%| O|  |TAMS 0x0000000089500000, 0x0000000089500000| Untracked 
| 150|0x0000000089600000, 0x0000000089700000, 0x0000000089700000|100%|HS|  |TAMS 0x0000000089600000, 0x0000000089600000| Complete 
| 151|0x0000000089700000, 0x0000000089800000, 0x0000000089800000|100%|HC|  |TAMS 0x0000000089700000, 0x0000000089700000| Complete 
| 152|0x0000000089800000, 0x0000000089900000, 0x0000000089900000|100%| O|  |TAMS 0x0000000089800000, 0x0000000089800000| Untracked 
| 153|0x0000000089900000, 0x0000000089a00000, 0x0000000089a00000|100%| O|  |TAMS 0x0000000089900000, 0x0000000089900000| Untracked 
| 154|0x0000000089a00000, 0x0000000089b00000, 0x0000000089b00000|100%| O|  |TAMS 0x0000000089a00000, 0x0000000089a00000| Untracked 
| 155|0x0000000089b00000, 0x0000000089c00000, 0x0000000089c00000|100%| O|  |TAMS 0x0000000089b00000, 0x0000000089b00000| Untracked 
| 156|0x0000000089c00000, 0x0000000089d00000, 0x0000000089d00000|100%| O|  |TAMS 0x0000000089c00000, 0x0000000089c00000| Untracked 
| 157|0x0000000089d00000, 0x0000000089e00000, 0x0000000089e00000|100%| O|  |TAMS 0x0000000089d00000, 0x0000000089d00000| Untracked 
| 158|0x0000000089e00000, 0x0000000089f00000, 0x0000000089f00000|100%| O|  |TAMS 0x0000000089e00000, 0x0000000089e00000| Untracked 
| 159|0x0000000089f00000, 0x000000008a000000, 0x000000008a000000|100%| O|  |TAMS 0x0000000089f00000, 0x0000000089f00000| Untracked 
| 160|0x000000008a000000, 0x000000008a100000, 0x000000008a100000|100%| O|  |TAMS 0x000000008a000000, 0x000000008a000000| Untracked 
| 161|0x000000008a100000, 0x000000008a200000, 0x000000008a200000|100%| O|  |TAMS 0x000000008a100000, 0x000000008a100000| Untracked 
| 162|0x000000008a200000, 0x000000008a300000, 0x000000008a300000|100%| O|  |TAMS 0x000000008a200000, 0x000000008a200000| Untracked 
| 163|0x000000008a300000, 0x000000008a400000, 0x000000008a400000|100%| O|  |TAMS 0x000000008a300000, 0x000000008a300000| Untracked 
| 164|0x000000008a400000, 0x000000008a500000, 0x000000008a500000|100%| O|  |TAMS 0x000000008a400000, 0x000000008a400000| Untracked 
| 165|0x000000008a500000, 0x000000008a600000, 0x000000008a600000|100%| O|  |TAMS 0x000000008a500000, 0x000000008a500000| Untracked 
| 166|0x000000008a600000, 0x000000008a700000, 0x000000008a700000|100%| O|  |TAMS 0x000000008a600000, 0x000000008a600000| Untracked 
| 167|0x000000008a700000, 0x000000008a800000, 0x000000008a800000|100%| O|  |TAMS 0x000000008a700000, 0x000000008a700000| Untracked 
| 168|0x000000008a800000, 0x000000008a900000, 0x000000008a900000|100%|HS|  |TAMS 0x000000008a800000, 0x000000008a800000| Complete 
| 169|0x000000008a900000, 0x000000008aa00000, 0x000000008aa00000|100%| O|  |TAMS 0x000000008a900000, 0x000000008a900000| Untracked 
| 170|0x000000008aa00000, 0x000000008ab00000, 0x000000008ab00000|100%| O|  |TAMS 0x000000008aa00000, 0x000000008aa00000| Untracked 
| 171|0x000000008ab00000, 0x000000008ac00000, 0x000000008ac00000|100%| O|  |TAMS 0x000000008ab00000, 0x000000008ab00000| Untracked 
| 172|0x000000008ac00000, 0x000000008ad00000, 0x000000008ad00000|100%| O|  |TAMS 0x000000008ac00000, 0x000000008ac00000| Untracked 
| 173|0x000000008ad00000, 0x000000008ae00000, 0x000000008ae00000|100%| O|  |TAMS 0x000000008ad00000, 0x000000008ad00000| Untracked 
| 174|0x000000008ae00000, 0x000000008af00000, 0x000000008af00000|100%| O|  |TAMS 0x000000008ae00000, 0x000000008ae00000| Untracked 
| 175|0x000000008af00000, 0x000000008b000000, 0x000000008b000000|100%| O|  |TAMS 0x000000008af00000, 0x000000008af00000| Untracked 
| 176|0x000000008b000000, 0x000000008b100000, 0x000000008b100000|100%| O|  |TAMS 0x000000008b000000, 0x000000008b000000| Untracked 
| 177|0x000000008b100000, 0x000000008b200000, 0x000000008b200000|100%| O|  |TAMS 0x000000008b100000, 0x000000008b100000| Untracked 
| 178|0x000000008b200000, 0x000000008b300000, 0x000000008b300000|100%| O|  |TAMS 0x000000008b200000, 0x000000008b200000| Untracked 
| 179|0x000000008b300000, 0x000000008b400000, 0x000000008b400000|100%| O|  |TAMS 0x000000008b300000, 0x000000008b300000| Untracked 
| 180|0x000000008b400000, 0x000000008b500000, 0x000000008b500000|100%| O|  |TAMS 0x000000008b400000, 0x000000008b400000| Untracked 
| 181|0x000000008b500000, 0x000000008b600000, 0x000000008b600000|100%| O|  |TAMS 0x000000008b500000, 0x000000008b500000| Untracked 
| 182|0x000000008b600000, 0x000000008b700000, 0x000000008b700000|100%| O|  |TAMS 0x000000008b600000, 0x000000008b600000| Untracked 
| 183|0x000000008b700000, 0x000000008b800000, 0x000000008b800000|100%| O|  |TAMS 0x000000008b700000, 0x000000008b700000| Untracked 
| 184|0x000000008b800000, 0x000000008b900000, 0x000000008b900000|100%| O|  |TAMS 0x000000008b800000, 0x000000008b800000| Untracked 
| 185|0x000000008b900000, 0x000000008ba00000, 0x000000008ba00000|100%|HS|  |TAMS 0x000000008b900000, 0x000000008b900000| Complete 
| 186|0x000000008ba00000, 0x000000008bb00000, 0x000000008bb00000|100%| O|  |TAMS 0x000000008ba00000, 0x000000008ba00000| Untracked 
| 187|0x000000008bb00000, 0x000000008bc00000, 0x000000008bc00000|100%| O|  |TAMS 0x000000008bb00000, 0x000000008bb00000| Untracked 
| 188|0x000000008bc00000, 0x000000008bd00000, 0x000000008bd00000|100%| O|  |TAMS 0x000000008bc00000, 0x000000008bc00000| Untracked 
| 189|0x000000008bd00000, 0x000000008be00000, 0x000000008be00000|100%|HS|  |TAMS 0x000000008bd00000, 0x000000008bd00000| Complete 
| 190|0x000000008be00000, 0x000000008bf00000, 0x000000008bf00000|100%| O|  |TAMS 0x000000008be00000, 0x000000008be00000| Untracked 
| 191|0x000000008bf00000, 0x000000008c000000, 0x000000008c000000|100%| O|  |TAMS 0x000000008bf00000, 0x000000008bf00000| Untracked 
| 192|0x000000008c000000, 0x000000008c100000, 0x000000008c100000|100%| O|  |TAMS 0x000000008c000000, 0x000000008c000000| Untracked 
| 193|0x000000008c100000, 0x000000008c200000, 0x000000008c200000|100%| O|  |TAMS 0x000000008c100000, 0x000000008c100000| Untracked 
| 194|0x000000008c200000, 0x000000008c300000, 0x000000008c300000|100%| O|  |TAMS 0x000000008c200000, 0x000000008c200000| Untracked 
| 195|0x000000008c300000, 0x000000008c400000, 0x000000008c400000|100%| O|  |TAMS 0x000000008c300000, 0x000000008c300000| Untracked 
| 196|0x000000008c400000, 0x000000008c500000, 0x000000008c500000|100%| O|  |TAMS 0x000000008c400000, 0x000000008c400000| Untracked 
| 197|0x000000008c500000, 0x000000008c600000, 0x000000008c600000|100%| O|  |TAMS 0x000000008c500000, 0x000000008c500000| Untracked 
| 198|0x000000008c600000, 0x000000008c700000, 0x000000008c700000|100%| O|  |TAMS 0x000000008c600000, 0x000000008c600000| Untracked 
| 199|0x000000008c700000, 0x000000008c800000, 0x000000008c800000|100%| O|  |TAMS 0x000000008c700000, 0x000000008c700000| Untracked 
| 200|0x000000008c800000, 0x000000008c900000, 0x000000008c900000|100%| O|  |TAMS 0x000000008c800000, 0x000000008c800000| Untracked 
| 201|0x000000008c900000, 0x000000008ca00000, 0x000000008ca00000|100%| O|  |TAMS 0x000000008c900000, 0x000000008c900000| Untracked 
| 202|0x000000008ca00000, 0x000000008cb00000, 0x000000008cb00000|100%| O|  |TAMS 0x000000008ca00000, 0x000000008ca00000| Untracked 
| 203|0x000000008cb00000, 0x000000008cc00000, 0x000000008cc00000|100%| O|  |TAMS 0x000000008cb00000, 0x000000008cb00000| Untracked 
| 204|0x000000008cc00000, 0x000000008cd00000, 0x000000008cd00000|100%| O|  |TAMS 0x000000008cc00000, 0x000000008cc00000| Untracked 
| 205|0x000000008cd00000, 0x000000008ce00000, 0x000000008ce00000|100%| O|  |TAMS 0x000000008cd00000, 0x000000008cd00000| Untracked 
| 206|0x000000008ce00000, 0x000000008cf00000, 0x000000008cf00000|100%| O|  |TAMS 0x000000008ce00000, 0x000000008ce00000| Untracked 
| 207|0x000000008cf00000, 0x000000008d000000, 0x000000008d000000|100%| O|  |TAMS 0x000000008cf00000, 0x000000008cf00000| Untracked 
| 208|0x000000008d000000, 0x000000008d100000, 0x000000008d100000|100%| O|  |TAMS 0x000000008d000000, 0x000000008d000000| Untracked 
| 209|0x000000008d100000, 0x000000008d200000, 0x000000008d200000|100%| O|  |TAMS 0x000000008d100000, 0x000000008d100000| Untracked 
| 210|0x000000008d200000, 0x000000008d300000, 0x000000008d300000|100%| O|  |TAMS 0x000000008d200000, 0x000000008d200000| Untracked 
| 211|0x000000008d300000, 0x000000008d400000, 0x000000008d400000|100%| O|  |TAMS 0x000000008d300000, 0x000000008d300000| Untracked 
| 212|0x000000008d400000, 0x000000008d500000, 0x000000008d500000|100%| O|  |TAMS 0x000000008d400000, 0x000000008d400000| Untracked 
| 213|0x000000008d500000, 0x000000008d600000, 0x000000008d600000|100%| O|  |TAMS 0x000000008d500000, 0x000000008d500000| Untracked 
| 214|0x000000008d600000, 0x000000008d700000, 0x000000008d700000|100%| O|  |TAMS 0x000000008d600000, 0x000000008d600000| Untracked 
| 215|0x000000008d700000, 0x000000008d800000, 0x000000008d800000|100%| O|  |TAMS 0x000000008d700000, 0x000000008d700000| Untracked 
| 216|0x000000008d800000, 0x000000008d900000, 0x000000008d900000|100%| O|  |TAMS 0x000000008d800000, 0x000000008d800000| Untracked 
| 217|0x000000008d900000, 0x000000008da00000, 0x000000008da00000|100%| O|  |TAMS 0x000000008d900000, 0x000000008d900000| Untracked 
| 218|0x000000008da00000, 0x000000008db00000, 0x000000008db00000|100%| O|  |TAMS 0x000000008da00000, 0x000000008da00000| Untracked 
| 219|0x000000008db00000, 0x000000008dc00000, 0x000000008dc00000|100%| O|  |TAMS 0x000000008db00000, 0x000000008db00000| Untracked 
| 220|0x000000008dc00000, 0x000000008dd00000, 0x000000008dd00000|100%| O|  |TAMS 0x000000008dc00000, 0x000000008dc00000| Untracked 
| 221|0x000000008dd00000, 0x000000008de00000, 0x000000008de00000|100%| O|  |TAMS 0x000000008dd00000, 0x000000008dd00000| Untracked 
| 222|0x000000008de00000, 0x000000008df00000, 0x000000008df00000|100%| O|  |TAMS 0x000000008de00000, 0x000000008de00000| Untracked 
| 223|0x000000008df00000, 0x000000008e000000, 0x000000008e000000|100%| O|  |TAMS 0x000000008df00000, 0x000000008df00000| Untracked 
| 224|0x000000008e000000, 0x000000008e100000, 0x000000008e100000|100%| O|  |TAMS 0x000000008e000000, 0x000000008e000000| Untracked 
| 225|0x000000008e100000, 0x000000008e200000, 0x000000008e200000|100%| O|  |TAMS 0x000000008e100000, 0x000000008e100000| Untracked 
| 226|0x000000008e200000, 0x000000008e300000, 0x000000008e300000|100%| O|  |TAMS 0x000000008e200000, 0x000000008e200000| Untracked 
| 227|0x000000008e300000, 0x000000008e400000, 0x000000008e400000|100%| O|  |TAMS 0x000000008e300000, 0x000000008e300000| Untracked 
| 228|0x000000008e400000, 0x000000008e500000, 0x000000008e500000|100%| O|  |TAMS 0x000000008e400000, 0x000000008e400000| Untracked 
| 229|0x000000008e500000, 0x000000008e600000, 0x000000008e600000|100%| O|  |TAMS 0x000000008e500000, 0x000000008e500000| Untracked 
| 230|0x000000008e600000, 0x000000008e700000, 0x000000008e700000|100%| O|  |TAMS 0x000000008e600000, 0x000000008e600000| Untracked 
| 231|0x000000008e700000, 0x000000008e800000, 0x000000008e800000|100%| O|  |TAMS 0x000000008e700000, 0x000000008e700000| Untracked 
| 232|0x000000008e800000, 0x000000008e900000, 0x000000008e900000|100%| O|  |TAMS 0x000000008e800000, 0x000000008e800000| Untracked 
| 233|0x000000008e900000, 0x000000008ea00000, 0x000000008ea00000|100%| O|  |TAMS 0x000000008e900000, 0x000000008e900000| Untracked 
| 234|0x000000008ea00000, 0x000000008eb00000, 0x000000008eb00000|100%| O|  |TAMS 0x000000008ea00000, 0x000000008ea00000| Untracked 
| 235|0x000000008eb00000, 0x000000008ec00000, 0x000000008ec00000|100%| O|  |TAMS 0x000000008eb00000, 0x000000008eb00000| Untracked 
| 236|0x000000008ec00000, 0x000000008ed00000, 0x000000008ed00000|100%| O|  |TAMS 0x000000008ec00000, 0x000000008ec00000| Untracked 
| 237|0x000000008ed00000, 0x000000008ee00000, 0x000000008ee00000|100%| O|  |TAMS 0x000000008ed00000, 0x000000008ed00000| Untracked 
| 238|0x000000008ee00000, 0x000000008ef00000, 0x000000008ef00000|100%| O|  |TAMS 0x000000008ee00000, 0x000000008ee00000| Untracked 
| 239|0x000000008ef00000, 0x000000008f000000, 0x000000008f000000|100%| O|  |TAMS 0x000000008ef00000, 0x000000008ef00000| Untracked 
| 240|0x000000008f000000, 0x000000008f100000, 0x000000008f100000|100%| O|  |TAMS 0x000000008f000000, 0x000000008f000000| Untracked 
| 241|0x000000008f100000, 0x000000008f200000, 0x000000008f200000|100%| O|  |TAMS 0x000000008f100000, 0x000000008f100000| Untracked 
| 242|0x000000008f200000, 0x000000008f300000, 0x000000008f300000|100%| O|  |TAMS 0x000000008f200000, 0x000000008f200000| Untracked 
| 243|0x000000008f300000, 0x000000008f400000, 0x000000008f400000|100%| O|  |TAMS 0x000000008f300000, 0x000000008f300000| Untracked 
| 244|0x000000008f400000, 0x000000008f4cca00, 0x000000008f500000| 79%| O|  |TAMS 0x000000008f400000, 0x000000008f400000| Untracked 
| 245|0x000000008f500000, 0x000000008f500000, 0x000000008f600000|  0%| F|  |TAMS 0x000000008f500000, 0x000000008f500000| Untracked 
| 246|0x000000008f600000, 0x000000008f600000, 0x000000008f700000|  0%| F|  |TAMS 0x000000008f600000, 0x000000008f600000| Untracked 
| 247|0x000000008f700000, 0x000000008f700000, 0x000000008f800000|  0%| F|  |TAMS 0x000000008f700000, 0x000000008f700000| Untracked 
| 248|0x000000008f800000, 0x000000008f800000, 0x000000008f900000|  0%| F|  |TAMS 0x000000008f800000, 0x000000008f800000| Untracked 
| 249|0x000000008f900000, 0x000000008f900000, 0x000000008fa00000|  0%| F|  |TAMS 0x000000008f900000, 0x000000008f900000| Untracked 
| 250|0x000000008fa00000, 0x000000008fa00000, 0x000000008fb00000|  0%| F|  |TAMS 0x000000008fa00000, 0x000000008fa00000| Untracked 
| 251|0x000000008fb00000, 0x000000008fb00000, 0x000000008fc00000|  0%| F|  |TAMS 0x000000008fb00000, 0x000000008fb00000| Untracked 
| 252|0x000000008fc00000, 0x000000008fc00000, 0x000000008fd00000|  0%| F|  |TAMS 0x000000008fc00000, 0x000000008fc00000| Untracked 
| 253|0x000000008fd00000, 0x000000008fd00000, 0x000000008fe00000|  0%| F|  |TAMS 0x000000008fd00000, 0x000000008fd00000| Untracked 
| 254|0x000000008fe00000, 0x000000008fe00000, 0x000000008ff00000|  0%| F|  |TAMS 0x000000008fe00000, 0x000000008fe00000| Untracked 
| 255|0x000000008ff00000, 0x000000008ff00000, 0x0000000090000000|  0%| F|  |TAMS 0x000000008ff00000, 0x000000008ff00000| Untracked 
| 256|0x0000000090000000, 0x0000000090000000, 0x0000000090100000|  0%| F|  |TAMS 0x0000000090000000, 0x0000000090000000| Untracked 
| 257|0x0000000090100000, 0x0000000090100000, 0x0000000090200000|  0%| F|  |TAMS 0x0000000090100000, 0x0000000090100000| Untracked 
| 258|0x0000000090200000, 0x0000000090200000, 0x0000000090300000|  0%| F|  |TAMS 0x0000000090200000, 0x0000000090200000| Untracked 
| 259|0x0000000090300000, 0x0000000090300000, 0x0000000090400000|  0%| F|  |TAMS 0x0000000090300000, 0x0000000090300000| Untracked 
| 260|0x0000000090400000, 0x0000000090400000, 0x0000000090500000|  0%| F|  |TAMS 0x0000000090400000, 0x0000000090400000| Untracked 
| 261|0x0000000090500000, 0x0000000090500000, 0x0000000090600000|  0%| F|  |TAMS 0x0000000090500000, 0x0000000090500000| Untracked 
| 262|0x0000000090600000, 0x0000000090600000, 0x0000000090700000|  0%| F|  |TAMS 0x0000000090600000, 0x0000000090600000| Untracked 
| 263|0x0000000090700000, 0x0000000090700000, 0x0000000090800000|  0%| F|  |TAMS 0x0000000090700000, 0x0000000090700000| Untracked 
| 264|0x0000000090800000, 0x0000000090800000, 0x0000000090900000|  0%| F|  |TAMS 0x0000000090800000, 0x0000000090800000| Untracked 
| 265|0x0000000090900000, 0x0000000090900000, 0x0000000090a00000|  0%| F|  |TAMS 0x0000000090900000, 0x0000000090900000| Untracked 
| 266|0x0000000090a00000, 0x0000000090a00000, 0x0000000090b00000|  0%| F|  |TAMS 0x0000000090a00000, 0x0000000090a00000| Untracked 
| 267|0x0000000090b00000, 0x0000000090b00000, 0x0000000090c00000|  0%| F|  |TAMS 0x0000000090b00000, 0x0000000090b00000| Untracked 
| 268|0x0000000090c00000, 0x0000000090c00000, 0x0000000090d00000|  0%| F|  |TAMS 0x0000000090c00000, 0x0000000090c00000| Untracked 
| 269|0x0000000090d00000, 0x0000000090d00000, 0x0000000090e00000|  0%| F|  |TAMS 0x0000000090d00000, 0x0000000090d00000| Untracked 
| 270|0x0000000090e00000, 0x0000000090e00000, 0x0000000090f00000|  0%| F|  |TAMS 0x0000000090e00000, 0x0000000090e00000| Untracked 
| 271|0x0000000090f00000, 0x0000000090f00000, 0x0000000091000000|  0%| F|  |TAMS 0x0000000090f00000, 0x0000000090f00000| Untracked 
| 272|0x0000000091000000, 0x0000000091000000, 0x0000000091100000|  0%| F|  |TAMS 0x0000000091000000, 0x0000000091000000| Untracked 
| 273|0x0000000091100000, 0x0000000091100000, 0x0000000091200000|  0%| F|  |TAMS 0x0000000091100000, 0x0000000091100000| Untracked 
| 274|0x0000000091200000, 0x0000000091200000, 0x0000000091300000|  0%| F|  |TAMS 0x0000000091200000, 0x0000000091200000| Untracked 
| 275|0x0000000091300000, 0x0000000091300000, 0x0000000091400000|  0%| F|  |TAMS 0x0000000091300000, 0x0000000091300000| Untracked 
| 276|0x0000000091400000, 0x0000000091400000, 0x0000000091500000|  0%| F|  |TAMS 0x0000000091400000, 0x0000000091400000| Untracked 
| 277|0x0000000091500000, 0x0000000091500000, 0x0000000091600000|  0%| F|  |TAMS 0x0000000091500000, 0x0000000091500000| Untracked 
| 278|0x0000000091600000, 0x0000000091600000, 0x0000000091700000|  0%| F|  |TAMS 0x0000000091600000, 0x0000000091600000| Untracked 
| 279|0x0000000091700000, 0x0000000091700000, 0x0000000091800000|  0%| F|  |TAMS 0x0000000091700000, 0x0000000091700000| Untracked 
| 280|0x0000000091800000, 0x0000000091800000, 0x0000000091900000|  0%| F|  |TAMS 0x0000000091800000, 0x0000000091800000| Untracked 
| 281|0x0000000091900000, 0x0000000091900000, 0x0000000091a00000|  0%| F|  |TAMS 0x0000000091900000, 0x0000000091900000| Untracked 
| 282|0x0000000091a00000, 0x0000000091a00000, 0x0000000091b00000|  0%| F|  |TAMS 0x0000000091a00000, 0x0000000091a00000| Untracked 
| 283|0x0000000091b00000, 0x0000000091bd1b20, 0x0000000091c00000| 81%| S|CS|TAMS 0x0000000091b00000, 0x0000000091b00000| Complete 
| 284|0x0000000091c00000, 0x0000000091c00000, 0x0000000091d00000|  0%| F|  |TAMS 0x0000000091c00000, 0x0000000091c00000| Untracked 
| 285|0x0000000091d00000, 0x0000000091e00000, 0x0000000091e00000|100%| S|CS|TAMS 0x0000000091d00000, 0x0000000091d00000| Complete 
| 286|0x0000000091e00000, 0x0000000091f00000, 0x0000000091f00000|100%| S|CS|TAMS 0x0000000091e00000, 0x0000000091e00000| Complete 
| 287|0x0000000091f00000, 0x0000000091f00000, 0x0000000092000000|  0%| F|  |TAMS 0x0000000091f00000, 0x0000000091f00000| Untracked 
| 288|0x0000000092000000, 0x0000000092000000, 0x0000000092100000|  0%| F|  |TAMS 0x0000000092000000, 0x0000000092000000| Untracked 
| 289|0x0000000092100000, 0x0000000092100000, 0x0000000092200000|  0%| F|  |TAMS 0x0000000092100000, 0x0000000092100000| Untracked 
| 290|0x0000000092200000, 0x0000000092200000, 0x0000000092300000|  0%| F|  |TAMS 0x0000000092200000, 0x0000000092200000| Untracked 
| 291|0x0000000092300000, 0x0000000092300000, 0x0000000092400000|  0%| F|  |TAMS 0x0000000092300000, 0x0000000092300000| Untracked 
| 292|0x0000000092400000, 0x0000000092400000, 0x0000000092500000|  0%| F|  |TAMS 0x0000000092400000, 0x0000000092400000| Untracked 
| 293|0x0000000092500000, 0x0000000092500000, 0x0000000092600000|  0%| F|  |TAMS 0x0000000092500000, 0x0000000092500000| Untracked 
| 294|0x0000000092600000, 0x0000000092600000, 0x0000000092700000|  0%| F|  |TAMS 0x0000000092600000, 0x0000000092600000| Untracked 
| 295|0x0000000092700000, 0x0000000092700000, 0x0000000092800000|  0%| F|  |TAMS 0x0000000092700000, 0x0000000092700000| Untracked 
| 296|0x0000000092800000, 0x0000000092800000, 0x0000000092900000|  0%| F|  |TAMS 0x0000000092800000, 0x0000000092800000| Untracked 
| 297|0x0000000092900000, 0x0000000092900000, 0x0000000092a00000|  0%| F|  |TAMS 0x0000000092900000, 0x0000000092900000| Untracked 
| 298|0x0000000092a00000, 0x0000000092a00000, 0x0000000092b00000|  0%| F|  |TAMS 0x0000000092a00000, 0x0000000092a00000| Untracked 
| 299|0x0000000092b00000, 0x0000000092b00000, 0x0000000092c00000|  0%| F|  |TAMS 0x0000000092b00000, 0x0000000092b00000| Untracked 
| 300|0x0000000092c00000, 0x0000000092c00000, 0x0000000092d00000|  0%| F|  |TAMS 0x0000000092c00000, 0x0000000092c00000| Untracked 
| 301|0x0000000092d00000, 0x0000000092d00000, 0x0000000092e00000|  0%| F|  |TAMS 0x0000000092d00000, 0x0000000092d00000| Untracked 
| 302|0x0000000092e00000, 0x0000000092e00000, 0x0000000092f00000|  0%| F|  |TAMS 0x0000000092e00000, 0x0000000092e00000| Untracked 
| 303|0x0000000092f00000, 0x0000000092f00000, 0x0000000093000000|  0%| F|  |TAMS 0x0000000092f00000, 0x0000000092f00000| Untracked 
| 304|0x0000000093000000, 0x0000000093059008, 0x0000000093100000| 34%| E|  |TAMS 0x0000000093000000, 0x0000000093000000| Complete 
| 305|0x0000000093100000, 0x0000000093200000, 0x0000000093200000|100%| E|CS|TAMS 0x0000000093100000, 0x0000000093100000| Complete 
| 306|0x0000000093200000, 0x0000000093300000, 0x0000000093300000|100%| E|CS|TAMS 0x0000000093200000, 0x0000000093200000| Complete 
| 307|0x0000000093300000, 0x0000000093400000, 0x0000000093400000|100%| E|CS|TAMS 0x0000000093300000, 0x0000000093300000| Complete 
| 308|0x0000000093400000, 0x0000000093500000, 0x0000000093500000|100%| E|CS|TAMS 0x0000000093400000, 0x0000000093400000| Complete 
| 309|0x0000000093500000, 0x0000000093600000, 0x0000000093600000|100%| E|CS|TAMS 0x0000000093500000, 0x0000000093500000| Complete 

Card table byte_map: [0x000002bc56f50000,0x000002bc57350000] _byte_map_base: 0x000002bc56b50000

Marking Bits (Prev, Next): (CMBitMap*) 0x000002bc3fd919b0, (CMBitMap*) 0x000002bc3fd919f0
 Prev Bits: [0x000002bc57750000, 0x000002bc59750000)
 Next Bits: [0x000002bc59750000, 0x000002bc5b750000)

Polling page: 0x000002bc3f4e0000

Metaspace:

Usage:
  Non-class:     91.73 MB used.
      Class:     14.90 MB used.
       Both:    106.63 MB used.

Virtual space:
  Non-class space:      128.00 MB reserved,      92.62 MB ( 72%) committed,  2 nodes.
      Class space:      416.00 MB reserved,      15.69 MB (  4%) committed,  1 nodes.
             Both:      544.00 MB reserved,     108.31 MB ( 20%) committed. 

Chunk freelists:
   Non-Class:  3.07 MB
       Class:  243.00 KB
        Both:  3.31 MB

MaxMetaspaceSize: 512.00 MB
CompressedClassSpaceSize: 416.00 MB
Initial GC threshold: 21.00 MB
Current GC threshold: 159.19 MB
CDS: on
MetaspaceReclaimPolicy: balanced
 - commit_granule_bytes: 65536.
 - commit_granule_words: 8192.
 - virtual_space_node_default_size: 8388608.
 - enlarge_chunks_in_place: 1.
 - new_chunks_are_fully_committed: 0.
 - uncommit_free_chunks: 1.
 - use_allocation_guard: 0.
 - handle_deallocations: 1.


Internal statistics:

num_allocs_failed_limit: 6.
num_arena_births: 2164.
num_arena_deaths: 0.
num_vsnodes_births: 3.
num_vsnodes_deaths: 0.
num_space_committed: 1733.
num_space_uncommitted: 0.
num_chunks_returned_to_freelist: 6.
num_chunks_taken_from_freelist: 7346.
num_chunk_merges: 6.
num_chunk_splits: 4551.
num_chunks_enlarged: 2591.
num_inconsistent_stats: 0.

CodeHeap 'non-profiled nmethods': size=120000Kb used=11224Kb max_used=11224Kb free=108775Kb
 bounds [0x000002bc4f2f0000, 0x000002bc4fdf0000, 0x000002bc56820000]
CodeHeap 'profiled nmethods': size=120000Kb used=29166Kb max_used=30658Kb free=90833Kb
 bounds [0x000002bc47820000, 0x000002bc49620000, 0x000002bc4ed50000]
CodeHeap 'non-nmethods': size=5760Kb used=2435Kb max_used=2509Kb free=3324Kb
 bounds [0x000002bc4ed50000, 0x000002bc4efd0000, 0x000002bc4f2f0000]
 total_blobs=15829 nmethods=14870 adapters=869
 compilation: enabled
              stopped_count=0, restarted_count=0
 full_count=0

Compilation events (20 events):
Event: 69.747 Thread 0x000002bc5e1b2a10 nmethod 17852 0x000002bc4fddb790 code [0x000002bc4fddb940, 0x000002bc4fddbc18]
Event: 69.748 Thread 0x000002bc00cfa060 nmethod 17851 0x000002bc4fddbf90 code [0x000002bc4fddc140, 0x000002bc4fddc438]
Event: 69.749 Thread 0x000002bc00cfb050 nmethod 17849 0x000002bc4fddc810 code [0x000002bc4fddca60, 0x000002bc4fddde60]
Event: 69.770 Thread 0x000002bc00cfb050 17853       4       org.gradle.internal.snapshot.impl.DirectorySnapshotter$PathVisitor::shouldVisit (92 bytes)
Event: 69.770 Thread 0x000002bc00cfa060 17854       4       sun.nio.fs.WindowsPath$WindowsPathWithAttributes::getFileSystem (5 bytes)
Event: 69.771 Thread 0x000002bc00cfa060 nmethod 17854 0x000002bc4fddea90 code [0x000002bc4fddec00, 0x000002bc4fddec78]
Event: 69.780 Thread 0x000002bc00cfa060 17855       4       org.gradle.internal.serialize.InterningStringSerializer::write (10 bytes)
Event: 69.780 Thread 0x000002bc5e1b2a10 17856       4       org.gradle.api.internal.changedetection.state.CachingFileHasher$FileInfoSerializer::read (6 bytes)
Event: 69.814 Thread 0x000002bc00cfa060 nmethod 17855 0x000002bc4fdded90 code [0x000002bc4fddef40, 0x000002bc4fddf638]
Event: 69.814 Thread 0x000002bc00cfa060 17857       4       sun.security.provider.DigestBase::engineUpdate (189 bytes)
Event: 69.828 Thread 0x000002bc00cfb050 nmethod 17853 0x000002bc4fddf990 code [0x000002bc4fddfc20, 0x000002bc4fde0ba0]
Event: 69.829 Thread 0x000002bc00cfb050 17858       4       org.gradle.cache.internal.ExclusiveCacheAccessingWorker$1::call (10 bytes)
Event: 69.834 Thread 0x000002bc00cfa060 nmethod 17857 0x000002bc4fde1a90 code [0x000002bc4fde1c40, 0x000002bc4fde2368]
Event: 69.834 Thread 0x000002bc00cfa060 17859       4       org.gradle.cache.internal.AsyncCacheAccessDecoratedCache$$Lambda$551/0x000002bc60490870::create (12 bytes)
Event: 69.845 Thread 0x000002bc5e1b2a10 nmethod 17856 0x000002bc4fde2810 code [0x000002bc4fde2aa0, 0x000002bc4fde4420]
Event: 69.845 Thread 0x000002bc5e1b2a10 17860       4       org.gradle.cache.internal.InMemoryDecoratedCache$$Lambda$550/0x000002bc60490650::call (12 bytes)
Event: 69.847 Thread 0x000002bc5e1b2a10 nmethod 17860 0x000002bc4fde5610 code [0x000002bc4fde57a0, 0x000002bc4fde58a8]
Event: 69.847 Thread 0x000002bc5e1b2a10 17861       4       com.google.common.cache.LocalCache$LoadingValueReference::<init> (34 bytes)
Event: 69.853 Thread 0x000002bc5e1b2a10 nmethod 17861 0x000002bc4fde5a10 code [0x000002bc4fde5ba0, 0x000002bc4fde5f98]
Event: 69.854 Thread 0x000002bc5e1b2a10 17862   !   4       java.util.concurrent.FutureTask::run (123 bytes)

GC Heap History (20 events):
Event: 65.125 GC heap before
{Heap before GC invocations=67 (full 0):
 garbage-first heap   total 317440K, used 264036K [0x0000000080000000, 0x0000000100000000)
  region size 1024K, 40 young (40960K), 5 survivors (5120K)
 Metaspace       used 107834K, committed 109440K, reserved 557056K
  class space    used 15092K, committed 15808K, reserved 425984K
}
Event: 65.135 GC heap after
{Heap after GC invocations=68 (full 0):
 garbage-first heap   total 317440K, used 231721K [0x0000000080000000, 0x0000000100000000)
  region size 1024K, 4 young (4096K), 4 survivors (4096K)
 Metaspace       used 107834K, committed 109440K, reserved 557056K
  class space    used 15092K, committed 15808K, reserved 425984K
}
Event: 65.824 GC heap before
{Heap before GC invocations=68 (full 0):
 garbage-first heap   total 317440K, used 267561K [0x0000000080000000, 0x0000000100000000)
  region size 1024K, 39 young (39936K), 4 survivors (4096K)
 Metaspace       used 108010K, committed 109696K, reserved 557056K
  class space    used 15109K, committed 15872K, reserved 425984K
}
Event: 65.836 GC heap after
{Heap after GC invocations=69 (full 0):
 garbage-first heap   total 317440K, used 234748K [0x0000000080000000, 0x0000000100000000)
  region size 1024K, 4 young (4096K), 4 survivors (4096K)
 Metaspace       used 108010K, committed 109696K, reserved 557056K
  class space    used 15109K, committed 15872K, reserved 425984K
}
Event: 66.486 GC heap before
{Heap before GC invocations=69 (full 0):
 garbage-first heap   total 317440K, used 268540K [0x0000000080000000, 0x0000000100000000)
  region size 1024K, 37 young (37888K), 4 survivors (4096K)
 Metaspace       used 108343K, committed 110080K, reserved 557056K
  class space    used 15155K, committed 15936K, reserved 425984K
}
Event: 66.496 GC heap after
{Heap after GC invocations=70 (full 0):
 garbage-first heap   total 317440K, used 238728K [0x0000000080000000, 0x0000000100000000)
  region size 1024K, 4 young (4096K), 4 survivors (4096K)
 Metaspace       used 108343K, committed 110080K, reserved 557056K
  class space    used 15155K, committed 15936K, reserved 425984K
}
Event: 67.115 GC heap before
{Heap before GC invocations=70 (full 0):
 garbage-first heap   total 317440K, used 271496K [0x0000000080000000, 0x0000000100000000)
  region size 1024K, 36 young (36864K), 4 survivors (4096K)
 Metaspace       used 108768K, committed 110528K, reserved 557056K
  class space    used 15207K, committed 16000K, reserved 425984K
}
Event: 67.128 GC heap after
{Heap after GC invocations=71 (full 0):
 garbage-first heap   total 317440K, used 243221K [0x0000000080000000, 0x0000000100000000)
  region size 1024K, 5 young (5120K), 5 survivors (5120K)
 Metaspace       used 108768K, committed 110528K, reserved 557056K
  class space    used 15207K, committed 16000K, reserved 425984K
}
Event: 67.628 GC heap before
{Heap before GC invocations=71 (full 0):
 garbage-first heap   total 317440K, used 270869K [0x0000000080000000, 0x0000000100000000)
  region size 1024K, 33 young (33792K), 5 survivors (5120K)
 Metaspace       used 108824K, committed 110528K, reserved 557056K
  class space    used 15213K, committed 16000K, reserved 425984K
}
Event: 67.638 GC heap after
{Heap after GC invocations=72 (full 0):
 garbage-first heap   total 317440K, used 245932K [0x0000000080000000, 0x0000000100000000)
  region size 1024K, 4 young (4096K), 4 survivors (4096K)
 Metaspace       used 108824K, committed 110528K, reserved 557056K
  class space    used 15213K, committed 16000K, reserved 425984K
}
Event: 68.076 GC heap before
{Heap before GC invocations=72 (full 0):
 garbage-first heap   total 317440K, used 272556K [0x0000000080000000, 0x0000000100000000)
  region size 1024K, 31 young (31744K), 4 survivors (4096K)
 Metaspace       used 108834K, committed 110592K, reserved 557056K
  class space    used 15214K, committed 16000K, reserved 425984K
}
Event: 68.081 GC heap after
{Heap after GC invocations=73 (full 0):
 garbage-first heap   total 317440K, used 246478K [0x0000000080000000, 0x0000000100000000)
  region size 1024K, 3 young (3072K), 3 survivors (3072K)
 Metaspace       used 108834K, committed 110592K, reserved 557056K
  class space    used 15214K, committed 16000K, reserved 425984K
}
Event: 68.506 GC heap before
{Heap before GC invocations=73 (full 0):
 garbage-first heap   total 317440K, used 274126K [0x0000000080000000, 0x0000000100000000)
  region size 1024K, 31 young (31744K), 3 survivors (3072K)
 Metaspace       used 108894K, committed 110592K, reserved 557056K
  class space    used 15214K, committed 16000K, reserved 425984K
}
Event: 68.511 GC heap after
{Heap after GC invocations=74 (full 0):
 garbage-first heap   total 317440K, used 247132K [0x0000000080000000, 0x0000000100000000)
  region size 1024K, 3 young (3072K), 3 survivors (3072K)
 Metaspace       used 108894K, committed 110592K, reserved 557056K
  class space    used 15214K, committed 16000K, reserved 425984K
}
Event: 69.202 GC heap before
{Heap before GC invocations=74 (full 0):
 garbage-first heap   total 317440K, used 274780K [0x0000000080000000, 0x0000000100000000)
  region size 1024K, 30 young (30720K), 3 survivors (3072K)
 Metaspace       used 109181K, committed 110912K, reserved 557056K
  class space    used 15255K, committed 16064K, reserved 425984K
}
Event: 69.208 GC heap after
{Heap after GC invocations=75 (full 0):
 garbage-first heap   total 317440K, used 249111K [0x0000000080000000, 0x0000000100000000)
  region size 1024K, 2 young (2048K), 2 survivors (2048K)
 Metaspace       used 109181K, committed 110912K, reserved 557056K
  class space    used 15255K, committed 16064K, reserved 425984K
}
Event: 69.522 GC heap before
{Heap before GC invocations=75 (full 0):
 garbage-first heap   total 317440K, used 274711K [0x0000000080000000, 0x0000000100000000)
  region size 1024K, 28 young (28672K), 2 survivors (2048K)
 Metaspace       used 109189K, committed 110912K, reserved 557056K
  class space    used 15255K, committed 16064K, reserved 425984K
}
Event: 69.528 GC heap after
{Heap after GC invocations=76 (full 0):
 garbage-first heap   total 317440K, used 251699K [0x0000000080000000, 0x0000000100000000)
  region size 1024K, 4 young (4096K), 4 survivors (4096K)
 Metaspace       used 109189K, committed 110912K, reserved 557056K
  class space    used 15255K, committed 16064K, reserved 425984K
}
Event: 69.781 GC heap before
{Heap before GC invocations=76 (full 0):
 garbage-first heap   total 317440K, used 277299K [0x0000000080000000, 0x0000000100000000)
  region size 1024K, 29 young (29696K), 4 survivors (4096K)
 Metaspace       used 109189K, committed 110912K, reserved 557056K
  class space    used 15255K, committed 16064K, reserved 425984K
}
Event: 69.788 GC heap after
{Heap after GC invocations=77 (full 0):
 garbage-first heap   total 317440K, used 252718K [0x0000000080000000, 0x0000000100000000)
  region size 1024K, 3 young (3072K), 3 survivors (3072K)
 Metaspace       used 109189K, committed 110912K, reserved 557056K
  class space    used 15255K, committed 16064K, reserved 425984K
}

Dll operation events (14 events):
Event: 0.019 Loaded shared library C:\Program Files\Microsoft\jdk-17.0.8.7-hotspot\bin\java.dll
Event: 0.047 Loaded shared library C:\Program Files\Microsoft\jdk-17.0.8.7-hotspot\bin\jsvml.dll
Event: 0.139 Loaded shared library C:\Program Files\Microsoft\jdk-17.0.8.7-hotspot\bin\zip.dll
Event: 0.146 Loaded shared library C:\Program Files\Microsoft\jdk-17.0.8.7-hotspot\bin\instrument.dll
Event: 0.151 Loaded shared library C:\Program Files\Microsoft\jdk-17.0.8.7-hotspot\bin\net.dll
Event: 0.153 Loaded shared library C:\Program Files\Microsoft\jdk-17.0.8.7-hotspot\bin\nio.dll
Event: 0.157 Loaded shared library C:\Program Files\Microsoft\jdk-17.0.8.7-hotspot\bin\zip.dll
Event: 0.497 Loaded shared library C:\Program Files\Microsoft\jdk-17.0.8.7-hotspot\bin\jimage.dll
Event: 0.655 Loaded shared library C:\Program Files\Microsoft\jdk-17.0.8.7-hotspot\bin\verify.dll
Event: 0.950 Loaded shared library C:\Users\Danis\.gradle\native\c067742578af261105cb4f569cf0c3c89f3d7b1fecec35dd04571415982c5e48\windows-amd64\native-platform.dll
Event: 0.995 Loaded shared library C:\Users\Danis\.gradle\native\38dada09dfb8b06ba9b0570ebf7e218e3eb74d4ef43ca46872605cf95ebc2f47\windows-amd64\native-platform-file-events.dll
Event: 2.656 Loaded shared library C:\Program Files\Microsoft\jdk-17.0.8.7-hotspot\bin\management.dll
Event: 2.659 Loaded shared library C:\Program Files\Microsoft\jdk-17.0.8.7-hotspot\bin\management_ext.dll
Event: 3.431 Loaded shared library C:\Program Files\Microsoft\jdk-17.0.8.7-hotspot\bin\sunmscapi.dll

Deoptimization events (20 events):
Event: 69.327 Thread 0x000002bc7ee53930 Uncommon trap: trap_request=0xffffffd6 fr.pc=0x000002bc4fdb1b5c relative=0x000000000000063c
Event: 69.327 Thread 0x000002bc7ee53930 Uncommon trap: reason=array_check action=maybe_recompile pc=0x000002bc4fdb1b5c method=java.util.TimSort.reverseRange([Ljava/lang/Object;II)V @ 20 c2
Event: 69.327 Thread 0x000002bc7ee53930 DEOPT PACKING pc=0x000002bc4fdb1b5c sp=0x000000c9ac8fd430
Event: 69.327 Thread 0x000002bc7ee53930 DEOPT UNPACKING pc=0x000002bc4edaa1a3 sp=0x000000c9ac8fd380 mode 2
Event: 69.351 Thread 0x000002bc015ed0e0 Uncommon trap: trap_request=0xffffffd6 fr.pc=0x000002bc4fdb1b5c relative=0x000000000000063c
Event: 69.351 Thread 0x000002bc015ed0e0 Uncommon trap: reason=array_check action=maybe_recompile pc=0x000002bc4fdb1b5c method=java.util.TimSort.reverseRange([Ljava/lang/Object;II)V @ 20 c2
Event: 69.351 Thread 0x000002bc015ed0e0 DEOPT PACKING pc=0x000002bc4fdb1b5c sp=0x000000c9aa0fa430
Event: 69.351 Thread 0x000002bc015ed0e0 DEOPT UNPACKING pc=0x000002bc4edaa1a3 sp=0x000000c9aa0fa380 mode 2
Event: 69.545 Thread 0x000002bc7ee58a30 Uncommon trap: trap_request=0xffffff45 fr.pc=0x000002bc4faf1f18 relative=0x0000000000001fb8
Event: 69.545 Thread 0x000002bc7ee58a30 Uncommon trap: reason=unstable_if action=reinterpret pc=0x000002bc4faf1f18 method=com.google.common.cache.LongAdder.add(J)V @ 46 c2
Event: 69.545 Thread 0x000002bc7ee58a30 DEOPT PACKING pc=0x000002bc4faf1f18 sp=0x000000c9acafc3c0
Event: 69.545 Thread 0x000002bc7ee58a30 DEOPT UNPACKING pc=0x000002bc4edaa1a3 sp=0x000000c9acafc088 mode 2
Event: 69.743 Thread 0x000002bc7ee58a30 Uncommon trap: trap_request=0xffffffd6 fr.pc=0x000002bc4fdbce04 relative=0x0000000000001a84
Event: 69.743 Thread 0x000002bc7ee58a30 Uncommon trap: reason=array_check action=maybe_recompile pc=0x000002bc4fdbce04 method=java.util.TimSort.reverseRange([Ljava/lang/Object;II)V @ 27 c2
Event: 69.743 Thread 0x000002bc7ee58a30 DEOPT PACKING pc=0x000002bc4fdbce04 sp=0x000000c9acafd600
Event: 69.743 Thread 0x000002bc7ee58a30 DEOPT UNPACKING pc=0x000002bc4edaa1a3 sp=0x000000c9acafd460 mode 2
Event: 69.753 Thread 0x000002bc7ee54350 Uncommon trap: trap_request=0xffffffd6 fr.pc=0x000002bc4fdbce04 relative=0x0000000000001a84
Event: 69.753 Thread 0x000002bc7ee54350 Uncommon trap: reason=array_check action=maybe_recompile pc=0x000002bc4fdbce04 method=java.util.TimSort.reverseRange([Ljava/lang/Object;II)V @ 27 c2
Event: 69.753 Thread 0x000002bc7ee54350 DEOPT PACKING pc=0x000002bc4fdbce04 sp=0x000000c9ac7fd4a0
Event: 69.753 Thread 0x000002bc7ee54350 DEOPT UNPACKING pc=0x000002bc4edaa1a3 sp=0x000000c9ac7fd300 mode 2

Classes unloaded (0 events):
No events

Classes redefined (0 events):
No events

Internal exceptions (20 events):
Event: 60.949 Thread 0x000002bc7fe54e10 Exception <a 'sun/nio/fs/WindowsException'{0x00000000935412a0}> (0x00000000935412a0) 
thrown [s\src\hotspot\share\prims\jni.cpp, line 516]
Event: 60.950 Thread 0x000002bc7fe54e10 Exception <a 'sun/nio/fs/WindowsException'{0x00000000935428e0}> (0x00000000935428e0) 
thrown [s\src\hotspot\share\prims\jni.cpp, line 516]
Event: 60.950 Thread 0x000002bc7fe54e10 Exception <a 'sun/nio/fs/WindowsException'{0x0000000093543f70}> (0x0000000093543f70) 
thrown [s\src\hotspot\share\prims\jni.cpp, line 516]
Event: 60.950 Thread 0x000002bc7fe54e10 Exception <a 'sun/nio/fs/WindowsException'{0x0000000093545600}> (0x0000000093545600) 
thrown [s\src\hotspot\share\prims\jni.cpp, line 516]
Event: 61.025 Thread 0x000002bc7fe54e10 Implicit null exception at 0x000002bc4f9588b1 to 0x000002bc4f961b74
Event: 62.195 Thread 0x000002bc7fe54e10 Implicit null exception at 0x000002bc4fb9f24e to 0x000002bc4fb9fbf8
Event: 62.827 Thread 0x000002bc7fe54e10 Implicit null exception at 0x000002bc4fbaafc3 to 0x000002bc4fbab077
Event: 62.827 Thread 0x000002bc7fe54e10 Implicit null exception at 0x000002bc4fbac638 to 0x000002bc4fbad1a4
Event: 63.082 Thread 0x000002bc7fe54e10 Implicit null exception at 0x000002bc4fc05ba7 to 0x000002bc4fc06248
Event: 63.410 Thread 0x000002bc7fe54e10 Exception <a 'java/lang/IncompatibleClassChangeError'{0x0000000090ded9f8}: Found class java.lang.Object, but interface was expected> (0x0000000090ded9f8) 
thrown [s\src\hotspot\share\interpreter\linkResolver.cpp, line 826]
Event: 67.057 Thread 0x000002bc015eea30 Exception <a 'java/lang/NoSuchMethodError'{0x0000000091874750}: 'java.lang.Object java.lang.invoke.DirectMethodHandle$Holder.invokeSpecialIFC(java.lang.Object, java.lang.Object, java.lang.Object)'> (0x0000000091874750) 
thrown [s\src\hotspot\share\interpreter\linkResolver.cpp, line 759]
Event: 67.606 Thread 0x000002bc015eea30 Implicit null exception at 0x000002bc4f5e0b54 to 0x000002bc4f5e0bb4
Event: 68.768 Thread 0x000002bc015f0380 Exception <a 'java/lang/ClassNotFoundException'{0x000000009211eca0}: groovy/util/FileTreeBuilderBeanInfo> (0x000000009211eca0) 
thrown [s\src\hotspot\share\classfile\systemDictionary.cpp, line 256]
Event: 68.770 Thread 0x000002bc015f0380 Exception <a 'java/lang/ClassNotFoundException'{0x0000000092180f80}: groovy/util/FileTreeBuilderCustomizer> (0x0000000092180f80) 
thrown [s\src\hotspot\share\classfile\systemDictionary.cpp, line 256]
Event: 68.777 Thread 0x000002bc015f0380 Exception <a 'java/lang/ClassNotFoundException'{0x00000000921b96f0}: java/io/BufferedWriterBeanInfo> (0x00000000921b96f0) 
thrown [s\src\hotspot\share\classfile\systemDictionary.cpp, line 256]
Event: 68.778 Thread 0x000002bc015f0380 Exception <a 'java/lang/ClassNotFoundException'{0x00000000921bedd8}: java/io/WriterBeanInfo> (0x00000000921bedd8) 
thrown [s\src\hotspot\share\classfile\systemDictionary.cpp, line 256]
Event: 68.778 Thread 0x000002bc015f0380 Exception <a 'java/lang/ClassNotFoundException'{0x00000000921c4418}: java/io/WriterCustomizer> (0x00000000921c4418) 
thrown [s\src\hotspot\share\classfile\systemDictionary.cpp, line 256]
Event: 68.779 Thread 0x000002bc015f0380 Exception <a 'java/lang/ClassNotFoundException'{0x00000000921d2930}: java/io/BufferedWriterCustomizer> (0x00000000921d2930) 
thrown [s\src\hotspot\share\classfile\systemDictionary.cpp, line 256]
Event: 68.839 Thread 0x000002bc015f0380 Exception <a 'java/lang/NoSuchMethodError'{0x000000009203fc88}: static Lcom/android/build/api/variant/BuildConfigField;.<clinit>()V> (0x000000009203fc88) 
thrown [s\src\hotspot\share\prims\jni.cpp, line 1107]
Event: 69.545 Thread 0x000002bc7ee58a30 Implicit null exception at 0x000002bc4faf0c34 to 0x000002bc4faf1ef4

VM Operations (20 events):
Event: 67.394 Executing VM operation: HandshakeAllThreads
Event: 67.395 Executing VM operation: HandshakeAllThreads done
Event: 67.445 Executing VM operation: HandshakeAllThreads
Event: 67.446 Executing VM operation: HandshakeAllThreads done
Event: 67.591 Executing VM operation: HandshakeAllThreads
Event: 67.591 Executing VM operation: HandshakeAllThreads done
Event: 67.628 Executing VM operation: G1CollectForAllocation
Event: 67.639 Executing VM operation: G1CollectForAllocation done
Event: 68.076 Executing VM operation: G1CollectForAllocation
Event: 68.084 Executing VM operation: G1CollectForAllocation done
Event: 68.505 Executing VM operation: G1CollectForAllocation
Event: 68.511 Executing VM operation: G1CollectForAllocation done
Event: 69.143 Executing VM operation: ICBufferFull
Event: 69.143 Executing VM operation: ICBufferFull done
Event: 69.201 Executing VM operation: G1CollectForAllocation
Event: 69.210 Executing VM operation: G1CollectForAllocation done
Event: 69.522 Executing VM operation: G1CollectForAllocation
Event: 69.528 Executing VM operation: G1CollectForAllocation done
Event: 69.780 Executing VM operation: G1CollectForAllocation
Event: 69.788 Executing VM operation: G1CollectForAllocation done

Events (20 events):
Event: 67.616 Thread 0x000002bc09ba9420 Thread added: 0x000002bc09ba9420
Event: 67.616 Thread 0x000002bc09ba7fe0 Thread added: 0x000002bc09ba7fe0
Event: 67.616 Thread 0x000002bc09ba1fb0 Thread added: 0x000002bc09ba1fb0
Event: 68.701 Thread 0x000002bc09ba29d0 Thread added: 0x000002bc09ba29d0
Event: 68.776 loading class java/io/BufferedWriterBeanInfo
Event: 68.776 loading class java/io/BufferedWriterBeanInfo done
Event: 68.777 loading class java/io/BufferedWriterBeanInfo
Event: 68.777 loading class java/io/BufferedWriterBeanInfo done
Event: 68.777 loading class java/io/WriterBeanInfo
Event: 68.777 loading class java/io/WriterBeanInfo done
Event: 68.778 loading class java/io/WriterBeanInfo
Event: 68.778 loading class java/io/WriterBeanInfo done
Event: 68.778 loading class java/io/WriterCustomizer
Event: 68.778 loading class java/io/WriterCustomizer done
Event: 68.778 loading class java/io/WriterCustomizer
Event: 68.778 loading class java/io/WriterCustomizer done
Event: 68.779 loading class java/io/BufferedWriterCustomizer
Event: 68.779 loading class java/io/BufferedWriterCustomizer done
Event: 68.779 loading class java/io/BufferedWriterCustomizer
Event: 68.779 loading class java/io/BufferedWriterCustomizer done


Dynamic libraries:
0x00007ff78fb80000 - 0x00007ff78fb8e000 	C:\Program Files\Microsoft\jdk-17.0.8.7-hotspot\bin\java.exe
0x00007ffeb04d0000 - 0x00007ffeb06e7000 	C:\WINDOWS\SYSTEM32\ntdll.dll
0x00007ffeaf670000 - 0x00007ffeaf734000 	C:\WINDOWS\System32\KERNEL32.DLL
0x00007ffeadd30000 - 0x00007ffeae0dd000 	C:\WINDOWS\System32\KERNELBASE.dll
0x00007ffead9d0000 - 0x00007ffeadae1000 	C:\WINDOWS\System32\ucrtbase.dll
0x00007ffe90960000 - 0x00007ffe90977000 	C:\Program Files\Microsoft\jdk-17.0.8.7-hotspot\bin\jli.dll
0x00007ffe873f0000 - 0x00007ffe8740b000 	C:\Program Files\Microsoft\jdk-17.0.8.7-hotspot\bin\VCRUNTIME140.dll
0x00007ffeb0280000 - 0x00007ffeb0430000 	C:\WINDOWS\System32\USER32.dll
0x00007ffeadd00000 - 0x00007ffeadd26000 	C:\WINDOWS\System32\win32u.dll
0x00007ffe906c0000 - 0x00007ffe90953000 	C:\WINDOWS\WinSxS\amd64_microsoft.windows.common-controls_6595b64144ccf1df_6.0.22621.3646_none_27105dd3738543d4\COMCTL32.dll
0x00007ffeaf920000 - 0x00007ffeaf949000 	C:\WINDOWS\System32\GDI32.dll
0x00007ffeb01d0000 - 0x00007ffeb0277000 	C:\WINDOWS\System32\msvcrt.dll
0x00007ffeadaf0000 - 0x00007ffeadc09000 	C:\WINDOWS\System32\gdi32full.dll
0x00007ffeae0e0000 - 0x00007ffeae17a000 	C:\WINDOWS\System32\msvcp_win.dll
0x00007ffeae520000 - 0x00007ffeae551000 	C:\WINDOWS\System32\IMM32.DLL
0x00007ffeaa450000 - 0x00007ffeaa45c000 	C:\Program Files\Microsoft\jdk-17.0.8.7-hotspot\bin\vcruntime140_1.dll
0x00007ffe10480000 - 0x00007ffe1050d000 	C:\Program Files\Microsoft\jdk-17.0.8.7-hotspot\bin\msvcp140.dll
0x00007ffe0f810000 - 0x00007ffe10475000 	C:\Program Files\Microsoft\jdk-17.0.8.7-hotspot\bin\server\jvm.dll
0x00007ffeaed10000 - 0x00007ffeaedc2000 	C:\WINDOWS\System32\ADVAPI32.dll
0x00007ffeaf1e0000 - 0x00007ffeaf28a000 	C:\WINDOWS\System32\sechost.dll
0x00007ffeadcd0000 - 0x00007ffeadcf8000 	C:\WINDOWS\System32\bcrypt.dll
0x00007ffeae770000 - 0x00007ffeae885000 	C:\WINDOWS\System32\RPCRT4.dll
0x00007ffead600000 - 0x00007ffead64d000 	C:\WINDOWS\SYSTEM32\POWRPROF.dll
0x00007ffea8b60000 - 0x00007ffea8b94000 	C:\WINDOWS\SYSTEM32\WINMM.dll
0x00007ffea8a10000 - 0x00007ffea8a1a000 	C:\WINDOWS\SYSTEM32\VERSION.dll
0x00007ffe84ae0000 - 0x00007ffe84ae9000 	C:\WINDOWS\SYSTEM32\WSOCK32.dll
0x00007ffeaedd0000 - 0x00007ffeaee41000 	C:\WINDOWS\System32\WS2_32.dll
0x00007ffead4e0000 - 0x00007ffead4f3000 	C:\WINDOWS\SYSTEM32\UMPDC.dll
0x00007ffeac7e0000 - 0x00007ffeac7f8000 	C:\WINDOWS\SYSTEM32\kernel.appcore.dll
0x00007ffea6490000 - 0x00007ffea649a000 	C:\Program Files\Microsoft\jdk-17.0.8.7-hotspot\bin\jimage.dll
0x00007ffeaab90000 - 0x00007ffeaadc2000 	C:\WINDOWS\SYSTEM32\DBGHELP.DLL
0x00007ffeaee50000 - 0x00007ffeaf1d8000 	C:\WINDOWS\System32\combase.dll
0x00007ffeaf2b0000 - 0x00007ffeaf387000 	C:\WINDOWS\System32\OLEAUT32.dll
0x00007ffe86940000 - 0x00007ffe86972000 	C:\WINDOWS\SYSTEM32\dbgcore.DLL
0x00007ffeae180000 - 0x00007ffeae1fb000 	C:\WINDOWS\System32\bcryptPrimitives.dll
0x00007ffea6360000 - 0x00007ffea636e000 	C:\Program Files\Microsoft\jdk-17.0.8.7-hotspot\bin\instrument.dll
0x00007ffe39240000 - 0x00007ffe39265000 	C:\Program Files\Microsoft\jdk-17.0.8.7-hotspot\bin\java.dll
0x00007ffe0e440000 - 0x00007ffe0e517000 	C:\Program Files\Microsoft\jdk-17.0.8.7-hotspot\bin\jsvml.dll
0x00007ffeaf950000 - 0x00007ffeb01b4000 	C:\WINDOWS\System32\SHELL32.dll
0x00007ffeab6f0000 - 0x00007ffeabfed000 	C:\WINDOWS\SYSTEM32\windows.storage.dll
0x00007ffeab5b0000 - 0x00007ffeab6ef000 	C:\WINDOWS\SYSTEM32\wintypes.dll
0x00007ffeae200000 - 0x00007ffeae2f5000 	C:\WINDOWS\System32\SHCORE.dll
0x00007ffeae300000 - 0x00007ffeae35e000 	C:\WINDOWS\System32\shlwapi.dll
0x00007ffead720000 - 0x00007ffead741000 	C:\WINDOWS\SYSTEM32\profapi.dll
0x00007ffe39220000 - 0x00007ffe39238000 	C:\Program Files\Microsoft\jdk-17.0.8.7-hotspot\bin\zip.dll
0x00007ffe7d410000 - 0x00007ffe7d429000 	C:\Program Files\Microsoft\jdk-17.0.8.7-hotspot\bin\net.dll
0x00007ffea9d00000 - 0x00007ffea9e36000 	C:\WINDOWS\SYSTEM32\WINHTTP.dll
0x00007ffeacc50000 - 0x00007ffeaccb9000 	C:\WINDOWS\system32\mswsock.dll
0x00007ffe66ac0000 - 0x00007ffe66ad6000 	C:\Program Files\Microsoft\jdk-17.0.8.7-hotspot\bin\nio.dll
0x00007ffea63a0000 - 0x00007ffea63b0000 	C:\Program Files\Microsoft\jdk-17.0.8.7-hotspot\bin\verify.dll
0x00007ffea6370000 - 0x00007ffea6397000 	C:\Users\Danis\.gradle\native\c067742578af261105cb4f569cf0c3c89f3d7b1fecec35dd04571415982c5e48\windows-amd64\native-platform.dll
0x00007ffe76620000 - 0x00007ffe76764000 	C:\Users\Danis\.gradle\native\38dada09dfb8b06ba9b0570ebf7e218e3eb74d4ef43ca46872605cf95ebc2f47\windows-amd64\native-platform-file-events.dll
0x00007ffe39210000 - 0x00007ffe39219000 	C:\Program Files\Microsoft\jdk-17.0.8.7-hotspot\bin\management.dll
0x00007ffe0e540000 - 0x00007ffe0e54b000 	C:\Program Files\Microsoft\jdk-17.0.8.7-hotspot\bin\management_ext.dll
0x00007ffeb01c0000 - 0x00007ffeb01c8000 	C:\WINDOWS\System32\PSAPI.DLL
0x00007ffeace70000 - 0x00007ffeace8b000 	C:\WINDOWS\SYSTEM32\CRYPTSP.dll
0x00007ffeac740000 - 0x00007ffeac775000 	C:\WINDOWS\system32\rsaenh.dll
0x00007ffeacd10000 - 0x00007ffeacd38000 	C:\WINDOWS\SYSTEM32\USERENV.dll
0x00007ffeace90000 - 0x00007ffeace9c000 	C:\WINDOWS\SYSTEM32\CRYPTBASE.dll
0x00007ffeac290000 - 0x00007ffeac2bd000 	C:\WINDOWS\SYSTEM32\IPHLPAPI.DLL
0x00007ffeae750000 - 0x00007ffeae759000 	C:\WINDOWS\System32\NSI.dll
0x00007ffea9c20000 - 0x00007ffea9c39000 	C:\WINDOWS\SYSTEM32\dhcpcsvc6.DLL
0x00007ffea9c00000 - 0x00007ffea9c1f000 	C:\WINDOWS\SYSTEM32\dhcpcsvc.DLL
0x00007ffeac2c0000 - 0x00007ffeac3b8000 	C:\WINDOWS\SYSTEM32\DNSAPI.dll
0x00007ffe0eed0000 - 0x00007ffe0eede000 	C:\Program Files\Microsoft\jdk-17.0.8.7-hotspot\bin\sunmscapi.dll
0x00007ffead7f0000 - 0x00007ffead957000 	C:\WINDOWS\System32\CRYPT32.dll
0x00007ffead0b0000 - 0x00007ffead0de000 	C:\WINDOWS\SYSTEM32\ncrypt.dll
0x00007ffead070000 - 0x00007ffead0a7000 	C:\WINDOWS\SYSTEM32\NTASN1.dll
0x00007ffe0eec0000 - 0x00007ffe0eec8000 	C:\WINDOWS\system32\wshunix.dll
0x00007ffe88ec0000 - 0x00007ffe88ed7000 	C:\WINDOWS\system32\napinsp.dll
0x00007ffe88e30000 - 0x00007ffe88e4b000 	C:\WINDOWS\system32\pnrpnsp.dll
0x00007ffe88e10000 - 0x00007ffe88e21000 	C:\WINDOWS\System32\winrnr.dll
0x00007ffe85590000 - 0x00007ffe855a5000 	C:\WINDOWS\system32\wshbth.dll
0x00007ffe84ab0000 - 0x00007ffe84ad7000 	C:\WINDOWS\system32\nlansp_c.dll
0x00007ffea8080000 - 0x00007ffea808a000 	C:\Windows\System32\rasadhlp.dll
0x00007ffea8ba0000 - 0x00007ffea8c23000 	C:\WINDOWS\System32\fwpuclnt.dll

dbghelp: loaded successfully - version: 4.0.5 - missing functions: none
symbol engine: initialized successfully - sym options: 0x614 - pdb path: .;C:\Program Files\Microsoft\jdk-17.0.8.7-hotspot\bin;C:\WINDOWS\SYSTEM32;C:\WINDOWS\WinSxS\amd64_microsoft.windows.common-controls_6595b64144ccf1df_6.0.22621.3646_none_27105dd3738543d4;C:\Program Files\Microsoft\jdk-17.0.8.7-hotspot\bin\server;C:\Users\Danis\.gradle\native\c067742578af261105cb4f569cf0c3c89f3d7b1fecec35dd04571415982c5e48\windows-amd64;C:\Users\Danis\.gradle\native\38dada09dfb8b06ba9b0570ebf7e218e3eb74d4ef43ca46872605cf95ebc2f47\windows-amd64

VM Arguments:
jvm_args: -XX:MaxMetaspaceSize=512m --add-opens=java.base/java.util=ALL-UNNAMED --add-opens=java.base/java.lang=ALL-UNNAMED --add-opens=java.base/java.lang.invoke=ALL-UNNAMED --add-opens=java.prefs/java.util.prefs=ALL-UNNAMED --add-opens=java.base/java.nio.charset=ALL-UNNAMED --add-opens=java.base/java.net=ALL-UNNAMED --add-opens=java.base/java.util.concurrent.atomic=ALL-UNNAMED -Xmx2048m -Dfile.encoding=windows-1252 -Duser.country=US -Duser.language=en -Duser.variant -javaagent:C:\Users\Danis\.gradle\wrapper\dists\gradle-8.6-all\3mbtmo166bl6vumsh5k2lkq5h\gradle-8.6\lib\agents\gradle-instrumentation-agent-8.6.jar 
java_command: org.gradle.launcher.daemon.bootstrap.GradleDaemon 8.6
java_class_path (initial): C:\Users\Danis\.gradle\wrapper\dists\gradle-8.6-all\3mbtmo166bl6vumsh5k2lkq5h\gradle-8.6\lib\gradle-launcher-8.6.jar
Launcher Type: SUN_STANDARD

[Global flags]
     intx CICompilerCount                          = 4                                         {product} {ergonomic}
   size_t CompressedClassSpaceSize                 = 436207616                                 {product} {ergonomic}
     uint ConcGCThreads                            = 2                                         {product} {ergonomic}
     uint G1ConcRefinementThreads                  = 8                                         {product} {ergonomic}
   size_t G1HeapRegionSize                         = 1048576                                   {product} {ergonomic}
    uintx GCDrainStackTargetSize                   = 64                                        {product} {ergonomic}
   size_t InitialHeapSize                          = 199229440                                 {product} {ergonomic}
   size_t MarkStackSize                            = 4194304                                   {product} {ergonomic}
   size_t MaxHeapSize                              = 2147483648                                {product} {command line}
   size_t MaxMetaspaceSize                         = 536870912                                 {product} {command line}
   size_t MaxNewSize                               = 1287651328                                {product} {ergonomic}
   size_t MinHeapDeltaBytes                        = 1048576                                   {product} {ergonomic}
   size_t MinHeapSize                              = 8388608                                   {product} {ergonomic}
    uintx NonNMethodCodeHeapSize                   = 5839372                                {pd product} {ergonomic}
    uintx NonProfiledCodeHeapSize                  = 122909434                              {pd product} {ergonomic}
    uintx ProfiledCodeHeapSize                     = 122909434                              {pd product} {ergonomic}
    uintx ReservedCodeCacheSize                    = 251658240                              {pd product} {ergonomic}
     bool SegmentedCodeCache                       = true                                      {product} {ergonomic}
   size_t SoftMaxHeapSize                          = 2147483648                             {manageable} {ergonomic}
     bool UseCompressedClassPointers               = true                           {product lp64_product} {ergonomic}
     bool UseCompressedOops                        = true                           {product lp64_product} {ergonomic}
     bool UseG1GC                                  = true                                      {product} {ergonomic}
     bool UseLargePagesIndividualAllocation        = false                                  {pd product} {ergonomic}

Logging:
Log output configuration:
 #0: stdout all=warning uptime,level,tags
 #1: stderr all=off uptime,level,tags

Environment Variables:
JAVA_HOME=C:\Program Files\Microsoft\jdk-17.0.8.7-hotspot\
CLASSPATH=D:\Photon-Pos\#2 Retailer\omniretailer\android\\gradle\wrapper\gradle-wrapper.jar
PATH=D:\Photon-Pos\#2 Retailer\omniretailer\node_modules\.bin;D:\Photon-Pos\#2 Retailer\omniretailer\node_modules\.bin;D:\Photon-Pos\#2 Retailer\node_modules\.bin;D:\Photon-Pos\node_modules\.bin;D:\node_modules\.bin;C:\Users\Danis\AppData\Roaming\nvm\v20.14.0\node_modules\npm\node_modules\@npmcli\run-script\lib\node-gyp-bin;D:\Photon-Pos\#2 Retailer\omniretailer\node_modules\.bin;D:\Photon-Pos\#2 Retailer\node_modules\.bin;D:\Photon-Pos\node_modules\.bin;D:\node_modules\.bin;C:\Users\Danis\AppData\Roaming\nvm\v20.14.0\node_modules\npm\node_modules\@npmcli\run-script\lib\node-gyp-bin;C:\Program Files\Microsoft\jdk-17.0.8.7-hotspot\bin;C:\WINDOWS\system32;C:\WINDOWS;C:\WINDOWS\System32\Wbem;C:\WINDOWS\System32\WindowsPowerShell\v1.0\;C:\WINDOWS\System32\OpenSSH\;C:\ProgramData\chocolatey\bin;C:\Users\Danis\AppData\Local\Android\Sdk\platform-tools;C:\Program Files\Git\cmd;C:\Program Files\MySQL\MySQL Server 8.0\bin;C:\Program Files\MongoDB\mongosh-1.10.1-win32-x64\bin;C:\Program Files\PuTTY\;C:\Program Files\MongoDB\Server\7.0\bin;C:\Program Files\Microsoft\jdk-11.0.18.10-hotspot\bin;C:\Program Files\HP\HP One Agent;C:\Program Files\OpenSSL-Win64\bin;C:\Users\Danis\AppData\Roaming\nvm;C:\Program Files\nodejs;C:\Users\Danis\AppData\Local\Programs\Python\Launcher\;C:\Users\Danis\AppData\Local\Android\Sdk\tools;C:\Program Files\MySQL\MySQL Shell 8.0\bin\;C:\Users\Danis\AppData\Local\Microsoft\WindowsApps;C:\Users\Danis\AppData\Local\Programs\Microsoft VS Code\bin;C:\software\mongosh-2.0.2-win32-x64\bin;C:\Users\Danis\AppData\Local\Programs\mongosh\;C:\Users\Danis\AppData\Roaming\npm;C:\Users\Danis\AppData\Roaming\nvm;C:\Program Files\nodejs;C:\Users\Danis\AppData\Local\GitHubDesktop\bin
USERNAME=Danis
LANG=en_US.UTF-8
OS=Windows_NT
PROCESSOR_IDENTIFIER=Intel64 Family 6 Model 140 Stepping 2, GenuineIntel
TMP=C:\Users\Danis\AppData\Local\Temp
TEMP=C:\Users\Danis\AppData\Local\Temp



---------------  S Y S T E M  ---------------

OS:
 Windows 11 , 64 bit Build 22621 (10.0.22621.3646)
OS uptime: 0 days 6:48 hours
Hyper-V role detected

CPU: total 8 (initial active 8) (4 cores per cpu, 2 threads per core) family 6 model 140 stepping 2 microcode 0x2c, cx8, cmov, fxsr, ht, mmx, 3dnowpref, sse, sse2, sse3, ssse3, sse4.1, sse4.2, popcnt, lzcnt, tsc, tscinvbit, avx, avx2, aes, erms, clmul, bmi1, bmi2, adx, avx512f, avx512dq, avx512cd, avx512bw, avx512vl, sha, fma, vzeroupper, avx512_vpopcntdq, avx512_vpclmulqdq, avx512_vaes, avx512_vnni, clflush, clflushopt, clwb, avx512_vbmi2, avx512_vbmi, hv
Processor Information for all 8 processors :
  Max Mhz: 2496, Current Mhz: 1497, Mhz Limit: 2496

Memory: 4k page, system-wide physical 12037M (3143M free)
TotalPageFile size 24075M (AvailPageFile size 8867M)
current process WorkingSet (physical memory assigned to process): 655M, peak: 658M
current process commit charge ("private bytes"): 720M, peak: 728M

vm_info: OpenJDK 64-Bit Server VM (17.0.8+7-LTS) for windows-amd64 JRE (17.0.8+7-LTS), built on Jul  7 2023 17:21:55 by "MicrosoftCorporation" with MS VC++ 16.10 / 16.11 (VS2019)

END.
